static const unsigned char data_dashboard_js[] = {
	/* /dashboard.js */
	0x2f, 0x64, 0x61, 0x73, 0x68, 0x62, 0x6f, 0x61, 0x72, 0x64, 0x2e, 0x6a, 0x73, 0,
	0x48, 0x54, 0x54, 0x50, 0x2f, 0x31, 0x2e, 0x30, 0x20, 0x32, 
	0x30, 0x30, 0x20, 0x4f, 0x4b, 0xd, 0xa, 0x53, 0x65, 0x72, 
	0x76, 0x65, 0x72, 0x3a, 0x20, 0x6c, 0x77, 0x49, 0x50, 0x2f, 
	0x70, 0x72, 0x65, 0x2d, 0x30, 0x2e, 0x36, 0x20, 0x28, 0x68, 
	0x74, 0x74, 0x70, 0x3a, 0x2f, 0x2f, 0x77, 0x77, 0x77, 0x2e, 
	0x73, 0x69, 0x63, 0x73, 0x2e, 0x73, 0x65, 0x2f, 0x7e, 0x61, 
	0x64, 0x61, 0x6d, 0x2f, 0x6c, 0x77, 0x69, 0x70, 0x2f, 0x29, 
	0xd, 0xa, 0x43, 0x6f, 0x6e, 0x74, 0x65, 0x6e, 0x74, 0x2d, 
	0x74, 0x79, 0x70, 0x65, 0x3a, 0x20, 0x61, 0x70, 0x70, 0x6c, 
	0x69, 0x63, 0x61, 0x74, 0x69, 0x6f, 0x6e, 0x2f, 0x6a, 0x61, 
	0x76, 0x61, 0x73, 0x63, 0x72, 0x69, 0x70, 0x74, 0xd, 0xa, 
	0xd, 0xa, 0x2f, 0x2a, 0x2a, 0xd, 0xa, 0x20, 0x2a, 0x20, 
	0x64, 0x61, 0x73, 0x68, 0x62, 0x6f, 0x61, 0x72, 0x64, 0x2e, 
	0x6a, 0x73, 0xd, 0xa, 0x20, 0x2a, 0x20, 0x55, 0x49, 0x20, 
	0x70, 0x6f, 0x6c, 0x6c, 0x69, 0x6e, 0x67, 0x20, 0x2b, 0x20, 
	0x67, 0x61, 0x75, 0x67, 0x65, 0x20, 0x72, 0x65, 0x6e, 0x64, 
	0x65, 0x72, 0x69, 0x6e, 0x67, 0x20, 0x66, 0x6f, 0x72, 0x20, 
	0x53, 0x54, 0x4d, 0x33, 0x32, 0x20, 0x44, 0x48, 0x54, 0x32, 
	0x32, 0x20, 0x64, 0x61, 0x73, 0x68, 0x62, 0x6f, 0x61, 0x72, 
	0x64, 0x2e, 0xd, 0xa, 0x20, 0x2a, 0xd, 0xa, 0x20, 0x2a, 
	0x20, 0x2d, 0x20, 0x50, 0x65, 0x72, 0x69, 0x6f, 0x64, 0x69, 
	0x63, 0x61, 0x6c, 0x6c, 0x79, 0x20, 0x66, 0x65, 0x74, 0x63, 
	0x68, 0x65, 0x73, 0x20, 0x4a, 0x53, 0x4f, 0x4e, 0x20, 0x66, 
	0x72, 0x6f, 0x6d, 0x20, 0x2f, 0x61, 0x70, 0x69, 0x2f, 0x73, 
	0x65, 0x6e, 0x73, 0x6f, 0x72, 0xd, 0xa, 0x20, 0x2a, 0x20, 
	0x2d, 0x20, 0x55, 0x70, 0x64, 0x61, 0x74, 0x65, 0x73, 0x20, 
	0x6e, 0x75, 0x6d, 0x65, 0x72, 0x69, 0x63, 0x20, 0x72, 0x65, 
	0x61, 0x64, 0x6f, 0x75, 0x74, 0x73, 0x20, 0x2b, 0x20, 0x73, 
	0x74, 0x61, 0x74, 0x75, 0x73, 0x20, 0x69, 0x6e, 0x64, 0x69, 
	0x63, 0x61, 0x74, 0x6f, 0x72, 0xd, 0xa, 0x20, 0x2a, 0x20, 
	0x2d, 0x20, 0x52, 0x65, 0x6e, 0x64, 0x65, 0x72, 0x73, 0x20, 
	0x73, 0x65, 0x6d, 0x69, 0x2d, 0x63, 0x69, 0x72, 0x63, 0x75, 
	0x6c, 0x61, 0x72, 0x20, 0x53, 0x56, 0x47, 0x20, 0x67, 0x61, 
	0x75, 0x67, 0x65, 0x73, 0x20, 0x75, 0x73, 0x69, 0x6e, 0x67, 
	0x20, 0x73, 0x74, 0x72, 0x6f, 0x6b, 0x65, 0x2d, 0x64, 0x61, 
	0x73, 0x68, 0x61, 0x72, 0x72, 0x61, 0x79, 0x20, 0x61, 0x6e, 
	0x64, 0x20, 0x6e, 0x65, 0x65, 0x64, 0x6c, 0x65, 0x20, 0x72, 
	0x6f, 0x74, 0x61, 0x74, 0x69, 0x6f, 0x6e, 0xd, 0xa, 0x20, 
	0x2a, 0x2f, 0xd, 0xa, 0xd, 0xa, 0x2f, 0x2f, 0x20, 0x3d, 
	0x3d, 0x3d, 0x3d, 0x3d, 0x3d, 0x20, 0x43, 0x4f, 0x4e, 0x46, 
	0x49, 0x47, 0x20, 0x3d, 0x3d, 0x3d, 0x3d, 0x3d, 0x3d, 0xd, 
	0xa, 0x63, 0x6f, 0x6e, 0x73, 0x74, 0x20, 0x41, 0x50, 0x49, 
	0x5f, 0x55, 0x52, 0x4c, 0x20, 0x3d, 0x20, 0x22, 0x2f, 0x61, 
	0x70, 0x69, 0x2f, 0x73, 0x65, 0x6e, 0x73, 0x6f, 0x72, 0x22, 
	0x3b, 0xd, 0xa, 0x63, 0x6f, 0x6e, 0x73, 0x74, 0x20, 0x50, 
	0x45, 0x52, 0x49, 0x4f, 0x44, 0x5f, 0x4d, 0x53, 0x20, 0x3d, 
	0x20, 0x31, 0x30, 0x30, 0x30, 0x3b, 0xd, 0xa, 0xd, 0xa, 
	0x2f, 0x2f, 0x20, 0x4d, 0x61, 0x70, 0x70, 0x69, 0x6e, 0x67, 
	0x20, 0x72, 0x61, 0x6e, 0x67, 0x65, 0x73, 0x20, 0x75, 0x73, 
	0x65, 0x64, 0x20, 0x74, 0x6f, 0x20, 0x6e, 0x6f, 0x72, 0x6d, 
	0x61, 0x6c, 0x69, 0x7a, 0x65, 0x20, 0x76, 0x61, 0x6c, 0x75, 
	0x65, 0x73, 0x20, 0x74, 0x6f, 0x20, 0x3c, 0x30, 0x2e, 0x2e, 
	0x31, 0x3e, 0xd, 0xa, 0x63, 0x6f, 0x6e, 0x73, 0x74, 0x20, 
	0x54, 0x45, 0x4d, 0x50, 0x5f, 0x4d, 0x49, 0x4e, 0x20, 0x3d, 
	0x20, 0x2d, 0x34, 0x30, 0x2c, 0x20, 0x54, 0x45, 0x4d, 0x50, 
	0x5f, 0x4d, 0x41, 0x58, 0x20, 0x3d, 0x20, 0x38, 0x30, 0x3b, 
	0xd, 0xa, 0x63, 0x6f, 0x6e, 0x73, 0x74, 0x20, 0x48, 0x55, 
	0x4d, 0x5f, 0x4d, 0x49, 0x4e, 0x20, 0x20, 0x3d, 0x20, 0x30, 
	0x2c, 0x20, 0x20, 0x20, 0x48, 0x55, 0x4d, 0x5f, 0x4d, 0x41, 
	0x58, 0x20, 0x20, 0x3d, 0x20, 0x31, 0x30, 0x30, 0x3b, 0xd, 
	0xa, 0xd, 0xa, 0x2f, 0x2f, 0x20, 0x3d, 0x3d, 0x3d, 0x3d, 
	0x3d, 0x3d, 0x20, 0x48, 0x45, 0x4c, 0x50, 0x45, 0x52, 0x53, 
	0x20, 0x3d, 0x3d, 0x3d, 0x3d, 0x3d, 0x3d, 0xd, 0xa, 0x66, 
	0x75, 0x6e, 0x63, 0x74, 0x69, 0x6f, 0x6e, 0x20, 0x63, 0x6c, 
	0x61, 0x6d, 0x70, 0x28, 0x78, 0x2c, 0x20, 0x6c, 0x6f, 0x2c, 
	0x20, 0x68, 0x69, 0x29, 0x20, 0x7b, 0x20, 0x72, 0x65, 0x74, 
	0x75, 0x72, 0x6e, 0x20, 0x4d, 0x61, 0x74, 0x68, 0x2e, 0x6d, 
	0x69, 0x6e, 0x28, 0x68, 0x69, 0x2c, 0x20, 0x4d, 0x61, 0x74, 
	0x68, 0x2e, 0x6d, 0x61, 0x78, 0x28, 0x6c, 0x6f, 0x2c, 0x20, 
	0x78, 0x29, 0x29, 0x3b, 0x20, 0x7d, 0xd, 0xa, 0x66, 0x75, 
	0x6e, 0x63, 0x74, 0x69, 0x6f, 0x6e, 0x20, 0x6c, 0x65, 0x72, 
	0x70, 0x28, 0x61, 0x2c, 0x20, 0x62, 0x2c, 0x20, 0x74, 0x29, 
	0x20, 0x20, 0x20, 0x20, 0x7b, 0x20, 0x72, 0x65, 0x74, 0x75, 
	0x72, 0x6e, 0x20, 0x61, 0x20, 0x2b, 0x20, 0x28, 0x62, 0x20, 
	0x2d, 0x20, 0x61, 0x29, 0x20, 0x2a, 0x20, 0x74, 0x3b, 0x20, 
	0x7d, 0xd, 0xa, 0xd, 0xa, 0x2f, 0x2f, 0x20, 0x43, 0x61, 
	0x63, 0x68, 0x65, 0x20, 0x44, 0x4f, 0x4d, 0x20, 0x72, 0x65, 
	0x66, 0x65, 0x72, 0x65, 0x6e, 0x63, 0x65, 0x73, 0x20, 0x28, 
	0x61, 0x76, 0x6f, 0x69, 0x64, 0x20, 0x72, 0x65, 0x70, 0x65, 
	0x61, 0x74, 0x65, 0x64, 0x20, 0x67, 0x65, 0x74, 0x45, 0x6c, 
	0x65, 0x6d, 0x65, 0x6e, 0x74, 0x42, 0x79, 0x49, 0x64, 0x20, 
	0x69, 0x6e, 0x20, 0x68, 0x6f, 0x74, 0x20, 0x70, 0x61, 0x74, 
	0x68, 0x29, 0xd, 0xa, 0x63, 0x6f, 0x6e, 0x73, 0x74, 0x20, 
	0x65, 0x6c, 0x20, 0x3d, 0x20, 0x7b, 0xd, 0xa, 0x20, 0x20, 
	0x64, 0x6f, 0x74, 0x3a, 0x20, 0x20, 0x20, 0x20, 0x20, 0x20, 
	0x20, 0x20, 0x64, 0x6f, 0x63, 0x75, 0x6d, 0x65, 0x6e, 0x74, 
	0x2e, 0x67, 0x65, 0x74, 0x45, 0x6c, 0x65, 0x6d, 0x65, 0x6e, 
	0x74, 0x42, 0x79, 0x49, 0x64, 0x28, 0x22, 0x64, 0x6f, 0x74, 
	0x22, 0x29, 0x2c, 0xd, 0xa, 0x20, 0x20, 0x73, 0x74, 0x61, 
	0x74, 0x75, 0x73, 0x54, 0x65, 0x78, 0x74, 0x3a, 0x20, 0x64, 
	0x6f, 0x63, 0x75, 0x6d, 0x65, 0x6e, 0x74, 0x2e, 0x67, 0x65, 
	0x74, 0x45, 0x6c, 0x65, 0x6d, 0x65, 0x6e, 0x74, 0x42, 0x79, 
	0x49, 0x64, 0x28, 0x22, 0x73, 0x74, 0x61, 0x74, 0x75, 0x73, 
	0x54, 0x65, 0x78, 0x74, 0x22, 0x29, 0x2c, 0xd, 0xa, 0x20, 
	0x20, 0x74, 0x56, 0x61, 0x6c, 0x3a, 0x20, 0x20, 0x20, 0x20, 
	0x20, 0x20, 0x20, 0x64, 0x6f, 0x63, 0x75, 0x6d, 0x65, 0x6e, 
	0x74, 0x2e, 0x67, 0x65, 0x74, 0x45, 0x6c, 0x65, 0x6d, 0x65, 
	0x6e, 0x74, 0x42, 0x79, 0x49, 0x64, 0x28, 0x22, 0x74, 0x56, 
	0x61, 0x6c, 0x22, 0x29, 0x2c, 0xd, 0xa, 0x20, 0x20, 0x68, 
	0x56, 0x61, 0x6c, 0x3a, 0x20, 0x20, 0x20, 0x20, 0x20, 0x20, 
	0x20, 0x64, 0x6f, 0x63, 0x75, 0x6d, 0x65, 0x6e, 0x74, 0x2e, 
	0x67, 0x65, 0x74, 0x45, 0x6c, 0x65, 0x6d, 0x65, 0x6e, 0x74, 
	0x42, 0x79, 0x49, 0x64, 0x28, 0x22, 0x68, 0x56, 0x61, 0x6c, 
	0x22, 0x29, 0x2c, 0xd, 0xa, 0x20, 0x20, 0x74, 0x48, 0x69, 
	0x6e, 0x74, 0x3a, 0x20, 0x20, 0x20, 0x20, 0x20, 0x20, 0x64, 
	0x6f, 0x63, 0x75, 0x6d, 0x65, 0x6e, 0x74, 0x2e, 0x67, 0x65, 
	0x74, 0x45, 0x6c, 0x65, 0x6d, 0x65, 0x6e, 0x74, 0x42, 0x79, 
	0x49, 0x64, 0x28, 0x22, 0x74, 0x48, 0x69, 0x6e, 0x74, 0x22, 
	0x29, 0x2c, 0xd, 0xa, 0x20, 0x20, 0x68, 0x48, 0x69, 0x6e, 
	0x74, 0x3a, 0x20, 0x20, 0x20, 0x20, 0x20, 0x20, 0x64, 0x6f, 
	0x63, 0x75, 0x6d, 0x65, 0x6e, 0x74, 0x2e, 0x67, 0x65, 0x74, 
	0x45, 0x6c, 0x65, 0x6d, 0x65, 0x6e, 0x74, 0x42, 0x79, 0x49, 
	0x64, 0x28, 0x22, 0x68, 0x48, 0x69, 0x6e, 0x74, 0x22, 0x29, 
	0x2c, 0xd, 0xa, 0x20, 0x20, 0x74, 0x52, 0x61, 0x6e, 0x67, 
	0x65, 0x3a, 0x20, 0x20, 0x20, 0x20, 0x20, 0x64, 0x6f, 0x63, 
	0x75, 0x6d, 0x65, 0x6e, 0x74, 0x2e, 0x67, 0x65, 0x74, 0x45, 
	0x6c, 0x65, 0x6d, 0x65, 0x6e, 0x74, 0x42, 0x79, 0x49, 0x64, 
	0x28, 0x22, 0x74, 0x52, 0x61, 0x6e, 0x67, 0x65, 0x22, 0x29, 
	0x2c, 0xd, 0xa, 0x20, 0x20, 0x68, 0x52, 0x61, 0x6e, 0x67, 
	0x65, 0x3a, 0x20, 0x20, 0x20, 0x20, 0x20, 0x64, 0x6f, 0x63, 
	0x75, 0x6d, 0x65, 0x6e, 0x74, 0x2e, 0x67, 0x65, 0x74, 0x45, 
	0x6c, 0x65, 0x6d, 0x65, 0x6e, 0x74, 0x42, 0x79, 0x49, 0x64, 
	0x28, 0x22, 0x68, 0x52, 0x61, 0x6e, 0x67, 0x65, 0x22, 0x29, 
	0x2c, 0xd, 0xa, 0x20, 0x20, 0x74, 0x41, 0x72, 0x63, 0x3a, 
	0x20, 0x20, 0x20, 0x20, 0x20, 0x20, 0x20, 0x64, 0x6f, 0x63, 
	0x75, 0x6d, 0x65, 0x6e, 0x74, 0x2e, 0x67, 0x65, 0x74, 0x45, 
	0x6c, 0x65, 0x6d, 0x65, 0x6e, 0x74, 0x42, 0x79, 0x49, 0x64, 
	0x28, 0x22, 0x74, 0x41, 0x72, 0x63, 0x22, 0x29, 0x2c, 0xd, 
	0xa, 0x20, 0x20, 0x68, 0x41, 0x72, 0x63, 0x3a, 0x20, 0x20, 
	0x20, 0x20, 0x20, 0x20, 0x20, 0x64, 0x6f, 0x63, 0x75, 0x6d, 
	0x65, 0x6e, 0x74, 0x2e, 0x67, 0x65, 0x74, 0x45, 0x6c, 0x65, 
	0x6d, 0x65, 0x6e, 0x74, 0x42, 0x79, 0x49, 0x64, 0x28, 0x22, 
	0x68, 0x41, 0x72, 0x63, 0x22, 0x29, 0x2c, 0xd, 0xa, 0x20, 
	0x20, 0x74, 0x4e, 0x65, 0x65, 0x64, 0x6c, 0x65, 0x3a, 0x20, 
	0x20, 0x20, 0x20, 0x64, 0x6f, 0x63, 0x75, 0x6d, 0x65, 0x6e, 
	0x74, 0x2e, 0x67, 0x65, 0x74, 0x45, 0x6c, 0x65, 0x6d, 0x65, 
	0x6e, 0x74, 0x42, 0x79, 0x49, 0x64, 0x28, 0x22, 0x74, 0x4e, 
	0x65, 0x65, 0x64, 0x6c, 0x65, 0x22, 0x29, 0x2c, 0xd, 0xa, 
	0x20, 0x20, 0x68, 0x4e, 0x65, 0x65, 0x64, 0x6c, 0x65, 0x3a, 
	0x20, 0x20, 0x20, 0x20, 0x64, 0x6f, 0x63, 0x75, 0x6d, 0x65, 
	0x6e, 0x74, 0x2e, 0x67, 0x65, 0x74, 0x45, 0x6c, 0x65, 0x6d, 
	0x65, 0x6e, 0x74, 0x42, 0x79, 0x49, 0x64, 0x28, 0x22, 0x68, 
	0x4e, 0x65, 0x65, 0x64, 0x6c, 0x65, 0x22, 0x29, 0x2c, 0xd, 
	0xa, 0x7d, 0x3b, 0xd, 0xa, 0xd, 0xa, 0x2f, 0x2f, 0x20, 
	0x43, 0x61, 0x63, 0x68, 0x65, 0x20, 0x61, 0x72, 0x63, 0x20, 
	0x6c, 0x65, 0x6e, 0x67, 0x74, 0x68, 0x73, 0x20, 0x6f, 0x6e, 
	0x63, 0x65, 0x20, 0x28, 0x53, 0x56, 0x47, 0x20, 0x70, 0x61, 
	0x74, 0x68, 0x20, 0x6c, 0x65, 0x6e, 0x67, 0x74, 0x68, 0x20, 
	0x69, 0x73, 0x20, 0x63, 0x6f, 0x6e, 0x73, 0x74, 0x61, 0x6e, 
	0x74, 0x29, 0xd, 0xa, 0x63, 0x6f, 0x6e, 0x73, 0x74, 0x20, 
	0x61, 0x72, 0x63, 0x4c, 0x65, 0x6e, 0x20, 0x3d, 0x20, 0x7b, 
	0xd, 0xa, 0x20, 0x20, 0x74, 0x3a, 0x20, 0x65, 0x6c, 0x2e, 
	0x74, 0x41, 0x72, 0x63, 0x2e, 0x67, 0x65, 0x74, 0x54, 0x6f, 
	0x74, 0x61, 0x6c, 0x4c, 0x65, 0x6e, 0x67, 0x74, 0x68, 0x28, 
	0x29, 0x2c, 0xd, 0xa, 0x20, 0x20, 0x68, 0x3a, 0x20, 0x65, 
	0x6c, 0x2e, 0x68, 0x41, 0x72, 0x63, 0x2e, 0x67, 0x65, 0x74, 
	0x54, 0x6f, 0x74, 0x61, 0x6c, 0x4c, 0x65, 0x6e, 0x67, 0x74, 
	0x68, 0x28, 0x29, 0x2c, 0xd, 0xa, 0x7d, 0x3b, 0xd, 0xa, 
	0xd, 0xa, 0x2f, 0x2a, 0x2a, 0xd, 0xa, 0x20, 0x2a, 0x20, 
	0x40, 0x62, 0x72, 0x69, 0x65, 0x66, 0x20, 0x53, 0x65, 0x74, 
	0x20, 0x67, 0x61, 0x75, 0x67, 0x65, 0x20, 0x61, 0x72, 0x63, 
	0x20, 0x66, 0x69, 0x6c, 0x6c, 0x20, 0x75, 0x73, 0x69, 0x6e, 
	0x67, 0x20, 0x73, 0x74, 0x72, 0x6f, 0x6b, 0x65, 0x2d, 0x64, 
	0x61, 0x73, 0x68, 0x61, 0x72, 0x72, 0x61, 0x79, 0x2e, 0xd, 
	0xa, 0x20, 0x2a, 0x20, 0x40, 0x70, 0x61, 0x72, 0x61, 0x6d, 
	0x20, 0x7b, 0x53, 0x56, 0x47, 0x50, 0x61, 0x74, 0x68, 0x45, 
	0x6c, 0x65, 0x6d, 0x65, 0x6e, 0x74, 0x7d, 0x20, 0x70, 0x61, 
	0x74, 0x68, 0xd, 0xa, 0x20, 0x2a, 0x20, 0x40, 0x70, 0x61, 
	0x72, 0x61, 0x6d, 0x20, 0x7b, 0x6e, 0x75, 0x6d, 0x62, 0x65, 
	0x72, 0x7d, 0x20, 0x4c, 0x20, 0x54, 0x6f, 0x74, 0x61, 0x6c, 
	0x20, 0x70, 0x61, 0x74, 0x68, 0x20, 0x6c, 0x65, 0x6e, 0x67, 
	0x74, 0x68, 0xd, 0xa, 0x20, 0x2a, 0x20, 0x40, 0x70, 0x61, 
	0x72, 0x61, 0x6d, 0x20, 0x7b, 0x6e, 0x75, 0x6d, 0x62, 0x65, 
	0x72, 0x7d, 0x20, 0x74, 0x30, 0x31, 0x20, 0x4e, 0x6f, 0x72, 
	0x6d, 0x61, 0x6c, 0x69, 0x7a, 0x65, 0x64, 0x20, 0x76, 0x61, 
	0x6c, 0x75, 0x65, 0x20, 0x69, 0x6e, 0x20, 0x72, 0x61, 0x6e, 
	0x67, 0x65, 0x20, 0x3c, 0x30, 0x2e, 0x2e, 0x31, 0x3e, 0xd, 
	0xa, 0x20, 0x2a, 0x2f, 0xd, 0xa, 0x66, 0x75, 0x6e, 0x63, 
	0x74, 0x69, 0x6f, 0x6e, 0x20, 0x73, 0x65, 0x74, 0x41, 0x72, 
	0x63, 0x28, 0x70, 0x61, 0x74, 0x68, 0x2c, 0x20, 0x4c, 0x2c, 
	0x20, 0x74, 0x30, 0x31, 0x29, 0x20, 0x7b, 0xd, 0xa, 0x20, 
	0x20, 0x63, 0x6f, 0x6e, 0x73, 0x74, 0x20, 0x76, 0x61, 0x6c, 
	0x20, 0x3d, 0x20, 0x63, 0x6c, 0x61, 0x6d, 0x70, 0x28, 0x74, 
	0x30, 0x31, 0x2c, 0x20, 0x30, 0x2c, 0x20, 0x31, 0x29, 0x20, 
	0x2a, 0x20, 0x4c, 0x3b, 0xd, 0xa, 0x20, 0x20, 0x70, 0x61, 
	0x74, 0x68, 0x2e, 0x73, 0x74, 0x79, 0x6c, 0x65, 0x2e, 0x73, 
	0x74, 0x72, 0x6f, 0x6b, 0x65, 0x44, 0x61, 0x73, 0x68, 0x61, 
	0x72, 0x72, 0x61, 0x79, 0x20, 0x3d, 0x20, 0x60, 0x24, 0x7b, 
	0x76, 0x61, 0x6c, 0x7d, 0x20, 0x39, 0x39, 0x39, 0x39, 0x60, 
	0x3b, 0xd, 0xa, 0x7d, 0xd, 0xa, 0xd, 0xa, 0x2f, 0x2a, 
	0x2a, 0xd, 0xa, 0x20, 0x2a, 0x20, 0x40, 0x62, 0x72, 0x69, 
	0x65, 0x66, 0x20, 0x52, 0x6f, 0x74, 0x61, 0x74, 0x65, 0x20, 
	0x67, 0x61, 0x75, 0x67, 0x65, 0x20, 0x6e, 0x65, 0x65, 0x64, 
	0x6c, 0x65, 0x20, 0x62, 0x61, 0x73, 0x65, 0x64, 0x20, 0x6f, 
	0x6e, 0x20, 0x6e, 0x6f, 0x72, 0x6d, 0x61, 0x6c, 0x69, 0x7a, 
	0x65, 0x64, 0x20, 0x76, 0x61, 0x6c, 0x75, 0x65, 0x2e, 0xd, 
	0xa, 0x20, 0x2a, 0xd, 0xa, 0x20, 0x2a, 0x20, 0x4e, 0x65, 
	0x65, 0x64, 0x6c, 0x65, 0x20, 0x72, 0x6f, 0x74, 0x61, 0x74, 
	0x69, 0x6f, 0x6e, 0x20, 0x72, 0x61, 0x6e, 0x67, 0x65, 0x3a, 
	0xd, 0xa, 0x20, 0x2a, 0x20, 0x20, 0x2d, 0x39, 0x30, 0xc2, 
	0xb0, 0x20, 0x28, 0x6c, 0x65, 0x66, 0x74, 0x29, 0x20, 0x2d, 
	0x3e, 0x20, 0x2b, 0x39, 0x30, 0xc2, 0xb0, 0x20, 0x28, 0x72, 
	0x69, 0x67, 0x68, 0x74, 0x29, 0xd, 0xa, 0x20, 0x2a, 0xd, 
	0xa, 0x20, 0x2a, 0x20, 0x50, 0x69, 0x76, 0x6f, 0x74, 0x20, 
	0x70, 0x6f, 0x69, 0x6e, 0x74, 0x20, 0x69, 0x73, 0x20, 0x74, 
	0x61, 0x6b, 0x65, 0x6e, 0x20, 0x66, 0x72, 0x6f, 0x6d, 0x20, 
	0x74, 0x68, 0x65, 0x20, 0x53, 0x56, 0x47, 0x20, 0x67, 0x72, 
	0x6f, 0x75, 0x70, 0x20, 0x74, 0x72, 0x61, 0x6e, 0x73, 0x6c, 
	0x61, 0x74, 0x69, 0x6f, 0x6e, 0x20, 0x63, 0x75, 0x72, 0x72, 
	0x65, 0x6e, 0x74, 0x6c, 0x79, 0x20, 0x70, 0x72, 0x65, 0x73, 
	0x65, 0x6e, 0x74, 0xd, 0xa, 0x20, 0x2a, 0x20, 0x69, 0x6e, 
	0x20, 0x74, 0x68, 0x65, 0x20, 0x44, 0x4f, 0x4d, 0x20, 0x28, 
	0x74, 0x72, 0x61, 0x6e, 0x73, 0x6c, 0x61, 0x74, 0x65, 0x28, 
	0x63, 0x78, 0x20, 0x63, 0x79, 0x29, 0x29, 0x2e, 0x20, 0x54, 
	0x68, 0x69, 0x73, 0x20, 0x61, 0x76, 0x6f, 0x69, 0x64, 0x73, 
	0x20, 0x68, 0x61, 0x72, 0x64, 0x63, 0x6f, 0x64, 0x69, 0x6e, 
	0x67, 0x20, 0x31, 0x31, 0x30, 0x2f, 0x31, 0x32, 0x30, 0x2e, 
	0xd, 0xa, 0x20, 0x2a, 0x2f, 0xd, 0xa, 0x66, 0x75, 0x6e, 
	0x63, 0x74, 0x69, 0x6f, 0x6e, 0x20, 0x73, 0x65, 0x74, 0x4e, 
	0x65, 0x65, 0x64, 0x6c, 0x65, 0x28, 0x6e, 0x65, 0x65, 0x64, 
	0x6c, 0x65, 0x47, 0x72, 0x6f, 0x75, 0x70, 0x2c, 0x20, 0x74, 
	0x30, 0x31, 0x29, 0x20, 0x7b, 0xd, 0xa, 0x20, 0x20, 0x63, 
	0x6f, 0x6e, 0x73, 0x74, 0x20, 0x64, 0x65, 0x67, 0x20, 0x3d, 
	0x20, 0x6c, 0x65, 0x72, 0x70, 0x28, 0x2d, 0x39, 0x30, 0x2c, 
	0x20, 0x39, 0x30, 0x2c, 0x20, 0x63, 0x6c, 0x61, 0x6d, 0x70, 
	0x28, 0x74, 0x30, 0x31, 0x2c, 0x20, 0x30, 0x2c, 0x20, 0x31, 
	0x29, 0x29, 0x3b, 0xd, 0xa, 0xd, 0xa, 0x20, 0x20, 0x2f, 
	0x2f, 0x20, 0x52, 0x65, 0x61, 0x64, 0x20, 0x74, 0x68, 0x65, 
	0x20, 0x65, 0x78, 0x69, 0x73, 0x74, 0x69, 0x6e, 0x67, 0x20, 
	0x74, 0x72, 0x61, 0x6e, 0x73, 0x6c, 0x61, 0x74, 0x65, 0x28, 
	0x63, 0x78, 0x20, 0x63, 0x79, 0x29, 0x20, 0x66, 0x72, 0x6f, 
	0x6d, 0x20, 0x74, 0x68, 0x65, 0x20, 0x65, 0x6c, 0x65, 0x6d, 
	0x65, 0x6e, 0x74, 0x27, 0x73, 0x20, 0x63, 0x75, 0x72, 0x72, 
	0x65, 0x6e, 0x74, 0x20, 0x74, 0x72, 0x61, 0x6e, 0x73, 0x66, 
	0x6f, 0x72, 0x6d, 0x2e, 0xd, 0xa, 0x20, 0x20, 0x2f, 0x2f, 
	0x20, 0x45, 0x78, 0x70, 0x65, 0x63, 0x74, 0x65, 0x64, 0x20, 
	0x66, 0x6f, 0x72, 0x6d, 0x61, 0x74, 0x3a, 0x20, 0x22, 0x74, 
	0x72, 0x61, 0x6e, 0x73, 0x6c, 0x61, 0x74, 0x65, 0x28, 0x63, 
	0x78, 0x20, 0x63, 0x79, 0x29, 0x20, 0x72, 0x6f, 0x74, 0x61, 
	0x74, 0x65, 0x28, 0x78, 0x29, 0x22, 0xd, 0xa, 0x20, 0x20, 
	0x63, 0x6f, 0x6e, 0x73, 0x74, 0x20, 0x74, 0x72, 0x20, 0x3d, 
	0x20, 0x6e, 0x65, 0x65, 0x64, 0x6c, 0x65, 0x47, 0x72, 0x6f, 
	0x75, 0x70, 0x2e, 0x67, 0x65, 0x74, 0x41, 0x74, 0x74, 0x72, 
	0x69, 0x62, 0x75, 0x74, 0x65, 0x28, 0x22, 0x74, 0x72, 0x61, 
	0x6e, 0x73, 0x66, 0x6f, 0x72, 0x6d, 0x22, 0x29, 0x20, 0x7c, 
	0x7c, 0x20, 0x22, 0x74, 0x72, 0x61, 0x6e, 0x73, 0x6c, 0x61, 
	0x74, 0x65, 0x28, 0x31, 0x31, 0x30, 0x20, 0x31, 0x32, 0x30, 
	0x29, 0x20, 0x72, 0x6f, 0x74, 0x61, 0x74, 0x65, 0x28, 0x30, 
	0x29, 0x22, 0x3b, 0xd, 0xa, 0x20, 0x20, 0x63, 0x6f, 0x6e, 
	0x73, 0x74, 0x20, 0x6d, 0x20, 0x3d, 0x20, 0x74, 0x72, 0x2e, 
	0x6d, 0x61, 0x74, 0x63, 0x68, 0x28, 0x2f, 0x74, 0x72, 0x61, 
	0x6e, 0x73, 0x6c, 0x61, 0x74, 0x65, 0x5c, 0x28, 0x5c, 0x73, 
	0x2a, 0x28, 0x5b, 0x2d, 0x5c, 0x64, 0x2e, 0x5d, 0x2b, 0x29, 
	0x5c, 0x73, 0x2b, 0x28, 0x5b, 0x2d, 0x5c, 0x64, 0x2e, 0x5d, 
	0x2b, 0x29, 0x5c, 0x73, 0x2a, 0x5c, 0x29, 0x2f, 0x29, 0x3b, 
	0xd, 0xa, 0xd, 0xa, 0x20, 0x20, 0x63, 0x6f, 0x6e, 0x73, 
	0x74, 0x20, 0x63, 0x78, 0x20, 0x3d, 0x20, 0x6d, 0x20, 0x3f, 
	0x20, 0x6d, 0x5b, 0x31, 0x5d, 0x20, 0x3a, 0x20, 0x31, 0x31, 
	0x30, 0x3b, 0xd, 0xa, 0x20, 0x20, 0x63, 0x6f, 0x6e, 0x73, 
	0x74, 0x20, 0x63, 0x79, 0x20, 0x3d, 0x20, 0x6d, 0x20, 0x3f, 
	0x20, 0x6d, 0x5b, 0x32, 0x5d, 0x20, 0x3a, 0x20, 0x31, 0x32, 
	0x30, 0x3b, 0xd, 0xa, 0xd, 0xa, 0x20, 0x20, 0x6e, 0x65, 
	0x65, 0x64, 0x6c, 0x65, 0x47, 0x72, 0x6f, 0x75, 0x70, 0x2e, 
	0x73, 0x65, 0x74, 0x41, 0x74, 0x74, 0x72, 0x69, 0x62, 0x75, 
	0x74, 0x65, 0x28, 0x22, 0x74, 0x72, 0x61, 0x6e, 0x73, 0x66, 
	0x6f, 0x72, 0x6d, 0x22, 0x2c, 0x20, 0x60, 0x74, 0x72, 0x61, 
	0x6e, 0x73, 0x6c, 0x61, 0x74, 0x65, 0x28, 0x24, 0x7b, 0x63, 
	0x78, 0x7d, 0x20, 0x24, 0x7b, 0x63, 0x79, 0x7d, 0x29, 0x20, 
	0x72, 0x6f, 0x74, 0x61, 0x74, 0x65, 0x28, 0x24, 0x7b, 0x64, 
	0x65, 0x67, 0x7d, 0x29, 0x60, 0x29, 0x3b, 0xd, 0xa, 0x7d, 
	0xd, 0xa, 0xd, 0xa, 0x66, 0x75, 0x6e, 0x63, 0x74, 0x69, 
	0x6f, 0x6e, 0x20, 0x73, 0x65, 0x74, 0x53, 0x74, 0x61, 0x74, 
	0x75, 0x73, 0x28, 0x6f, 0x6b, 0x2c, 0x20, 0x74, 0x65, 0x78, 
	0x74, 0x29, 0x20, 0x7b, 0xd, 0xa, 0x20, 0x20, 0x65, 0x6c, 
	0x2e, 0x64, 0x6f, 0x74, 0x2e, 0x63, 0x6c, 0x61, 0x73, 0x73, 
	0x4c, 0x69, 0x73, 0x74, 0x2e, 0x74, 0x6f, 0x67, 0x67, 0x6c, 
	0x65, 0x28, 0x22, 0x6f, 0x6b, 0x22, 0x2c, 0x20, 0x6f, 0x6b, 
	0x29, 0x3b, 0xd, 0xa, 0x20, 0x20, 0x65, 0x6c, 0x2e, 0x64, 
	0x6f, 0x74, 0x2e, 0x63, 0x6c, 0x61, 0x73, 0x73, 0x4c, 0x69, 
	0x73, 0x74, 0x2e, 0x74, 0x6f, 0x67, 0x67, 0x6c, 0x65, 0x28, 
	0x22, 0x62, 0x61, 0x64, 0x22, 0x2c, 0x20, 0x21, 0x6f, 0x6b, 
	0x29, 0x3b, 0xd, 0xa, 0x20, 0x20, 0x65, 0x6c, 0x2e, 0x73, 
	0x74, 0x61, 0x74, 0x75, 0x73, 0x54, 0x65, 0x78, 0x74, 0x2e, 
	0x74, 0x65, 0x78, 0x74, 0x43, 0x6f, 0x6e, 0x74, 0x65, 0x6e, 
	0x74, 0x20, 0x3d, 0x20, 0x74, 0x65, 0x78, 0x74, 0x3b, 0xd, 
	0xa, 0x7d, 0xd, 0xa, 0xd, 0xa, 0x66, 0x75, 0x6e, 0x63, 
	0x74, 0x69, 0x6f, 0x6e, 0x20, 0x63, 0x6c, 0x61, 0x73, 0x73, 
	0x69, 0x66, 0x79, 0x54, 0x65, 0x6d, 0x70, 0x28, 0x74, 0x29, 
	0x20, 0x7b, 0xd, 0xa, 0x20, 0x20, 0x69, 0x66, 0x20, 0x28, 
	0x74, 0x20, 0x3c, 0x20, 0x31, 0x38, 0x29, 0x20, 0x72, 0x65, 
	0x74, 0x75, 0x72, 0x6e, 0x20, 0x22, 0x43, 0x6f, 0x6c, 0x64, 
	0x22, 0x3b, 0xd, 0xa, 0x20, 0x20, 0x69, 0x66, 0x20, 0x28, 
	0x74, 0x20, 0x3c, 0x20, 0x32, 0x36, 0x29, 0x20, 0x72, 0x65, 
	0x74, 0x75, 0x72, 0x6e, 0x20, 0x22, 0x4e, 0x6f, 0x72, 0x6d, 
	0x61, 0x6c, 0x22, 0x3b, 0xd, 0xa, 0x20, 0x20, 0x69, 0x66, 
	0x20, 0x28, 0x74, 0x20, 0x3c, 0x20, 0x33, 0x32, 0x29, 0x20, 
	0x72, 0x65, 0x74, 0x75, 0x72, 0x6e, 0x20, 0x22, 0x57, 0x61, 
	0x72, 0x6d, 0x22, 0x3b, 0xd, 0xa, 0x20, 0x20, 0x72, 0x65, 
	0x74, 0x75, 0x72, 0x6e, 0x20, 0x22, 0x48, 0x6f, 0x74, 0x22, 
	0x3b, 0xd, 0xa, 0x7d, 0xd, 0xa, 0xd, 0xa, 0x66, 0x75, 
	0x6e, 0x63, 0x74, 0x69, 0x6f, 0x6e, 0x20, 0x63, 0x6c, 0x61, 
	0x73, 0x73, 0x69, 0x66, 0x79, 0x48, 0x75, 0x6d, 0x28, 0x68, 
	0x29, 0x20, 0x7b, 0xd, 0xa, 0x20, 0x20, 0x69, 0x66, 0x20, 
	0x28, 0x68, 0x20, 0x3c, 0x20, 0x35, 0x30, 0x29, 0x20, 0x72, 
	0x65, 0x74, 0x75, 0x72, 0x6e, 0x20, 0x22, 0x44, 0x72, 0x79, 
	0x22, 0x3b, 0xd, 0xa, 0x20, 0x20, 0x69, 0x66, 0x20, 0x28, 
	0x68, 0x20, 0x3c, 0x20, 0x37, 0x35, 0x29, 0x20, 0x72, 0x65, 
	0x74, 0x75, 0x72, 0x6e, 0x20, 0x22, 0x4e, 0x6f, 0x72, 0x6d, 
	0x61, 0x6c, 0x22, 0x3b, 0xd, 0xa, 0x20, 0x20, 0x72, 0x65, 
	0x74, 0x75, 0x72, 0x6e, 0x20, 0x22, 0x48, 0x75, 0x6d, 0x69, 
	0x64, 0x22, 0x3b, 0xd, 0xa, 0x7d, 0xd, 0xa, 0xd, 0xa, 
	0x2f, 0x2a, 0x2a, 0xd, 0xa, 0x20, 0x2a, 0x20, 0x40, 0x62, 
	0x72, 0x69, 0x65, 0x66, 0x20, 0x52, 0x65, 0x73, 0x65, 0x74, 
	0x20, 0x64, 0x61, 0x73, 0x68, 0x62, 0x6f, 0x61, 0x72, 0x64, 
	0x20, 0x72, 0x65, 0x61, 0x64, 0x6f, 0x75, 0x74, 0x73, 0x20, 
	0x61, 0x6e, 0x64, 0x20, 0x67, 0x61, 0x75, 0x67, 0x65, 0x73, 
	0x20, 0x74, 0x6f, 0x20, 0x61, 0x6e, 0x20, 0x22, 0x75, 0x6e, 
	0x6b, 0x6e, 0x6f, 0x77, 0x6e, 0x22, 0x20, 0x73, 0x74, 0x61, 
	0x74, 0x65, 0x2e, 0xd, 0xa, 0x20, 0x2a, 0xd, 0xa, 0x20, 
	0x2a, 0x20, 0x40, 0x64, 0x65, 0x74, 0x61, 0x69, 0x6c, 0x73, 
	0xd, 0xa, 0x20, 0x2a, 0x20, 0x55, 0x73, 0x65, 0x64, 0x20, 
	0x77, 0x68, 0x65, 0x6e, 0x20, 0x73, 0x65, 0x6e, 0x73, 0x6f, 
	0x72, 0x20, 0x64, 0x61, 0x74, 0x61, 0x20, 0x69, 0x73, 0x20, 
	0x75, 0x6e, 0x61, 0x76, 0x61, 0x69, 0x6c, 0x61, 0x62, 0x6c, 
	0x65, 0x20, 0x6f, 0x72, 0x20, 0x69, 0x6e, 0x76, 0x61, 0x6c, 
	0x69, 0x64, 0x20, 0x28, 0x48, 0x54, 0x54, 0x50, 0x2f, 0x4a, 
	0x53, 0x4f, 0x4e, 0x20, 0x65, 0x72, 0x72, 0x6f, 0x72, 0x73, 
	0x29, 0x2e, 0xd, 0xa, 0x20, 0x2a, 0x20, 0x50, 0x72, 0x65, 
	0x76, 0x65, 0x6e, 0x74, 0x73, 0x20, 0x73, 0x68, 0x6f, 0x77, 
	0x69, 0x6e, 0x67, 0x20, 0x4e, 0x61, 0x4e, 0x20, 0x61, 0x6e, 
	0x64, 0x20, 0x6d, 0x61, 0x6b, 0x65, 0x73, 0x20, 0x74, 0x68, 
	0x65, 0x20, 0x55, 0x49, 0x20, 0x64, 0x65, 0x74, 0x65, 0x72, 
	0x6d, 0x69, 0x6e, 0x69, 0x73, 0x74, 0x69, 0x63, 0x20, 0x69, 
	0x6e, 0x20, 0x65, 0x72, 0x72, 0x6f, 0x72, 0x20, 0x73, 0x63, 
	0x65, 0x6e, 0x61, 0x72, 0x69, 0x6f, 0x73, 0x2e, 0xd, 0xa, 
	0x20, 0x2a, 0x2f, 0xd, 0xa, 0x66, 0x75, 0x6e, 0x63, 0x74, 
	0x69, 0x6f, 0x6e, 0x20, 0x72, 0x65, 0x73, 0x65, 0x74, 0x55, 
	0x49, 0x28, 0x29, 0x20, 0x7b, 0xd, 0xa, 0x20, 0x20, 0x2f, 
	0x2f, 0x20, 0x4e, 0x75, 0x6d, 0x65, 0x72, 0x69, 0x63, 0x20, 
	0x76, 0x61, 0x6c, 0x75, 0x65, 0x73, 0x3a, 0x20, 0x65, 0x6d, 
	0x20, 0x64, 0x61, 0x73, 0x68, 0x20, 0x69, 0x73, 0x20, 0x61, 
	0x20, 0x63, 0x6f, 0x6d, 0x6d, 0x6f, 0x6e, 0x20, 0x22, 0x6e, 
	0x6f, 0x20, 0x64, 0x61, 0x74, 0x61, 0x22, 0x20, 0x70, 0x6c, 
	0x61, 0x63, 0x65, 0x68, 0x6f, 0x6c, 0x64, 0x65, 0x72, 0xd, 
	0xa, 0x20, 0x20, 0x65, 0x6c, 0x2e, 0x74, 0x56, 0x61, 0x6c, 
	0x2e, 0x74, 0x65, 0x78, 0x74, 0x43, 0x6f, 0x6e, 0x74, 0x65, 
	0x6e, 0x74, 0x20, 0x3d, 0x20, 0x22, 0x2d, 0x2d, 0x2e, 0x2d, 
	0x22, 0x3b, 0xd, 0xa, 0x20, 0x20, 0x65, 0x6c, 0x2e, 0x68, 
	0x56, 0x61, 0x6c, 0x2e, 0x74, 0x65, 0x78, 0x74, 0x43, 0x6f, 
	0x6e, 0x74, 0x65, 0x6e, 0x74, 0x20, 0x3d, 0x20, 0x22, 0x2d, 
	0x2d, 0x2e, 0x2d, 0x22, 0x3b, 0xd, 0xa, 0xd, 0xa, 0x20, 
	0x20, 0x2f, 0x2f, 0x20, 0x48, 0x69, 0x6e, 0x74, 0x73, 0x20, 
	0x2f, 0x20, 0x63, 0x6c, 0x61, 0x73, 0x73, 0x69, 0x66, 0x69, 
	0x63, 0x61, 0x74, 0x69, 0x6f, 0x6e, 0x73, 0xd, 0xa, 0x20, 
	0x20, 0x65, 0x6c, 0x2e, 0x74, 0x48, 0x69, 0x6e, 0x74, 0x2e, 
	0x74, 0x65, 0x78, 0x74, 0x43, 0x6f, 0x6e, 0x74, 0x65, 0x6e, 
	0x74, 0x20, 0x3d, 0x20, 0x22, 0x4e, 0x2f, 0x41, 0x22, 0x3b, 
	0xd, 0xa, 0x20, 0x20, 0x65, 0x6c, 0x2e, 0x68, 0x48, 0x69, 
	0x6e, 0x74, 0x2e, 0x74, 0x65, 0x78, 0x74, 0x43, 0x6f, 0x6e, 
	0x74, 0x65, 0x6e, 0x74, 0x20, 0x3d, 0x20, 0x22, 0x4e, 0x2f, 
	0x41, 0x22, 0x3b, 0xd, 0xa, 0xd, 0xa, 0x20, 0x20, 0x2f, 
	0x2f, 0x20, 0x47, 0x61, 0x75, 0x67, 0x65, 0x73, 0x3a, 0x20, 
	0x63, 0x6c, 0x65, 0x61, 0x72, 0x20, 0x66, 0x69, 0x6c, 0x6c, 
	0x20, 0x61, 0x6e, 0x64, 0x20, 0x73, 0x65, 0x74, 0x20, 0x6e, 
	0x65, 0x65, 0x64, 0x6c, 0x65, 0x20, 0x74, 0x6f, 0x20, 0x74, 
	0x68, 0x65, 0x20, 0x6c, 0x65, 0x66, 0x74, 0x6d, 0x6f, 0x73, 
	0x74, 0x20, 0x70, 0x6f, 0x73, 0x69, 0x74, 0x69, 0x6f, 0x6e, 
	0xd, 0xa, 0x20, 0x20, 0x73, 0x65, 0x74, 0x41, 0x72, 0x63, 
	0x28, 0x65, 0x6c, 0x2e, 0x74, 0x41, 0x72, 0x63, 0x2c, 0x20, 
	0x61, 0x72, 0x63, 0x4c, 0x65, 0x6e, 0x2e, 0x74, 0x2c, 0x20, 
	0x30, 0x29, 0x3b, 0xd, 0xa, 0x20, 0x20, 0x73, 0x65, 0x74, 
	0x4e, 0x65, 0x65, 0x64, 0x6c, 0x65, 0x28, 0x65, 0x6c, 0x2e, 
	0x74, 0x4e, 0x65, 0x65, 0x64, 0x6c, 0x65, 0x2c, 0x20, 0x30, 
	0x29, 0x3b, 0xd, 0xa, 0xd, 0xa, 0x20, 0x20, 0x73, 0x65, 
	0x74, 0x41, 0x72, 0x63, 0x28, 0x65, 0x6c, 0x2e, 0x68, 0x41, 
	0x72, 0x63, 0x2c, 0x20, 0x61, 0x72, 0x63, 0x4c, 0x65, 0x6e, 
	0x2e, 0x68, 0x2c, 0x20, 0x30, 0x29, 0x3b, 0xd, 0xa, 0x20, 
	0x20, 0x73, 0x65, 0x74, 0x4e, 0x65, 0x65, 0x64, 0x6c, 0x65, 
	0x28, 0x65, 0x6c, 0x2e, 0x68, 0x4e, 0x65, 0x65, 0x64, 0x6c, 
	0x65, 0x2c, 0x20, 0x30, 0x29, 0x3b, 0xd, 0xa, 0x7d, 0xd, 
	0xa, 0xd, 0xa, 0x2f, 0x2a, 0x2a, 0xd, 0xa, 0x20, 0x2a, 
	0x20, 0x40, 0x62, 0x72, 0x69, 0x65, 0x66, 0x20, 0x55, 0x70, 
	0x64, 0x61, 0x74, 0x65, 0x20, 0x64, 0x61, 0x73, 0x68, 0x62, 
	0x6f, 0x61, 0x72, 0x64, 0x20, 0x55, 0x49, 0x20, 0x61, 0x6e, 
	0x64, 0x20, 0x67, 0x61, 0x75, 0x67, 0x65, 0x73, 0x20, 0x75, 
	0x73, 0x69, 0x6e, 0x67, 0x20, 0x63, 0x75, 0x72, 0x72, 0x65, 
	0x6e, 0x74, 0x20, 0x72, 0x65, 0x61, 0x64, 0x69, 0x6e, 0x67, 
	0x73, 0x2e, 0xd, 0xa, 0x20, 0x2a, 0x2f, 0xd, 0xa, 0x66, 
	0x75, 0x6e, 0x63, 0x74, 0x69, 0x6f, 0x6e, 0x20, 0x75, 0x70, 
	0x64, 0x61, 0x74, 0x65, 0x55, 0x49, 0x28, 0x74, 0x65, 0x6d, 
	0x70, 0x2c, 0x20, 0x68, 0x75, 0x6d, 0x29, 0x20, 0x7b, 0xd, 
	0xa, 0x20, 0x20, 0x65, 0x6c, 0x2e, 0x74, 0x56, 0x61, 0x6c, 
	0x2e, 0x74, 0x65, 0x78, 0x74, 0x43, 0x6f, 0x6e, 0x74, 0x65, 
	0x6e, 0x74, 0x20, 0x3d, 0x20, 0x4e, 0x75, 0x6d, 0x62, 0x65, 
	0x72, 0x28, 0x74, 0x65, 0x6d, 0x70, 0x29, 0x2e, 0x74, 0x6f, 
	0x46, 0x69, 0x78, 0x65, 0x64, 0x28, 0x31, 0x29, 0x3b, 0xd, 
	0xa, 0x20, 0x20, 0x65, 0x6c, 0x2e, 0x68, 0x56, 0x61, 0x6c, 
	0x2e, 0x74, 0x65, 0x78, 0x74, 0x43, 0x6f, 0x6e, 0x74, 0x65, 
	0x6e, 0x74, 0x20, 0x3d, 0x20, 0x4e, 0x75, 0x6d, 0x62, 0x65, 
	0x72, 0x28, 0x68, 0x75, 0x6d, 0x29, 0x2e, 0x74, 0x6f, 0x46, 
	0x69, 0x78, 0x65, 0x64, 0x28, 0x31, 0x29, 0x3b, 0xd, 0xa, 
	0xd, 0xa, 0x20, 0x20, 0x65, 0x6c, 0x2e, 0x74, 0x48, 0x69, 
	0x6e, 0x74, 0x2e, 0x74, 0x65, 0x78, 0x74, 0x43, 0x6f, 0x6e, 
	0x74, 0x65, 0x6e, 0x74, 0x20, 0x3d, 0x20, 0x63, 0x6c, 0x61, 
	0x73, 0x73, 0x69, 0x66, 0x79, 0x54, 0x65, 0x6d, 0x70, 0x28, 
	0x74, 0x65, 0x6d, 0x70, 0x29, 0x3b, 0xd, 0xa, 0x20, 0x20, 
	0x65, 0x6c, 0x2e, 0x68, 0x48, 0x69, 0x6e, 0x74, 0x2e, 0x74, 
	0x65, 0x78, 0x74, 0x43, 0x6f, 0x6e, 0x74, 0x65, 0x6e, 0x74, 
	0x20, 0x3d, 0x20, 0x63, 0x6c, 0x61, 0x73, 0x73, 0x69, 0x66, 
	0x79, 0x48, 0x75, 0x6d, 0x28, 0x68, 0x75, 0x6d, 0x29, 0x3b, 
	0xd, 0xa, 0xd, 0xa, 0x20, 0x20, 0x2f, 0x2f, 0x20, 0x4e, 
	0x6f, 0x72, 0x6d, 0x61, 0x6c, 0x69, 0x7a, 0x65, 0x20, 0x76, 
	0x61, 0x6c, 0x75, 0x65, 0x73, 0x20, 0x74, 0x6f, 0x20, 0x3c, 
	0x30, 0x2e, 0x2e, 0x31, 0x3e, 0x20, 0x74, 0x6f, 0x20, 0x64, 
	0x72, 0x69, 0x76, 0x65, 0x20, 0x67, 0x61, 0x75, 0x67, 0x65, 
	0x73, 0xd, 0xa, 0x20, 0x20, 0x63, 0x6f, 0x6e, 0x73, 0x74, 
	0x20, 0x74, 0x30, 0x31, 0x20, 0x3d, 0x20, 0x28, 0x74, 0x65, 
	0x6d, 0x70, 0x20, 0x2d, 0x20, 0x54, 0x45, 0x4d, 0x50, 0x5f, 
	0x4d, 0x49, 0x4e, 0x29, 0x20, 0x2f, 0x20, 0x28, 0x54, 0x45, 
	0x4d, 0x50, 0x5f, 0x4d, 0x41, 0x58, 0x20, 0x2d, 0x20, 0x54, 
	0x45, 0x4d, 0x50, 0x5f, 0x4d, 0x49, 0x4e, 0x29, 0x3b, 0xd, 
	0xa, 0x20, 0x20, 0x63, 0x6f, 0x6e, 0x73, 0x74, 0x20, 0x68, 
	0x30, 0x31, 0x20, 0x3d, 0x20, 0x28, 0x68, 0x75, 0x6d, 0x20, 
	0x20, 0x2d, 0x20, 0x48, 0x55, 0x4d, 0x5f, 0x4d, 0x49, 0x4e, 
	0x29, 0x20, 0x20, 0x2f, 0x20, 0x28, 0x48, 0x55, 0x4d, 0x5f, 
	0x4d, 0x41, 0x58, 0x20, 0x20, 0x2d, 0x20, 0x48, 0x55, 0x4d, 
	0x5f, 0x4d, 0x49, 0x4e, 0x29, 0x3b, 0xd, 0xa, 0xd, 0xa, 
	0x20, 0x20, 0x73, 0x65, 0x74, 0x41, 0x72, 0x63, 0x28, 0x65, 
	0x6c, 0x2e, 0x74, 0x41, 0x72, 0x63, 0x2c, 0x20, 0x61, 0x72, 
	0x63, 0x4c, 0x65, 0x6e, 0x2e, 0x74, 0x2c, 0x20, 0x74, 0x30, 
	0x31, 0x29, 0x3b, 0xd, 0xa, 0x20, 0x20, 0x73, 0x65, 0x74, 
	0x4e, 0x65, 0x65, 0x64, 0x6c, 0x65, 0x28, 0x65, 0x6c, 0x2e, 
	0x74, 0x4e, 0x65, 0x65, 0x64, 0x6c, 0x65, 0x2c, 0x20, 0x74, 
	0x30, 0x31, 0x29, 0x3b, 0xd, 0xa, 0xd, 0xa, 0x20, 0x20, 
	0x73, 0x65, 0x74, 0x41, 0x72, 0x63, 0x28, 0x65, 0x6c, 0x2e, 
	0x68, 0x41, 0x72, 0x63, 0x2c, 0x20, 0x61, 0x72, 0x63, 0x4c, 
	0x65, 0x6e, 0x2e, 0x68, 0x2c, 0x20, 0x68, 0x30, 0x31, 0x29, 
	0x3b, 0xd, 0xa, 0x20, 0x20, 0x73, 0x65, 0x74, 0x4e, 0x65, 
	0x65, 0x64, 0x6c, 0x65, 0x28, 0x65, 0x6c, 0x2e, 0x68, 0x4e, 
	0x65, 0x65, 0x64, 0x6c, 0x65, 0x2c, 0x20, 0x68, 0x30, 0x31, 
	0x29, 0x3b, 0xd, 0xa, 0xd, 0xa, 0x20, 0x20, 0x73, 0x65, 
	0x74, 0x53, 0x74, 0x61, 0x74, 0x75, 0x73, 0x28, 0x74, 0x72, 
	0x75, 0x65, 0x2c, 0x20, 0x22, 0x43, 0x6f, 0x6e, 0x6e, 0x65, 
	0x63, 0x74, 0x65, 0x64, 0x20, 0x2d, 0x20, 0x4f, 0x4b, 0x22, 
	0x29, 0x3b, 0xd, 0xa, 0x7d, 0xd, 0xa, 0xd, 0xa, 0x2f, 
	0x2a, 0x2a, 0xd, 0xa, 0x20, 0x2a, 0x20, 0x40, 0x62, 0x72, 
	0x69, 0x65, 0x66, 0x20, 0x46, 0x65, 0x74, 0x63, 0x68, 0x20, 
	0x73, 0x65, 0x6e, 0x73, 0x6f, 0x72, 0x20, 0x64, 0x61, 0x74, 
	0x61, 0x20, 0x66, 0x72, 0x6f, 0x6d, 0x20, 0x64, 0x65, 0x76, 
	0x69, 0x63, 0x65, 0x20, 0x52, 0x45, 0x53, 0x54, 0x20, 0x65, 
	0x6e, 0x64, 0x70, 0x6f, 0x69, 0x6e, 0x74, 0x2e, 0xd, 0xa, 
	0x20, 0x2a, 0xd, 0xa, 0x20, 0x2a, 0x20, 0x45, 0x78, 0x70, 
	0x65, 0x63, 0x74, 0x65, 0x64, 0x20, 0x4a, 0x53, 0x4f, 0x4e, 
	0x20, 0x66, 0x6f, 0x72, 0x6d, 0x61, 0x74, 0x3a, 0xd, 0xa, 
	0x20, 0x2a, 0x20, 0x20, 0x7b, 0x20, 0x22, 0x74, 0x65, 0x6d, 
	0x70, 0x22, 0x3a, 0x20, 0x3c, 0x6e, 0x75, 0x6d, 0x62, 0x65, 
	0x72, 0x3e, 0x2c, 0x20, 0x22, 0x68, 0x75, 0x6d, 0x22, 0x3a, 
	0x20, 0x3c, 0x6e, 0x75, 0x6d, 0x62, 0x65, 0x72, 0x3e, 0x20, 
	0x7d, 0xd, 0xa, 0x20, 0x2a, 0xd, 0xa, 0x20, 0x2a, 0x20, 
	0x41, 0x6c, 0x73, 0x6f, 0x20, 0x61, 0x63, 0x63, 0x65, 0x70, 
	0x74, 0x73, 0x20, 0x61, 0x6c, 0x74, 0x65, 0x72, 0x6e, 0x61, 
	0x74, 0x69, 0x76, 0x65, 0x20, 0x6b, 0x65, 0x79, 0x20, 0x6e, 
	0x61, 0x6d, 0x65, 0x73, 0x20, 0x28, 0x74, 0x65, 0x6d, 0x70, 
	0x65, 0x72, 0x61, 0x74, 0x75, 0x72, 0x65, 0x2f, 0x74, 0x2c, 
	0x20, 0x68, 0x75, 0x6d, 0x69, 0x64, 0x69, 0x74, 0x79, 0x2f, 
	0x68, 0x29, 0x2c, 0xd, 0xa, 0x20, 0x2a, 0x20, 0x77, 0x68, 
	0x69, 0x63, 0x68, 0x20, 0x69, 0x73, 0x20, 0x75, 0x73, 0x65, 
	0x66, 0x75, 0x6c, 0x20, 0x64, 0x75, 0x72, 0x69, 0x6e, 0x67, 
	0x20, 0x66, 0x69, 0x72, 0x6d, 0x77, 0x61, 0x72, 0x65, 0x20, 
	0x69, 0x74, 0x65, 0x72, 0x61, 0x74, 0x69, 0x6f, 0x6e, 0x73, 
	0x2e, 0xd, 0xa, 0x20, 0x2a, 0x2f, 0xd, 0xa, 0x61, 0x73, 
	0x79, 0x6e, 0x63, 0x20, 0x66, 0x75, 0x6e, 0x63, 0x74, 0x69, 
	0x6f, 0x6e, 0x20, 0x66, 0x65, 0x74, 0x63, 0x68, 0x53, 0x65, 
	0x6e, 0x73, 0x6f, 0x72, 0x28, 0x29, 0x20, 0x7b, 0xd, 0xa, 
	0x20, 0x20, 0x63, 0x6f, 0x6e, 0x73, 0x74, 0x20, 0x72, 0x65, 
	0x73, 0x20, 0x3d, 0x20, 0x61, 0x77, 0x61, 0x69, 0x74, 0x20, 
	0x66, 0x65, 0x74, 0x63, 0x68, 0x28, 0x41, 0x50, 0x49, 0x5f, 
	0x55, 0x52, 0x4c, 0x2c, 0x20, 0x7b, 0x20, 0x63, 0x61, 0x63, 
	0x68, 0x65, 0x3a, 0x20, 0x22, 0x6e, 0x6f, 0x2d, 0x73, 0x74, 
	0x6f, 0x72, 0x65, 0x22, 0x20, 0x7d, 0x29, 0x3b, 0xd, 0xa, 
	0x20, 0x20, 0x69, 0x66, 0x20, 0x28, 0x21, 0x72, 0x65, 0x73, 
	0x2e, 0x6f, 0x6b, 0x29, 0x20, 0x74, 0x68, 0x72, 0x6f, 0x77, 
	0x20, 0x6e, 0x65, 0x77, 0x20, 0x45, 0x72, 0x72, 0x6f, 0x72, 
	0x28, 0x60, 0x48, 0x54, 0x54, 0x50, 0x20, 0x24, 0x7b, 0x72, 
	0x65, 0x73, 0x2e, 0x73, 0x74, 0x61, 0x74, 0x75, 0x73, 0x7d, 
	0x60, 0x29, 0x3b, 0xd, 0xa, 0xd, 0xa, 0x20, 0x20, 0x63, 
	0x6f, 0x6e, 0x73, 0x74, 0x20, 0x64, 0x61, 0x74, 0x61, 0x20, 
	0x3d, 0x20, 0x61, 0x77, 0x61, 0x69, 0x74, 0x20, 0x72, 0x65, 
	0x73, 0x2e, 0x6a, 0x73, 0x6f, 0x6e, 0x28, 0x29, 0x3b, 0xd, 
	0xa, 0xd, 0xa, 0x20, 0x20, 0x63, 0x6f, 0x6e, 0x73, 0x74, 
	0x20, 0x74, 0x65, 0x6d, 0x70, 0x20, 0x3d, 0x20, 0x28, 0x64, 
	0x61, 0x74, 0x61, 0x2e, 0x74, 0x65, 0x6d, 0x70, 0x20, 0x3f, 
	0x3f, 0x20, 0x64, 0x61, 0x74, 0x61, 0x2e, 0x74, 0x65, 0x6d, 
	0x70, 0x65, 0x72, 0x61, 0x74, 0x75, 0x72, 0x65, 0x20, 0x3f, 
	0x3f, 0x20, 0x64, 0x61, 0x74, 0x61, 0x2e, 0x74, 0x29, 0x3b, 
	0xd, 0xa, 0x20, 0x20, 0x63, 0x6f, 0x6e, 0x73, 0x74, 0x20, 
	0x68, 0x75, 0x6d, 0x20, 0x20, 0x3d, 0x20, 0x28, 0x64, 0x61, 
	0x74, 0x61, 0x2e, 0x68, 0x75, 0x6d, 0x20, 0x20, 0x3f, 0x3f, 
	0x20, 0x64, 0x61, 0x74, 0x61, 0x2e, 0x68, 0x75, 0x6d, 0x69, 
	0x64, 0x69, 0x74, 0x79, 0x20, 0x20, 0x20, 0x20, 0x3f, 0x3f, 
	0x20, 0x64, 0x61, 0x74, 0x61, 0x2e, 0x68, 0x29, 0x3b, 0xd, 
	0xa, 0xd, 0xa, 0x20, 0x20, 0x69, 0x66, 0x20, 0x28, 0x74, 
	0x79, 0x70, 0x65, 0x6f, 0x66, 0x20, 0x74, 0x65, 0x6d, 0x70, 
	0x20, 0x21, 0x3d, 0x3d, 0x20, 0x22, 0x6e, 0x75, 0x6d, 0x62, 
	0x65, 0x72, 0x22, 0x20, 0x7c, 0x7c, 0x20, 0x74, 0x79, 0x70, 
	0x65, 0x6f, 0x66, 0x20, 0x68, 0x75, 0x6d, 0x20, 0x21, 0x3d, 
	0x3d, 0x20, 0x22, 0x6e, 0x75, 0x6d, 0x62, 0x65, 0x72, 0x22, 
	0x29, 0xd, 0xa, 0x20, 0x20, 0x20, 0x20, 0x74, 0x68, 0x72, 
	0x6f, 0x77, 0x20, 0x6e, 0x65, 0x77, 0x20, 0x45, 0x72, 0x72, 
	0x6f, 0x72, 0x28, 0x22, 0x49, 0x6e, 0x76, 0x61, 0x6c, 0x69, 
	0x64, 0x20, 0x4a, 0x53, 0x4f, 0x4e, 0x20, 0x66, 0x6f, 0x72, 
	0x6d, 0x61, 0x74, 0x20, 0x28, 0x65, 0x78, 0x70, 0x65, 0x63, 
	0x74, 0x69, 0x6e, 0x67, 0x20, 0x74, 0x65, 0x6d, 0x70, 0x2f, 
	0x68, 0x75, 0x6d, 0x20, 0x61, 0x73, 0x20, 0x6e, 0x75, 0x6d, 
	0x62, 0x65, 0x72, 0x29, 0x22, 0x29, 0x3b, 0xd, 0xa, 0xd, 
	0xa, 0x20, 0x20, 0x75, 0x70, 0x64, 0x61, 0x74, 0x65, 0x55, 
	0x49, 0x28, 0x74, 0x65, 0x6d, 0x70, 0x2c, 0x20, 0x68, 0x75, 
	0x6d, 0x29, 0x3b, 0xd, 0xa, 0x7d, 0xd, 0xa, 0xd, 0xa, 
	0x2f, 0x2f, 0x20, 0x3d, 0x3d, 0x3d, 0x3d, 0x3d, 0x3d, 0x20, 
	0x4c, 0x4f, 0x4f, 0x50, 0x20, 0x3d, 0x3d, 0x3d, 0x3d, 0x3d, 
	0x3d, 0xd, 0xa, 0x6c, 0x65, 0x74, 0x20, 0x74, 0x69, 0x6d, 
	0x65, 0x72, 0x20, 0x3d, 0x20, 0x6e, 0x75, 0x6c, 0x6c, 0x3b, 
	0xd, 0xa, 0xd, 0xa, 0x61, 0x73, 0x79, 0x6e, 0x63, 0x20, 
	0x66, 0x75, 0x6e, 0x63, 0x74, 0x69, 0x6f, 0x6e, 0x20, 0x70, 
	0x6f, 0x6c, 0x6c, 0x4f, 0x6e, 0x63, 0x65, 0x28, 0x29, 0x20, 
	0x7b, 0xd, 0xa, 0x20, 0x20, 0x74, 0x72, 0x79, 0x20, 0x7b, 
	0xd, 0xa, 0x20, 0x20, 0x20, 0x20, 0x61, 0x77, 0x61, 0x69, 
	0x74, 0x20, 0x66, 0x65, 0x74, 0x63, 0x68, 0x53, 0x65, 0x6e, 
	0x73, 0x6f, 0x72, 0x28, 0x29, 0x3b, 0xd, 0xa, 0x20, 0x20, 
	0x7d, 0x20, 0x63, 0x61, 0x74, 0x63, 0x68, 0x20, 0x28, 0x65, 
	0x29, 0x20, 0x7b, 0xd, 0xa, 0x20, 0x20, 0x20, 0x20, 0x73, 
	0x65, 0x74, 0x53, 0x74, 0x61, 0x74, 0x75, 0x73, 0x28, 0x66, 
	0x61, 0x6c, 0x73, 0x65, 0x2c, 0x20, 0x60, 0x44, 0x61, 0x74, 
	0x61, 0x20, 0x6d, 0x69, 0x73, 0x73, 0x69, 0x6e, 0x67, 0x20, 
	0x2d, 0x20, 0x24, 0x7b, 0x65, 0x2e, 0x6d, 0x65, 0x73, 0x73, 
	0x61, 0x67, 0x65, 0x7d, 0x60, 0x29, 0x3b, 0xd, 0xa, 0x20, 
	0x20, 0x20, 0x20, 0x72, 0x65, 0x73, 0x65, 0x74, 0x55, 0x49, 
	0x28, 0x29, 0x3b, 0xd, 0xa, 0x20, 0x20, 0x7d, 0xd, 0xa, 
	0x7d, 0xd, 0xa, 0xd, 0xa, 0x66, 0x75, 0x6e, 0x63, 0x74, 
	0x69, 0x6f, 0x6e, 0x20, 0x73, 0x74, 0x61, 0x72, 0x74, 0x28, 
	0x29, 0x20, 0x7b, 0xd, 0xa, 0x20, 0x20, 0x2f, 0x2f, 0x20, 
	0x53, 0x74, 0x61, 0x74, 0x69, 0x63, 0x20, 0x72, 0x61, 0x6e, 
	0x67, 0x65, 0x20, 0x6c, 0x61, 0x62, 0x65, 0x6c, 0x73, 0xd, 
	0xa, 0x20, 0x20, 0x65, 0x6c, 0x2e, 0x74, 0x52, 0x61, 0x6e, 
	0x67, 0x65, 0x2e, 0x74, 0x65, 0x78, 0x74, 0x43, 0x6f, 0x6e, 
	0x74, 0x65, 0x6e, 0x74, 0x20, 0x3d, 0x20, 0x60, 0x24, 0x7b, 
	0x54, 0x45, 0x4d, 0x50, 0x5f, 0x4d, 0x49, 0x4e, 0x7d, 0xe2, 
	0x80, 0xa6, 0x24, 0x7b, 0x54, 0x45, 0x4d, 0x50, 0x5f, 0x4d, 
	0x41, 0x58, 0x7d, 0x20, 0xc2, 0xb0, 0x43, 0x60, 0x3b, 0xd, 
	0xa, 0x20, 0x20, 0x65, 0x6c, 0x2e, 0x68, 0x52, 0x61, 0x6e, 
	0x67, 0x65, 0x2e, 0x74, 0x65, 0x78, 0x74, 0x43, 0x6f, 0x6e, 
	0x74, 0x65, 0x6e, 0x74, 0x20, 0x3d, 0x20, 0x60, 0x24, 0x7b, 
	0x48, 0x55, 0x4d, 0x5f, 0x4d, 0x49, 0x4e, 0x7d, 0xe2, 0x80, 
	0xa6, 0x24, 0x7b, 0x48, 0x55, 0x4d, 0x5f, 0x4d, 0x41, 0x58, 
	0x7d, 0x20, 0x25, 0x52, 0x48, 0x60, 0x3b, 0xd, 0xa, 0xd, 
	0xa, 0x20, 0x20, 0x70, 0x6f, 0x6c, 0x6c, 0x4f, 0x6e, 0x63, 
	0x65, 0x28, 0x29, 0x3b, 0xd, 0xa, 0x20, 0x20, 0x74, 0x69, 
	0x6d, 0x65, 0x72, 0x20, 0x3d, 0x20, 0x73, 0x65, 0x74, 0x49, 
	0x6e, 0x74, 0x65, 0x72, 0x76, 0x61, 0x6c, 0x28, 0x70, 0x6f, 
	0x6c, 0x6c, 0x4f, 0x6e, 0x63, 0x65, 0x2c, 0x20, 0x50, 0x45, 
	0x52, 0x49, 0x4f, 0x44, 0x5f, 0x4d, 0x53, 0x29, 0x3b, 0xd, 
	0xa, 0x7d, 0xd, 0xa, 0xd, 0xa, 0x73, 0x74, 0x61, 0x72, 
	0x74, 0x28, 0x29, 0x3b, };

static const unsigned char data_dashboard_shtml[] = {
	/* /dashboard.shtml */
	0x2f, 0x64, 0x61, 0x73, 0x68, 0x62, 0x6f, 0x61, 0x72, 0x64, 0x2e, 0x73, 0x68, 0x74, 0x6d, 0x6c, 0,
	0x48, 0x54, 0x54, 0x50, 0x2f, 0x31, 0x2e, 0x30, 0x20, 0x32, 
	0x30, 0x30, 0x20, 0x4f, 0x4b, 0xd, 0xa, 0x53, 0x65, 0x72, 
	0x76, 0x65, 0x72, 0x3a, 0x20, 0x6c, 0x77, 0x49, 0x50, 0x2f, 
	0x70, 0x72, 0x65, 0x2d, 0x30, 0x2e, 0x36, 0x20, 0x28, 0x68, 
	0x74, 0x74, 0x70, 0x3a, 0x2f, 0x2f, 0x77, 0x77, 0x77, 0x2e, 
	0x73, 0x69, 0x63, 0x73, 0x2e, 0x73, 0x65, 0x2f, 0x7e, 0x61, 
	0x64, 0x61, 0x6d, 0x2f, 0x6c, 0x77, 0x69, 0x70, 0x2f, 0x29, 
	0xd, 0xa, 0x43, 0x6f, 0x6e, 0x74, 0x65, 0x6e, 0x74, 0x2d, 
	0x74, 0x79, 0x70, 0x65, 0x3a, 0x20, 0x74, 0x65, 0x78, 0x74, 
	0x2f, 0x68, 0x74, 0x6d, 0x6c, 0xd, 0xa, 0xd, 0xa, 0x3c, 
	0x21, 0x64, 0x6f, 0x63, 0x74, 0x79, 0x70, 0x65, 0x20, 0x68, 
	0x74, 0x6d, 0x6c, 0x3e, 0xd, 0xa, 0x3c, 0x68, 0x74, 0x6d, 
	0x6c, 0x20, 0x6c, 0x61, 0x6e, 0x67, 0x3d, 0x22, 0x70, 0x6c, 
	0x22, 0x3e, 0xd, 0xa, 0x3c, 0x68, 0x65, 0x61, 0x64, 0x3e, 
	0xd, 0xa, 0x20, 0x20, 0x3c, 0x6d, 0x65, 0x74, 0x61, 0x20, 
	0x63, 0x68, 0x61, 0x72, 0x73, 0x65, 0x74, 0x3d, 0x22, 0x75, 
	0x74, 0x66, 0x2d, 0x38, 0x22, 0x20, 0x2f, 0x3e, 0xd, 0xa, 
	0x20, 0x20, 0x3c, 0x6d, 0x65, 0x74, 0x61, 0x20, 0x6e, 0x61, 
	0x6d, 0x65, 0x3d, 0x22, 0x76, 0x69, 0x65, 0x77, 0x70, 0x6f, 
	0x72, 0x74, 0x22, 0x20, 0x63, 0x6f, 0x6e, 0x74, 0x65, 0x6e, 
	0x74, 0x3d, 0x22, 0x77, 0x69, 0x64, 0x74, 0x68, 0x3d, 0x64, 
	0x65, 0x76, 0x69, 0x63, 0x65, 0x2d, 0x77, 0x69, 0x64, 0x74, 
	0x68, 0x2c, 0x69, 0x6e, 0x69, 0x74, 0x69, 0x61, 0x6c, 0x2d, 
	0x73, 0x63, 0x61, 0x6c, 0x65, 0x3d, 0x31, 0x22, 0x20, 0x2f, 
	0x3e, 0xd, 0xa, 0x20, 0x20, 0x3c, 0x74, 0x69, 0x74, 0x6c, 
	0x65, 0x3e, 0x53, 0x54, 0x4d, 0x33, 0x32, 0x20, 0x53, 0x65, 
	0x6e, 0x73, 0x6f, 0x72, 0x20, 0x44, 0x61, 0x73, 0x68, 0x62, 
	0x6f, 0x61, 0x72, 0x64, 0x3c, 0x2f, 0x74, 0x69, 0x74, 0x6c, 
	0x65, 0x3e, 0xd, 0xa, 0xd, 0xa, 0x20, 0x20, 0x3c, 0x21, 
	0x2d, 0x2d, 0x20, 0x42, 0x61, 0x73, 0x65, 0x20, 0x73, 0x74, 
	0x79, 0x6c, 0x65, 0x73, 0x20, 0x2b, 0x20, 0x70, 0x61, 0x67, 
	0x65, 0x2d, 0x73, 0x70, 0x65, 0x63, 0x69, 0x66, 0x69, 0x63, 
	0x20, 0x73, 0x74, 0x79, 0x6c, 0x65, 0x73, 0x20, 0x2d, 0x2d, 
	0x3e, 0xd, 0xa, 0x20, 0x20, 0x3c, 0x6c, 0x69, 0x6e, 0x6b, 
	0x20, 0x72, 0x65, 0x6c, 0x3d, 0x22, 0x73, 0x74, 0x79, 0x6c, 
	0x65, 0x73, 0x68, 0x65, 0x65, 0x74, 0x22, 0x20, 0x68, 0x72, 
	0x65, 0x66, 0x3d, 0x22, 0x73, 0x74, 0x79, 0x6c, 0x65, 0x2e, 
	0x63, 0x73, 0x73, 0x22, 0x20, 0x2f, 0x3e, 0xd, 0xa, 0x20, 
	0x20, 0x3c, 0x6c, 0x69, 0x6e, 0x6b, 0x20, 0x72, 0x65, 0x6c, 
	0x3d, 0x22, 0x73, 0x74, 0x79, 0x6c, 0x65, 0x73, 0x68, 0x65, 
	0x65, 0x74, 0x22, 0x20, 0x68, 0x72, 0x65, 0x66, 0x3d, 0x22, 
	0x73, 0x74, 0x79, 0x6c, 0x65, 0x5f, 0x64, 0x61, 0x73, 0x68, 
	0x62, 0x6f, 0x61, 0x72, 0x64, 0x2e, 0x63, 0x73, 0x73, 0x22, 
	0x20, 0x2f, 0x3e, 0xd, 0xa, 0x20, 0x20, 0x3c, 0x6c, 0x69, 
	0x6e, 0x6b, 0x20, 0x72, 0x65, 0x6c, 0x3d, 0x22, 0x73, 0x74, 
	0x79, 0x6c, 0x65, 0x73, 0x68, 0x65, 0x65, 0x74, 0x22, 0x20, 
	0x68, 0x72, 0x65, 0x66, 0x3d, 0x22, 0x73, 0x74, 0x79, 0x6c, 
	0x65, 0x5f, 0x6e, 0x61, 0x76, 0x62, 0x61, 0x72, 0x2e, 0x63, 
	0x73, 0x73, 0x22, 0x20, 0x2f, 0x3e, 0xd, 0xa, 0x3c, 0x2f, 
	0x68, 0x65, 0x61, 0x64, 0x3e, 0xd, 0xa, 0xd, 0xa, 0x3c, 
	0x62, 0x6f, 0x64, 0x79, 0x3e, 0xd, 0xa, 0xd, 0xa, 0x20, 
	0x20, 0x3c, 0x21, 0x2d, 0x2d, 0x20, 0x53, 0x69, 0x6d, 0x70, 
	0x6c, 0x65, 0x20, 0x6e, 0x61, 0x76, 0x69, 0x67, 0x61, 0x74, 
	0x69, 0x6f, 0x6e, 0x20, 0x62, 0x61, 0x72, 0x20, 0x28, 0x70, 
	0x72, 0x6f, 0x74, 0x65, 0x63, 0x74, 0x65, 0x64, 0x20, 0x62, 
	0x79, 0x20, 0x73, 0x65, 0x73, 0x73, 0x69, 0x6f, 0x6e, 0x20, 
	0x63, 0x6f, 0x6f, 0x6b, 0x69, 0x65, 0x20, 0x6f, 0x6e, 0x20, 
	0x64, 0x65, 0x76, 0x69, 0x63, 0x65, 0x20, 0x73, 0x69, 0x64, 
	0x65, 0x29, 0x20, 0x2d, 0x2d, 0x3e, 0xd, 0xa, 0x20, 0x20, 
	0x3c, 0x6e, 0x61, 0x76, 0x20, 0x63, 0x6c, 0x61, 0x73, 0x73, 
	0x3d, 0x22, 0x6e, 0x61, 0x76, 0x62, 0x61, 0x72, 0x22, 0x3e, 
	0xd, 0xa, 0x20, 0x20, 0x20, 0x20, 0x3c, 0x75, 0x6c, 0x20, 
	0x63, 0x6c, 0x61, 0x73, 0x73, 0x3d, 0x22, 0x6e, 0x61, 0x76, 
	0x2d, 0x6c, 0x69, 0x73, 0x74, 0x22, 0x3e, 0xd, 0xa, 0x20, 
	0x20, 0x20, 0x20, 0x20, 0x20, 0x3c, 0x6c, 0x69, 0x20, 0x63, 
	0x6c, 0x61, 0x73, 0x73, 0x3d, 0x22, 0x6e, 0x61, 0x76, 0x2d, 
	0x69, 0x74, 0x65, 0x6d, 0x20, 0x6e, 0x61, 0x76, 0x2d, 0x69, 
	0x74, 0x65, 0x6d, 0x2d, 0x61, 0x63, 0x74, 0x69, 0x76, 0x65, 
	0x22, 0x3e, 0x3c, 0x61, 0x20, 0x68, 0x72, 0x65, 0x66, 0x3d, 
	0x22, 0x64, 0x61, 0x73, 0x68, 0x62, 0x6f, 0x61, 0x72, 0x64, 
	0x2e, 0x73, 0x68, 0x74, 0x6d, 0x6c, 0x22, 0x3e, 0x44, 0x61, 
	0x73, 0x68, 0x62, 0x6f, 0x61, 0x72, 0x64, 0x3c, 0x2f, 0x61, 
	0x3e, 0x3c, 0x2f, 0x6c, 0x69, 0x3e, 0xd, 0xa, 0x20, 0x20, 
	0x20, 0x20, 0x20, 0x20, 0x3c, 0x6c, 0x69, 0x20, 0x63, 0x6c, 
	0x61, 0x73, 0x73, 0x3d, 0x22, 0x6e, 0x61, 0x76, 0x2d, 0x69, 
	0x74, 0x65, 0x6d, 0x22, 0x3e, 0x3c, 0x61, 0x20, 0x68, 0x72, 
	0x65, 0x66, 0x3d, 0x22, 0x73, 0x65, 0x74, 0x74, 0x69, 0x6e, 
	0x67, 0x73, 0x2e, 0x73, 0x68, 0x74, 0x6d, 0x6c, 0x22, 0x3e, 
	0x53, 0x65, 0x74, 0x74, 0x69, 0x6e, 0x67, 0x73, 0x3c, 0x2f, 
	0x61, 0x3e, 0x3c, 0x2f, 0x6c, 0x69, 0x3e, 0xd, 0xa, 0x20, 
	0x20, 0x20, 0x20, 0x20, 0x20, 0x3c, 0x6c, 0x69, 0x20, 0x63, 
	0x6c, 0x61, 0x73, 0x73, 0x3d, 0x22, 0x6e, 0x61, 0x76, 0x2d, 
	0x69, 0x74, 0x65, 0x6d, 0x20, 0x6e, 0x61, 0x76, 0x2d, 0x69, 
	0x74, 0x65, 0x6d, 0x2d, 0x6c, 0x6f, 0x67, 0x6f, 0x75, 0x74, 
	0x22, 0x3e, 0x3c, 0x61, 0x20, 0x68, 0x72, 0x65, 0x66, 0x3d, 
	0x22, 0x6c, 0x6f, 0x67, 0x6f, 0x75, 0x74, 0x2e, 0x68, 0x74, 
	0x6d, 0x22, 0x3e, 0x4c, 0x6f, 0x67, 0x20, 0x6f, 0x75, 0x74, 
	0x3c, 0x2f, 0x61, 0x3e, 0x3c, 0x2f, 0x6c, 0x69, 0x3e, 0xd, 
	0xa, 0x20, 0x20, 0x20, 0x20, 0x3c, 0x2f, 0x75, 0x6c, 0x3e, 
	0xd, 0xa, 0x20, 0x20, 0x3c, 0x2f, 0x6e, 0x61, 0x76, 0x3e, 
	0xd, 0xa, 0xd, 0xa, 0x20, 0x20, 0x3c, 0x64, 0x69, 0x76, 
	0x20, 0x63, 0x6c, 0x61, 0x73, 0x73, 0x3d, 0x22, 0x77, 0x72, 
	0x61, 0x70, 0x22, 0x3e, 0xd, 0xa, 0xd, 0xa, 0x20, 0x20, 
	0x20, 0x20, 0x3c, 0x68, 0x65, 0x61, 0x64, 0x65, 0x72, 0x20, 
	0x63, 0x6c, 0x61, 0x73, 0x73, 0x3d, 0x22, 0x70, 0x61, 0x67, 
	0x65, 0x2d, 0x68, 0x65, 0x61, 0x64, 0x22, 0x3e, 0xd, 0xa, 
	0x20, 0x20, 0x20, 0x20, 0x20, 0x20, 0x3c, 0x68, 0x31, 0x3e, 
	0x44, 0x48, 0x54, 0x32, 0x32, 0x20, 0x53, 0x65, 0x6e, 0x6f, 
	0x72, 0x3c, 0x2f, 0x68, 0x31, 0x3e, 0xd, 0xa, 0xd, 0xa, 
	0x20, 0x20, 0x20, 0x20, 0x20, 0x20, 0x3c, 0x64, 0x69, 0x76, 
	0x20, 0x63, 0x6c, 0x61, 0x73, 0x73, 0x3d, 0x22, 0x73, 0x74, 
	0x61, 0x74, 0x75, 0x73, 0x22, 0x20, 0x69, 0x64, 0x3d, 0x22, 
	0x73, 0x74, 0x61, 0x74, 0x75, 0x73, 0x22, 0x3e, 0xd, 0xa, 
	0x20, 0x20, 0x20, 0x20, 0x20, 0x20, 0x20, 0x20, 0x3c, 0x73, 
	0x70, 0x61, 0x6e, 0x20, 0x63, 0x6c, 0x61, 0x73, 0x73, 0x3d, 
	0x22, 0x64, 0x6f, 0x74, 0x20, 0x62, 0x61, 0x64, 0x22, 0x20, 
	0x69, 0x64, 0x3d, 0x22, 0x64, 0x6f, 0x74, 0x22, 0x3e, 0x3c, 
	0x2f, 0x73, 0x70, 0x61, 0x6e, 0x3e, 0xd, 0xa, 0x20, 0x20, 
	0x20, 0x20, 0x20, 0x20, 0x20, 0x20, 0x3c, 0x73, 0x70, 0x61, 
	0x6e, 0x20, 0x69, 0x64, 0x3d, 0x22, 0x73, 0x74, 0x61, 0x74, 
	0x75, 0x73, 0x54, 0x65, 0x78, 0x74, 0x22, 0x3e, 0x57, 0x61, 
	0x69, 0x74, 0x69, 0x6e, 0x67, 0x3c, 0x2f, 0x73, 0x70, 0x61, 
	0x6e, 0x3e, 0xd, 0xa, 0x20, 0x20, 0x20, 0x20, 0x20, 0x20, 
	0x3c, 0x2f, 0x64, 0x69, 0x76, 0x3e, 0xd, 0xa, 0x20, 0x20, 
	0x20, 0x20, 0x3c, 0x2f, 0x68, 0x65, 0x61, 0x64, 0x65, 0x72, 
	0x3e, 0xd, 0xa, 0xd, 0xa, 0xd, 0xa, 0x20, 0x20, 0x20, 
	0x20, 0x3c, 0x64, 0x69, 0x76, 0x20, 0x63, 0x6c, 0x61, 0x73, 
	0x73, 0x3d, 0x22, 0x67, 0x72, 0x69, 0x64, 0x22, 0x3e, 0xd, 
	0xa, 0xd, 0xa, 0x20, 0x20, 0x20, 0x20, 0x20, 0x20, 0x3c, 
	0x21, 0x2d, 0x2d, 0x20, 0x3d, 0x3d, 0x3d, 0x3d, 0x3d, 0x3d, 
	0x3d, 0x3d, 0x3d, 0x3d, 0x3d, 0x3d, 0x3d, 0x3d, 0x3d, 0x3d, 
	0x3d, 0x3d, 0x3d, 0x3d, 0x3d, 0x20, 0x54, 0x45, 0x4d, 0x50, 
	0x45, 0x52, 0x41, 0x54, 0x55, 0x52, 0x45, 0x20, 0x3d, 0x3d, 
	0x3d, 0x3d, 0x3d, 0x3d, 0x3d, 0x3d, 0x3d, 0x3d, 0x3d, 0x3d, 
	0x3d, 0x3d, 0x3d, 0x3d, 0x3d, 0x3d, 0x3d, 0x3d, 0x3d, 0x20, 
	0x2d, 0x2d, 0x3e, 0xd, 0xa, 0x20, 0x20, 0x20, 0x20, 0x20, 
	0x20, 0x3c, 0x73, 0x65, 0x63, 0x74, 0x69, 0x6f, 0x6e, 0x20, 
	0x63, 0x6c, 0x61, 0x73, 0x73, 0x3d, 0x22, 0x63, 0x61, 0x72, 
	0x64, 0x22, 0x20, 0x61, 0x72, 0x69, 0x61, 0x2d, 0x6c, 0x61, 
	0x62, 0x65, 0x6c, 0x6c, 0x65, 0x64, 0x62, 0x79, 0x3d, 0x22, 
	0x74, 0x65, 0x6d, 0x70, 0x54, 0x69, 0x74, 0x6c, 0x65, 0x22, 
	0x3e, 0xd, 0xa, 0x20, 0x20, 0x20, 0x20, 0x20, 0x20, 0x20, 
	0x20, 0x3c, 0x64, 0x69, 0x76, 0x20, 0x63, 0x6c, 0x61, 0x73, 
	0x73, 0x3d, 0x22, 0x74, 0x6f, 0x70, 0x72, 0x6f, 0x77, 0x22, 
	0x3e, 0xd, 0xa, 0x20, 0x20, 0x20, 0x20, 0x20, 0x20, 0x20, 
	0x20, 0x20, 0x20, 0x3c, 0x64, 0x69, 0x76, 0x20, 0x63, 0x6c, 
	0x61, 0x73, 0x73, 0x3d, 0x22, 0x6c, 0x61, 0x62, 0x65, 0x6c, 
	0x22, 0x20, 0x69, 0x64, 0x3d, 0x22, 0x74, 0x65, 0x6d, 0x70, 
	0x54, 0x69, 0x74, 0x6c, 0x65, 0x22, 0x3e, 0x54, 0x65, 0x6d, 
	0x70, 0x65, 0x72, 0x61, 0x74, 0x75, 0x72, 0x65, 0x3c, 0x2f, 
	0x64, 0x69, 0x76, 0x3e, 0xd, 0xa, 0x20, 0x20, 0x20, 0x20, 
	0x20, 0x20, 0x20, 0x20, 0x20, 0x20, 0x3c, 0x64, 0x69, 0x76, 
	0x20, 0x63, 0x6c, 0x61, 0x73, 0x73, 0x3d, 0x22, 0x62, 0x61, 
	0x64, 0x67, 0x65, 0x20, 0x6d, 0x6f, 0x6e, 0x6f, 0x22, 0x20, 
	0x69, 0x64, 0x3d, 0x22, 0x74, 0x52, 0x61, 0x6e, 0x67, 0x65, 
	0x22, 0x3e, 0x2d, 0x34, 0x30, 0xe2, 0x80, 0xa6, 0x38, 0x30, 
	0x20, 0xc2, 0xb0, 0x43, 0x3c, 0x2f, 0x64, 0x69, 0x76, 0x3e, 
	0xd, 0xa, 0x20, 0x20, 0x20, 0x20, 0x20, 0x20, 0x20, 0x20, 
	0x3c, 0x2f, 0x64, 0x69, 0x76, 0x3e, 0xd, 0xa, 0xd, 0xa, 
	0x20, 0x20, 0x20, 0x20, 0x20, 0x20, 0x20, 0x20, 0x3c, 0x64, 
	0x69, 0x76, 0x20, 0x63, 0x6c, 0x61, 0x73, 0x73, 0x3d, 0x22, 
	0x67, 0x61, 0x75, 0x67, 0x65, 0x22, 0x3e, 0xd, 0xa, 0x20, 
	0x20, 0x20, 0x20, 0x20, 0x20, 0x20, 0x20, 0x20, 0x20, 0x3c, 
	0x21, 0x2d, 0x2d, 0xd, 0xa, 0x20, 0x20, 0x20, 0x20, 0x20, 
	0x20, 0x20, 0x20, 0x20, 0x20, 0x20, 0x20, 0x53, 0x56, 0x47, 
	0x20, 0x67, 0x61, 0x75, 0x67, 0x65, 0x20, 0x67, 0x65, 0x6f, 
	0x6d, 0x65, 0x74, 0x72, 0x79, 0x3a, 0xd, 0xa, 0x20, 0x20, 
	0x20, 0x20, 0x20, 0x20, 0x20, 0x20, 0x20, 0x20, 0x20, 0x20, 
	0x2d, 0x20, 0x76, 0x69, 0x65, 0x77, 0x42, 0x6f, 0x78, 0x20, 
	0x64, 0x65, 0x66, 0x69, 0x6e, 0x65, 0x73, 0x20, 0x61, 0x20, 
	0x73, 0x74, 0x61, 0x62, 0x6c, 0x65, 0x20, 0x63, 0x6f, 0x6f, 
	0x72, 0x64, 0x69, 0x6e, 0x61, 0x74, 0x65, 0x20, 0x73, 0x79, 
	0x73, 0x74, 0x65, 0x6d, 0x20, 0x66, 0x6f, 0x72, 0x20, 0x74, 
	0x68, 0x65, 0x20, 0x73, 0x65, 0x6d, 0x69, 0x2d, 0x63, 0x69, 
	0x72, 0x63, 0x6c, 0x65, 0xd, 0xa, 0x20, 0x20, 0x20, 0x20, 
	0x20, 0x20, 0x20, 0x20, 0x20, 0x20, 0x20, 0x20, 0x2d, 0x20, 
	0x61, 0x72, 0x63, 0x20, 0x70, 0x61, 0x74, 0x68, 0x73, 0x20, 
	0x61, 0x72, 0x65, 0x20, 0x66, 0x69, 0x78, 0x65, 0x64, 0x20, 
	0x22, 0x61, 0x73, 0x73, 0x65, 0x74, 0x73, 0x22, 0x20, 0x28, 
	0x75, 0x73, 0x65, 0x64, 0x20, 0x66, 0x6f, 0x72, 0x20, 0x73, 
	0x74, 0x72, 0x6f, 0x6b, 0x65, 0x2d, 0x64, 0x61, 0x73, 0x68, 
	0x61, 0x72, 0x72, 0x61, 0x79, 0x20, 0x61, 0x6e, 0x69, 0x6d, 
	0x61, 0x74, 0x69, 0x6f, 0x6e, 0x29, 0xd, 0xa, 0x20, 0x20, 
	0x20, 0x20, 0x20, 0x20, 0x20, 0x20, 0x20, 0x20, 0x20, 0x20, 
	0x2d, 0x20, 0x6e, 0x65, 0x65, 0x64, 0x6c, 0x65, 0x20, 0x70, 
	0x69, 0x76, 0x6f, 0x74, 0x20, 0x69, 0x73, 0x20, 0x64, 0x65, 
	0x66, 0x69, 0x6e, 0x65, 0x64, 0x20, 0x62, 0x79, 0x20, 0x74, 
	0x72, 0x61, 0x6e, 0x73, 0x6c, 0x61, 0x74, 0x65, 0x28, 0x63, 
	0x78, 0x2c, 0x63, 0x79, 0x29, 0xd, 0xa, 0x20, 0x20, 0x20, 
	0x20, 0x20, 0x20, 0x20, 0x20, 0x20, 0x20, 0x2d, 0x2d, 0x3e, 
	0xd, 0xa, 0x20, 0x20, 0x20, 0x20, 0x20, 0x20, 0x20, 0x20, 
	0x20, 0x20, 0x3c, 0x73, 0x76, 0x67, 0x20, 0x63, 0x6c, 0x61, 
	0x73, 0x73, 0x3d, 0x22, 0x67, 0x61, 0x75, 0x67, 0x65, 0x53, 
	0x76, 0x67, 0x22, 0x20, 0x76, 0x69, 0x65, 0x77, 0x42, 0x6f, 
	0x78, 0x3d, 0x22, 0x30, 0x20, 0x30, 0x20, 0x32, 0x32, 0x30, 
	0x20, 0x31, 0x34, 0x30, 0x22, 0x20, 0x61, 0x72, 0x69, 0x61, 
	0x2d, 0x6c, 0x61, 0x62, 0x65, 0x6c, 0x3d, 0x22, 0x54, 0x65, 
	0x6d, 0x70, 0x65, 0x72, 0x61, 0x74, 0x75, 0x72, 0x61, 0x22, 
	0x3e, 0xd, 0xa, 0x20, 0x20, 0x20, 0x20, 0x20, 0x20, 0x20, 
	0x20, 0x20, 0x20, 0x20, 0x20, 0x3c, 0x21, 0x2d, 0x2d, 0x20, 
	0x42, 0x61, 0x63, 0x6b, 0x67, 0x72, 0x6f, 0x75, 0x6e, 0x64, 
	0x20, 0x61, 0x72, 0x63, 0x20, 0x2d, 0x2d, 0x3e, 0xd, 0xa, 
	0x20, 0x20, 0x20, 0x20, 0x20, 0x20, 0x20, 0x20, 0x20, 0x20, 
	0x20, 0x20, 0x3c, 0x70, 0x61, 0x74, 0x68, 0x20, 0x69, 0x64, 
	0x3d, 0x22, 0x74, 0x42, 0x67, 0x22, 0x20, 0x63, 0x6c, 0x61, 
	0x73, 0x73, 0x3d, 0x22, 0x67, 0x61, 0x75, 0x67, 0x65, 0x42, 
	0x67, 0x22, 0xd, 0xa, 0x20, 0x20, 0x20, 0x20, 0x20, 0x20, 
	0x20, 0x20, 0x20, 0x20, 0x20, 0x20, 0x20, 0x20, 0x64, 0x3d, 
	0x22, 0x4d, 0x20, 0x32, 0x30, 0x20, 0x31, 0x32, 0x30, 0x20, 
	0x41, 0x20, 0x39, 0x30, 0x20, 0x39, 0x30, 0x20, 0x30, 0x20, 
	0x30, 0x20, 0x31, 0x20, 0x32, 0x30, 0x30, 0x20, 0x31, 0x32, 
	0x30, 0x22, 0xd, 0xa, 0x20, 0x20, 0x20, 0x20, 0x20, 0x20, 
	0x20, 0x20, 0x20, 0x20, 0x20, 0x20, 0x20, 0x20, 0x66, 0x69, 
	0x6c, 0x6c, 0x3d, 0x22, 0x6e, 0x6f, 0x6e, 0x65, 0x22, 0x20, 
	0x73, 0x74, 0x72, 0x6f, 0x6b, 0x65, 0x3d, 0x22, 0x76, 0x61, 
	0x72, 0x28, 0x2d, 0x2d, 0x73, 0x74, 0x72, 0x6f, 0x6b, 0x65, 
	0x29, 0x22, 0x20, 0x73, 0x74, 0x72, 0x6f, 0x6b, 0x65, 0x2d, 
	0x77, 0x69, 0x64, 0x74, 0x68, 0x3d, 0x22, 0x31, 0x38, 0x22, 
	0x20, 0x73, 0x74, 0x72, 0x6f, 0x6b, 0x65, 0x2d, 0x6c, 0x69, 
	0x6e, 0x65, 0x63, 0x61, 0x70, 0x3d, 0x22, 0x72, 0x6f, 0x75, 
	0x6e, 0x64, 0x22, 0x20, 0x2f, 0x3e, 0xd, 0xa, 0xd, 0xa, 
	0x20, 0x20, 0x20, 0x20, 0x20, 0x20, 0x20, 0x20, 0x20, 0x20, 
	0x20, 0x20, 0x3c, 0x21, 0x2d, 0x2d, 0x20, 0x41, 0x6e, 0x69, 
	0x6d, 0x61, 0x74, 0x65, 0x64, 0x20, 0x76, 0x61, 0x6c, 0x75, 
	0x65, 0x20, 0x61, 0x72, 0x63, 0x20, 0x28, 0x73, 0x74, 0x72, 
	0x6f, 0x6b, 0x65, 0x2d, 0x64, 0x61, 0x73, 0x68, 0x61, 0x72, 
	0x72, 0x61, 0x79, 0x20, 0x69, 0x73, 0x20, 0x63, 0x6f, 0x6e, 
	0x74, 0x72, 0x6f, 0x6c, 0x6c, 0x65, 0x64, 0x20, 0x62, 0x79, 
	0x20, 0x64, 0x61, 0x73, 0x68, 0x62, 0x6f, 0x61, 0x72, 0x64, 
	0x2e, 0x6a, 0x73, 0x29, 0x20, 0x2d, 0x2d, 0x3e, 0xd, 0xa, 
	0x20, 0x20, 0x20, 0x20, 0x20, 0x20, 0x20, 0x20, 0x20, 0x20, 
	0x20, 0x20, 0x3c, 0x70, 0x61, 0x74, 0x68, 0x20, 0x69, 0x64, 
	0x3d, 0x22, 0x74, 0x41, 0x72, 0x63, 0x22, 0x20, 0x63, 0x6c, 
	0x61, 0x73, 0x73, 0x3d, 0x22, 0x67, 0x61, 0x75, 0x67, 0x65, 
	0x41, 0x72, 0x63, 0x22, 0xd, 0xa, 0x20, 0x20, 0x20, 0x20, 
	0x20, 0x20, 0x20, 0x20, 0x20, 0x20, 0x20, 0x20, 0x20, 0x20, 
	0x64, 0x3d, 0x22, 0x4d, 0x20, 0x32, 0x30, 0x20, 0x31, 0x32, 
	0x30, 0x20, 0x41, 0x20, 0x39, 0x30, 0x20, 0x39, 0x30, 0x20, 
	0x30, 0x20, 0x30, 0x20, 0x31, 0x20, 0x32, 0x30, 0x30, 0x20, 
	0x31, 0x32, 0x30, 0x22, 0xd, 0xa, 0x20, 0x20, 0x20, 0x20, 
	0x20, 0x20, 0x20, 0x20, 0x20, 0x20, 0x20, 0x20, 0x20, 0x20, 
	0x66, 0x69, 0x6c, 0x6c, 0x3d, 0x22, 0x6e, 0x6f, 0x6e, 0x65, 
	0x22, 0x20, 0x73, 0x74, 0x72, 0x6f, 0x6b, 0x65, 0x3d, 0x22, 
	0x23, 0x33, 0x61, 0x36, 0x37, 0x66, 0x66, 0x22, 0x20, 0x73, 
	0x74, 0x72, 0x6f, 0x6b, 0x65, 0x2d, 0x77, 0x69, 0x64, 0x74, 
	0x68, 0x3d, 0x22, 0x31, 0x38, 0x22, 0x20, 0x73, 0x74, 0x72, 
	0x6f, 0x6b, 0x65, 0x2d, 0x6c, 0x69, 0x6e, 0x65, 0x63, 0x61, 
	0x70, 0x3d, 0x22, 0x72, 0x6f, 0x75, 0x6e, 0x64, 0x22, 0xd, 
	0xa, 0x20, 0x20, 0x20, 0x20, 0x20, 0x20, 0x20, 0x20, 0x20, 
	0x20, 0x20, 0x20, 0x20, 0x20, 0x73, 0x74, 0x72, 0x6f, 0x6b, 
	0x65, 0x2d, 0x64, 0x61, 0x73, 0x68, 0x61, 0x72, 0x72, 0x61, 
	0x79, 0x3d, 0x22, 0x30, 0x20, 0x39, 0x39, 0x39, 0x39, 0x22, 
	0x20, 0x2f, 0x3e, 0xd, 0xa, 0xd, 0xa, 0x20, 0x20, 0x20, 
	0x20, 0x20, 0x20, 0x20, 0x20, 0x20, 0x20, 0x20, 0x20, 0x3c, 
	0x21, 0x2d, 0x2d, 0x20, 0x54, 0x68, 0x69, 0x6e, 0x20, 0x69, 
	0x6e, 0x6e, 0x65, 0x72, 0x20, 0x61, 0x72, 0x63, 0x20, 0x28, 
	0x76, 0x69, 0x73, 0x75, 0x61, 0x6c, 0x20, 0x68, 0x65, 0x6c, 
	0x70, 0x65, 0x72, 0x29, 0x20, 0x2d, 0x2d, 0x3e, 0xd, 0xa, 
	0x20, 0x20, 0x20, 0x20, 0x20, 0x20, 0x20, 0x20, 0x20, 0x20, 
	0x20, 0x20, 0x3c, 0x70, 0x61, 0x74, 0x68, 0x20, 0x69, 0x64, 
	0x3d, 0x22, 0x74, 0x54, 0x69, 0x63, 0x6b, 0x22, 0x20, 0x63, 
	0x6c, 0x61, 0x73, 0x73, 0x3d, 0x22, 0x67, 0x61, 0x75, 0x67, 
	0x65, 0x54, 0x69, 0x63, 0x6b, 0x22, 0xd, 0xa, 0x20, 0x20, 
	0x20, 0x20, 0x20, 0x20, 0x20, 0x20, 0x20, 0x20, 0x20, 0x20, 
	0x20, 0x20, 0x64, 0x3d, 0x22, 0x4d, 0x20, 0x33, 0x30, 0x20, 
	0x31, 0x32, 0x30, 0x20, 0x41, 0x20, 0x38, 0x30, 0x20, 0x38, 
	0x30, 0x20, 0x30, 0x20, 0x30, 0x20, 0x31, 0x20, 0x31, 0x39, 
	0x30, 0x20, 0x31, 0x32, 0x30, 0x22, 0xd, 0xa, 0x20, 0x20, 
	0x20, 0x20, 0x20, 0x20, 0x20, 0x20, 0x20, 0x20, 0x20, 0x20, 
	0x20, 0x20, 0x66, 0x69, 0x6c, 0x6c, 0x3d, 0x22, 0x6e, 0x6f, 
	0x6e, 0x65, 0x22, 0x20, 0x73, 0x74, 0x72, 0x6f, 0x6b, 0x65, 
	0x3d, 0x22, 0x23, 0x32, 0x61, 0x33, 0x35, 0x35, 0x66, 0x35, 
	0x35, 0x22, 0x20, 0x73, 0x74, 0x72, 0x6f, 0x6b, 0x65, 0x2d, 
	0x77, 0x69, 0x64, 0x74, 0x68, 0x3d, 0x22, 0x32, 0x22, 0x20, 
	0x2f, 0x3e, 0xd, 0xa, 0xd, 0xa, 0x20, 0x20, 0x20, 0x20, 
	0x20, 0x20, 0x20, 0x20, 0x20, 0x20, 0x20, 0x20, 0x3c, 0x21, 
	0x2d, 0x2d, 0x20, 0x4e, 0x65, 0x65, 0x64, 0x6c, 0x65, 0x20, 
	0x28, 0x72, 0x6f, 0x74, 0x61, 0x74, 0x69, 0x6f, 0x6e, 0x20, 
	0x69, 0x73, 0x20, 0x75, 0x70, 0x64, 0x61, 0x74, 0x65, 0x64, 
	0x20, 0x62, 0x79, 0x20, 0x4a, 0x53, 0x29, 0x20, 0x2d, 0x2d, 
	0x3e, 0xd, 0xa, 0x20, 0x20, 0x20, 0x20, 0x20, 0x20, 0x20, 
	0x20, 0x20, 0x20, 0x20, 0x20, 0x3c, 0x67, 0x20, 0x69, 0x64, 
	0x3d, 0x22, 0x74, 0x4e, 0x65, 0x65, 0x64, 0x6c, 0x65, 0x22, 
	0x20, 0x63, 0x6c, 0x61, 0x73, 0x73, 0x3d, 0x22, 0x67, 0x61, 
	0x75, 0x67, 0x65, 0x4e, 0x65, 0x65, 0x64, 0x6c, 0x65, 0x22, 
	0x20, 0x74, 0x72, 0x61, 0x6e, 0x73, 0x66, 0x6f, 0x72, 0x6d, 
	0x3d, 0x22, 0x74, 0x72, 0x61, 0x6e, 0x73, 0x6c, 0x61, 0x74, 
	0x65, 0x28, 0x31, 0x31, 0x30, 0x20, 0x31, 0x32, 0x30, 0x29, 
	0x20, 0x72, 0x6f, 0x74, 0x61, 0x74, 0x65, 0x28, 0x2d, 0x39, 
	0x30, 0x29, 0x22, 0x3e, 0xd, 0xa, 0x20, 0x20, 0x20, 0x20, 
	0x20, 0x20, 0x20, 0x20, 0x20, 0x20, 0x20, 0x20, 0x20, 0x20, 
	0x3c, 0x6c, 0x69, 0x6e, 0x65, 0x20, 0x63, 0x6c, 0x61, 0x73, 
	0x73, 0x3d, 0x22, 0x6e, 0x65, 0x65, 0x64, 0x6c, 0x65, 0x4c, 
	0x69, 0x6e, 0x65, 0x22, 0x20, 0x78, 0x31, 0x3d, 0x22, 0x30, 
	0x22, 0x20, 0x79, 0x31, 0x3d, 0x22, 0x30, 0x22, 0x20, 0x78, 
	0x32, 0x3d, 0x22, 0x30, 0x22, 0x20, 0x79, 0x32, 0x3d, 0x22, 
	0x2d, 0x37, 0x38, 0x22, 0xd, 0xa, 0x20, 0x20, 0x20, 0x20, 
	0x20, 0x20, 0x20, 0x20, 0x20, 0x20, 0x20, 0x20, 0x20, 0x20, 
	0x20, 0x20, 0x20, 0x20, 0x20, 0x20, 0x73, 0x74, 0x72, 0x6f, 
	0x6b, 0x65, 0x3d, 0x22, 0x23, 0x65, 0x38, 0x65, 0x63, 0x66, 
	0x66, 0x22, 0x20, 0x73, 0x74, 0x72, 0x6f, 0x6b, 0x65, 0x2d, 
	0x77, 0x69, 0x64, 0x74, 0x68, 0x3d, 0x22, 0x33, 0x22, 0x20, 
	0x73, 0x74, 0x72, 0x6f, 0x6b, 0x65, 0x2d, 0x6c, 0x69, 0x6e, 
	0x65, 0x63, 0x61, 0x70, 0x3d, 0x22, 0x72, 0x6f, 0x75, 0x6e, 
	0x64, 0x22, 0x20, 0x2f, 0x3e, 0xd, 0xa, 0x20, 0x20, 0x20, 
	0x20, 0x20, 0x20, 0x20, 0x20, 0x20, 0x20, 0x20, 0x20, 0x20, 
	0x20, 0x3c, 0x63, 0x69, 0x72, 0x63, 0x6c, 0x65, 0x20, 0x63, 
	0x78, 0x3d, 0x22, 0x30, 0x22, 0x20, 0x63, 0x79, 0x3d, 0x22, 
	0x30, 0x22, 0x20, 0x72, 0x3d, 0x22, 0x36, 0x22, 0x20, 0x66, 
	0x69, 0x6c, 0x6c, 0x3d, 0x22, 0x23, 0x65, 0x38, 0x65, 0x63, 
	0x66, 0x66, 0x22, 0x20, 0x2f, 0x3e, 0xd, 0xa, 0x20, 0x20, 
	0x20, 0x20, 0x20, 0x20, 0x20, 0x20, 0x20, 0x20, 0x20, 0x20, 
	0x3c, 0x2f, 0x67, 0x3e, 0xd, 0xa, 0x20, 0x20, 0x20, 0x20, 
	0x20, 0x20, 0x20, 0x20, 0x20, 0x20, 0x3c, 0x2f, 0x73, 0x76, 
	0x67, 0x3e, 0xd, 0xa, 0x20, 0x20, 0x20, 0x20, 0x20, 0x20, 
	0x20, 0x20, 0x3c, 0x2f, 0x64, 0x69, 0x76, 0x3e, 0xd, 0xa, 
	0xd, 0xa, 0x20, 0x20, 0x20, 0x20, 0x20, 0x20, 0x20, 0x20, 
	0x3c, 0x64, 0x69, 0x76, 0x20, 0x63, 0x6c, 0x61, 0x73, 0x73, 
	0x3d, 0x22, 0x62, 0x69, 0x67, 0x22, 0x3e, 0xd, 0xa, 0x20, 
	0x20, 0x20, 0x20, 0x20, 0x20, 0x20, 0x20, 0x20, 0x20, 0x3c, 
	0x73, 0x70, 0x61, 0x6e, 0x20, 0x69, 0x64, 0x3d, 0x22, 0x74, 
	0x56, 0x61, 0x6c, 0x22, 0x3e, 0x2d, 0x2d, 0x2e, 0x2d, 0x3c, 
	0x2f, 0x73, 0x70, 0x61, 0x6e, 0x3e, 0x3c, 0x73, 0x70, 0x61, 
	0x6e, 0x20, 0x63, 0x6c, 0x61, 0x73, 0x73, 0x3d, 0x22, 0x75, 
	0x6e, 0x69, 0x74, 0x22, 0x3e, 0xc2, 0xb0, 0x43, 0x3c, 0x2f, 
	0x73, 0x70, 0x61, 0x6e, 0x3e, 0xd, 0xa, 0x20, 0x20, 0x20, 
	0x20, 0x20, 0x20, 0x20, 0x20, 0x3c, 0x2f, 0x64, 0x69, 0x76, 
	0x3e, 0xd, 0xa, 0x20, 0x20, 0x20, 0x20, 0x20, 0x20, 0x20, 
	0x20, 0x3c, 0x64, 0x69, 0x76, 0x20, 0x63, 0x6c, 0x61, 0x73, 
	0x73, 0x3d, 0x22, 0x73, 0x6d, 0x61, 0x6c, 0x6c, 0x22, 0x20, 
	0x69, 0x64, 0x3d, 0x22, 0x74, 0x48, 0x69, 0x6e, 0x74, 0x22, 
	0x3e, 0x4f, 0x4b, 0x3c, 0x2f, 0x64, 0x69, 0x76, 0x3e, 0xd, 
	0xa, 0x20, 0x20, 0x20, 0x20, 0x20, 0x20, 0x3c, 0x2f, 0x73, 
	0x65, 0x63, 0x74, 0x69, 0x6f, 0x6e, 0x3e, 0xd, 0xa, 0xd, 
	0xa, 0x20, 0x20, 0x20, 0x20, 0x20, 0x20, 0x3c, 0x21, 0x2d, 
	0x2d, 0x20, 0x3d, 0x3d, 0x3d, 0x3d, 0x3d, 0x3d, 0x3d, 0x3d, 
	0x3d, 0x3d, 0x3d, 0x3d, 0x3d, 0x3d, 0x3d, 0x3d, 0x3d, 0x3d, 
	0x3d, 0x3d, 0x3d, 0x20, 0x48, 0x55, 0x4d, 0x49, 0x44, 0x49, 
	0x54, 0x59, 0x20, 0x3d, 0x3d, 0x3d, 0x3d, 0x3d, 0x3d, 0x3d, 
	0x3d, 0x3d, 0x3d, 0x3d, 0x3d, 0x3d, 0x3d, 0x3d, 0x3d, 0x3d, 
	0x3d, 0x3d, 0x3d, 0x3d, 0x20, 0x2d, 0x2d, 0x3e, 0xd, 0xa, 
	0x20, 0x20, 0x20, 0x20, 0x20, 0x20, 0x3c, 0x73, 0x65, 0x63, 
	0x74, 0x69, 0x6f, 0x6e, 0x20, 0x63, 0x6c, 0x61, 0x73, 0x73, 
	0x3d, 0x22, 0x63, 0x61, 0x72, 0x64, 0x22, 0x20, 0x61, 0x72, 
	0x69, 0x61, 0x2d, 0x6c, 0x61, 0x62, 0x65, 0x6c, 0x6c, 0x65, 
	0x64, 0x62, 0x79, 0x3d, 0x22, 0x68, 0x75, 0x6d, 0x54, 0x69, 
	0x74, 0x6c, 0x65, 0x22, 0x3e, 0xd, 0xa, 0x20, 0x20, 0x20, 
	0x20, 0x20, 0x20, 0x20, 0x20, 0x3c, 0x64, 0x69, 0x76, 0x20, 
	0x63, 0x6c, 0x61, 0x73, 0x73, 0x3d, 0x22, 0x74, 0x6f, 0x70, 
	0x72, 0x6f, 0x77, 0x22, 0x3e, 0xd, 0xa, 0x20, 0x20, 0x20, 
	0x20, 0x20, 0x20, 0x20, 0x20, 0x20, 0x20, 0x3c, 0x64, 0x69, 
	0x76, 0x20, 0x63, 0x6c, 0x61, 0x73, 0x73, 0x3d, 0x22, 0x6c, 
	0x61, 0x62, 0x65, 0x6c, 0x22, 0x20, 0x69, 0x64, 0x3d, 0x22, 
	0x68, 0x75, 0x6d, 0x54, 0x69, 0x74, 0x6c, 0x65, 0x22, 0x3e, 
	0x48, 0x75, 0x6d, 0x69, 0x64, 0x69, 0x74, 0x79, 0x3c, 0x2f, 
	0x64, 0x69, 0x76, 0x3e, 0xd, 0xa, 0x20, 0x20, 0x20, 0x20, 
	0x20, 0x20, 0x20, 0x20, 0x20, 0x20, 0x3c, 0x64, 0x69, 0x76, 
	0x20, 0x63, 0x6c, 0x61, 0x73, 0x73, 0x3d, 0x22, 0x62, 0x61, 
	0x64, 0x67, 0x65, 0x20, 0x6d, 0x6f, 0x6e, 0x6f, 0x22, 0x20, 
	0x69, 0x64, 0x3d, 0x22, 0x68, 0x52, 0x61, 0x6e, 0x67, 0x65, 
	0x22, 0x3e, 0x30, 0xe2, 0x80, 0xa6, 0x31, 0x30, 0x30, 0x20, 
	0x25, 0x52, 0x48, 0x3c, 0x2f, 0x64, 0x69, 0x76, 0x3e, 0xd, 
	0xa, 0x20, 0x20, 0x20, 0x20, 0x20, 0x20, 0x20, 0x20, 0x3c, 
	0x2f, 0x64, 0x69, 0x76, 0x3e, 0xd, 0xa, 0xd, 0xa, 0x20, 
	0x20, 0x20, 0x20, 0x20, 0x20, 0x20, 0x20, 0x3c, 0x64, 0x69, 
	0x76, 0x20, 0x63, 0x6c, 0x61, 0x73, 0x73, 0x3d, 0x22, 0x67, 
	0x61, 0x75, 0x67, 0x65, 0x22, 0x3e, 0xd, 0xa, 0x20, 0x20, 
	0x20, 0x20, 0x20, 0x20, 0x20, 0x20, 0x20, 0x20, 0x3c, 0x73, 
	0x76, 0x67, 0x20, 0x63, 0x6c, 0x61, 0x73, 0x73, 0x3d, 0x22, 
	0x67, 0x61, 0x75, 0x67, 0x65, 0x53, 0x76, 0x67, 0x22, 0x20, 
	0x76, 0x69, 0x65, 0x77, 0x42, 0x6f, 0x78, 0x3d, 0x22, 0x30, 
	0x20, 0x30, 0x20, 0x32, 0x32, 0x30, 0x20, 0x31, 0x34, 0x30, 
	0x22, 0x20, 0x61, 0x72, 0x69, 0x61, 0x2d, 0x6c, 0x61, 0x62, 
	0x65, 0x6c, 0x3d, 0x22, 0x57, 0x69, 0x6c, 0x67, 0x6f, 0x74, 
	0x6e, 0x6f, 0xc5, 0x9b, 0xc4, 0x87, 0x22, 0x3e, 0xd, 0xa, 
	0x20, 0x20, 0x20, 0x20, 0x20, 0x20, 0x20, 0x20, 0x20, 0x20, 
	0x20, 0x20, 0x3c, 0x21, 0x2d, 0x2d, 0x20, 0x42, 0x61, 0x63, 
	0x6b, 0x67, 0x72, 0x6f, 0x75, 0x6e, 0x64, 0x20, 0x61, 0x72, 
	0x63, 0x20, 0x2d, 0x2d, 0x3e, 0xd, 0xa, 0x20, 0x20, 0x20, 
	0x20, 0x20, 0x20, 0x20, 0x20, 0x20, 0x20, 0x20, 0x20, 0x3c, 
	0x70, 0x61, 0x74, 0x68, 0x20, 0x69, 0x64, 0x3d, 0x22, 0x68, 
	0x42, 0x67, 0x22, 0x20, 0x63, 0x6c, 0x61, 0x73, 0x73, 0x3d, 
	0x22, 0x67, 0x61, 0x75, 0x67, 0x65, 0x42, 0x67, 0x22, 0xd, 
	0xa, 0x20, 0x20, 0x20, 0x20, 0x20, 0x20, 0x20, 0x20, 0x20, 
	0x20, 0x20, 0x20, 0x20, 0x20, 0x64, 0x3d, 0x22, 0x4d, 0x20, 
	0x32, 0x30, 0x20, 0x31, 0x32, 0x30, 0x20, 0x41, 0x20, 0x39, 
	0x30, 0x20, 0x39, 0x30, 0x20, 0x30, 0x20, 0x30, 0x20, 0x31, 
	0x20, 0x32, 0x30, 0x30, 0x20, 0x31, 0x32, 0x30, 0x22, 0xd, 
	0xa, 0x20, 0x20, 0x20, 0x20, 0x20, 0x20, 0x20, 0x20, 0x20, 
	0x20, 0x20, 0x20, 0x20, 0x20, 0x66, 0x69, 0x6c, 0x6c, 0x3d, 
	0x22, 0x6e, 0x6f, 0x6e, 0x65, 0x22, 0x20, 0x73, 0x74, 0x72, 
	0x6f, 0x6b, 0x65, 0x3d, 0x22, 0x76, 0x61, 0x72, 0x28, 0x2d, 
	0x2d, 0x73, 0x74, 0x72, 0x6f, 0x6b, 0x65, 0x29, 0x22, 0x20, 
	0x73, 0x74, 0x72, 0x6f, 0x6b, 0x65, 0x2d, 0x77, 0x69, 0x64, 
	0x74, 0x68, 0x3d, 0x22, 0x31, 0x38, 0x22, 0x20, 0x73, 0x74, 
	0x72, 0x6f, 0x6b, 0x65, 0x2d, 0x6c, 0x69, 0x6e, 0x65, 0x63, 
	0x61, 0x70, 0x3d, 0x22, 0x72, 0x6f, 0x75, 0x6e, 0x64, 0x22, 
	0x20, 0x2f, 0x3e, 0xd, 0xa, 0xd, 0xa, 0x20, 0x20, 0x20, 
	0x20, 0x20, 0x20, 0x20, 0x20, 0x20, 0x20, 0x20, 0x20, 0x3c, 
	0x21, 0x2d, 0x2d, 0x20, 0x41, 0x6e, 0x69, 0x6d, 0x61, 0x74, 
	0x65, 0x64, 0x20, 0x76, 0x61, 0x6c, 0x75, 0x65, 0x20, 0x61, 
	0x72, 0x63, 0x20, 0x2d, 0x2d, 0x3e, 0xd, 0xa, 0x20, 0x20, 
	0x20, 0x20, 0x20, 0x20, 0x20, 0x20, 0x20, 0x20, 0x20, 0x20, 
	0x3c, 0x70, 0x61, 0x74, 0x68, 0x20, 0x69, 0x64, 0x3d, 0x22, 
	0x68, 0x41, 0x72, 0x63, 0x22, 0x20, 0x63, 0x6c, 0x61, 0x73, 
	0x73, 0x3d, 0x22, 0x67, 0x61, 0x75, 0x67, 0x65, 0x41, 0x72, 
	0x63, 0x22, 0xd, 0xa, 0x20, 0x20, 0x20, 0x20, 0x20, 0x20, 
	0x20, 0x20, 0x20, 0x20, 0x20, 0x20, 0x20, 0x20, 0x64, 0x3d, 
	0x22, 0x4d, 0x20, 0x32, 0x30, 0x20, 0x31, 0x32, 0x30, 0x20, 
	0x41, 0x20, 0x39, 0x30, 0x20, 0x39, 0x30, 0x20, 0x30, 0x20, 
	0x30, 0x20, 0x31, 0x20, 0x32, 0x30, 0x30, 0x20, 0x31, 0x32, 
	0x30, 0x22, 0xd, 0xa, 0x20, 0x20, 0x20, 0x20, 0x20, 0x20, 
	0x20, 0x20, 0x20, 0x20, 0x20, 0x20, 0x20, 0x20, 0x66, 0x69, 
	0x6c, 0x6c, 0x3d, 0x22, 0x6e, 0x6f, 0x6e, 0x65, 0x22, 0x20, 
	0x73, 0x74, 0x72, 0x6f, 0x6b, 0x65, 0x3d, 0x22, 0x23, 0x31, 
	0x34, 0x66, 0x30, 0x66, 0x66, 0x22, 0x20, 0x73, 0x74, 0x72, 
	0x6f, 0x6b, 0x65, 0x2d, 0x77, 0x69, 0x64, 0x74, 0x68, 0x3d, 
	0x22, 0x31, 0x38, 0x22, 0x20, 0x73, 0x74, 0x72, 0x6f, 0x6b, 
	0x65, 0x2d, 0x6c, 0x69, 0x6e, 0x65, 0x63, 0x61, 0x70, 0x3d, 
	0x22, 0x72, 0x6f, 0x75, 0x6e, 0x64, 0x22, 0xd, 0xa, 0x20, 
	0x20, 0x20, 0x20, 0x20, 0x20, 0x20, 0x20, 0x20, 0x20, 0x20, 
	0x20, 0x20, 0x20, 0x73, 0x74, 0x72, 0x6f, 0x6b, 0x65, 0x2d, 
	0x64, 0x61, 0x73, 0x68, 0x61, 0x72, 0x72, 0x61, 0x79, 0x3d, 
	0x22, 0x30, 0x20, 0x39, 0x39, 0x39, 0x39, 0x22, 0x20, 0x2f, 
	0x3e, 0xd, 0xa, 0xd, 0xa, 0x20, 0x20, 0x20, 0x20, 0x20, 
	0x20, 0x20, 0x20, 0x20, 0x20, 0x20, 0x20, 0x3c, 0x21, 0x2d, 
	0x2d, 0x20, 0x54, 0x68, 0x69, 0x6e, 0x20, 0x69, 0x6e, 0x6e, 
	0x65, 0x72, 0x20, 0x61, 0x72, 0x63, 0x20, 0x2d, 0x2d, 0x3e, 
	0xd, 0xa, 0x20, 0x20, 0x20, 0x20, 0x20, 0x20, 0x20, 0x20, 
	0x20, 0x20, 0x20, 0x20, 0x3c, 0x70, 0x61, 0x74, 0x68, 0x20, 
	0x69, 0x64, 0x3d, 0x22, 0x68, 0x54, 0x69, 0x63, 0x6b, 0x22, 
	0x20, 0x63, 0x6c, 0x61, 0x73, 0x73, 0x3d, 0x22, 0x67, 0x61, 
	0x75, 0x67, 0x65, 0x54, 0x69, 0x63, 0x6b, 0x22, 0xd, 0xa, 
	0x20, 0x20, 0x20, 0x20, 0x20, 0x20, 0x20, 0x20, 0x20, 0x20, 
	0x20, 0x20, 0x20, 0x20, 0x64, 0x3d, 0x22, 0x4d, 0x20, 0x33, 
	0x30, 0x20, 0x31, 0x32, 0x30, 0x20, 0x41, 0x20, 0x38, 0x30, 
	0x20, 0x38, 0x30, 0x20, 0x30, 0x20, 0x30, 0x20, 0x31, 0x20, 
	0x31, 0x39, 0x30, 0x20, 0x31, 0x32, 0x30, 0x22, 0xd, 0xa, 
	0x20, 0x20, 0x20, 0x20, 0x20, 0x20, 0x20, 0x20, 0x20, 0x20, 
	0x20, 0x20, 0x20, 0x20, 0x66, 0x69, 0x6c, 0x6c, 0x3d, 0x22, 
	0x6e, 0x6f, 0x6e, 0x65, 0x22, 0x20, 0x73, 0x74, 0x72, 0x6f, 
	0x6b, 0x65, 0x3d, 0x22, 0x23, 0x32, 0x61, 0x33, 0x35, 0x35, 
	0x66, 0x35, 0x35, 0x22, 0x20, 0x73, 0x74, 0x72, 0x6f, 0x6b, 
	0x65, 0x2d, 0x77, 0x69, 0x64, 0x74, 0x68, 0x3d, 0x22, 0x32, 
	0x22, 0x20, 0x2f, 0x3e, 0xd, 0xa, 0xd, 0xa, 0x20, 0x20, 
	0x20, 0x20, 0x20, 0x20, 0x20, 0x20, 0x20, 0x20, 0x20, 0x20, 
	0x3c, 0x21, 0x2d, 0x2d, 0x20, 0x4e, 0x65, 0x65, 0x64, 0x6c, 
	0x65, 0x20, 0x2d, 0x2d, 0x3e, 0xd, 0xa, 0x20, 0x20, 0x20, 
	0x20, 0x20, 0x20, 0x20, 0x20, 0x20, 0x20, 0x20, 0x20, 0x3c, 
	0x67, 0x20, 0x69, 0x64, 0x3d, 0x22, 0x68, 0x4e, 0x65, 0x65, 
	0x64, 0x6c, 0x65, 0x22, 0x20, 0x63, 0x6c, 0x61, 0x73, 0x73, 
	0x3d, 0x22, 0x67, 0x61, 0x75, 0x67, 0x65, 0x4e, 0x65, 0x65, 
	0x64, 0x6c, 0x65, 0x22, 0x20, 0x74, 0x72, 0x61, 0x6e, 0x73, 
	0x66, 0x6f, 0x72, 0x6d, 0x3d, 0x22, 0x74, 0x72, 0x61, 0x6e, 
	0x73, 0x6c, 0x61, 0x74, 0x65, 0x28, 0x31, 0x31, 0x30, 0x20, 
	0x31, 0x32, 0x30, 0x29, 0x20, 0x72, 0x6f, 0x74, 0x61, 0x74, 
	0x65, 0x28, 0x2d, 0x39, 0x30, 0x29, 0x22, 0x3e, 0xd, 0xa, 
	0x20, 0x20, 0x20, 0x20, 0x20, 0x20, 0x20, 0x20, 0x20, 0x20, 
	0x20, 0x20, 0x20, 0x20, 0x3c, 0x6c, 0x69, 0x6e, 0x65, 0x20, 
	0x63, 0x6c, 0x61, 0x73, 0x73, 0x3d, 0x22, 0x6e, 0x65, 0x65, 
	0x64, 0x6c, 0x65, 0x4c, 0x69, 0x6e, 0x65, 0x22, 0x20, 0x78, 
	0x31, 0x3d, 0x22, 0x30, 0x22, 0x20, 0x79, 0x31, 0x3d, 0x22, 
	0x30, 0x22, 0x20, 0x78, 0x32, 0x3d, 0x22, 0x30, 0x22, 0x20, 
	0x79, 0x32, 0x3d, 0x22, 0x2d, 0x37, 0x38, 0x22, 0xd, 0xa, 
	0x20, 0x20, 0x20, 0x20, 0x20, 0x20, 0x20, 0x20, 0x20, 0x20, 
	0x20, 0x20, 0x20, 0x20, 0x20, 0x20, 0x20, 0x20, 0x20, 0x20, 
	0x73, 0x74, 0x72, 0x6f, 0x6b, 0x65, 0x3d, 0x22, 0x23, 0x65, 
	0x38, 0x65, 0x63, 0x66, 0x66, 0x22, 0x20, 0x73, 0x74, 0x72, 
	0x6f, 0x6b, 0x65, 0x2d, 0x77, 0x69, 0x64, 0x74, 0x68, 0x3d, 
	0x22, 0x33, 0x22, 0x20, 0x73, 0x74, 0x72, 0x6f, 0x6b, 0x65, 
	0x2d, 0x6c, 0x69, 0x6e, 0x65, 0x63, 0x61, 0x70, 0x3d, 0x22, 
	0x72, 0x6f, 0x75, 0x6e, 0x64, 0x22, 0x20, 0x2f, 0x3e, 0xd, 
	0xa, 0x20, 0x20, 0x20, 0x20, 0x20, 0x20, 0x20, 0x20, 0x20, 
	0x20, 0x20, 0x20, 0x20, 0x20, 0x3c, 0x63, 0x69, 0x72, 0x63, 
	0x6c, 0x65, 0x20, 0x63, 0x78, 0x3d, 0x22, 0x30, 0x22, 0x20, 
	0x63, 0x79, 0x3d, 0x22, 0x30, 0x22, 0x20, 0x72, 0x3d, 0x22, 
	0x36, 0x22, 0x20, 0x66, 0x69, 0x6c, 0x6c, 0x3d, 0x22, 0x23, 
	0x65, 0x38, 0x65, 0x63, 0x66, 0x66, 0x22, 0x20, 0x2f, 0x3e, 
	0xd, 0xa, 0x20, 0x20, 0x20, 0x20, 0x20, 0x20, 0x20, 0x20, 
	0x20, 0x20, 0x20, 0x20, 0x3c, 0x2f, 0x67, 0x3e, 0xd, 0xa, 
	0x20, 0x20, 0x20, 0x20, 0x20, 0x20, 0x20, 0x20, 0x20, 0x20, 
	0x3c, 0x2f, 0x73, 0x76, 0x67, 0x3e, 0xd, 0xa, 0x20, 0x20, 
	0x20, 0x20, 0x20, 0x20, 0x20, 0x20, 0x3c, 0x2f, 0x64, 0x69, 
	0x76, 0x3e, 0xd, 0xa, 0xd, 0xa, 0x20, 0x20, 0x20, 0x20, 
	0x20, 0x20, 0x20, 0x20, 0x3c, 0x64, 0x69, 0x76, 0x20, 0x63, 
	0x6c, 0x61, 0x73, 0x73, 0x3d, 0x22, 0x62, 0x69, 0x67, 0x22, 
	0x3e, 0xd, 0xa, 0x20, 0x20, 0x20, 0x20, 0x20, 0x20, 0x20, 
	0x20, 0x20, 0x20, 0x3c, 0x73, 0x70, 0x61, 0x6e, 0x20, 0x69, 
	0x64, 0x3d, 0x22, 0x68, 0x56, 0x61, 0x6c, 0x22, 0x3e, 0x2d, 
	0x2d, 0x2e, 0x2d, 0x3c, 0x2f, 0x73, 0x70, 0x61, 0x6e, 0x3e, 
	0x3c, 0x73, 0x70, 0x61, 0x6e, 0x20, 0x63, 0x6c, 0x61, 0x73, 
	0x73, 0x3d, 0x22, 0x75, 0x6e, 0x69, 0x74, 0x22, 0x3e, 0x25, 
	0x52, 0x48, 0x3c, 0x2f, 0x73, 0x70, 0x61, 0x6e, 0x3e, 0xd, 
	0xa, 0x20, 0x20, 0x20, 0x20, 0x20, 0x20, 0x20, 0x20, 0x3c, 
	0x2f, 0x64, 0x69, 0x76, 0x3e, 0xd, 0xa, 0x20, 0x20, 0x20, 
	0x20, 0x20, 0x20, 0x20, 0x20, 0x3c, 0x64, 0x69, 0x76, 0x20, 
	0x63, 0x6c, 0x61, 0x73, 0x73, 0x3d, 0x22, 0x73, 0x6d, 0x61, 
	0x6c, 0x6c, 0x22, 0x20, 0x69, 0x64, 0x3d, 0x22, 0x68, 0x48, 
	0x69, 0x6e, 0x74, 0x22, 0x3e, 0x4f, 0x4b, 0x3c, 0x2f, 0x64, 
	0x69, 0x76, 0x3e, 0xd, 0xa, 0x20, 0x20, 0x20, 0x20, 0x20, 
	0x20, 0x3c, 0x2f, 0x73, 0x65, 0x63, 0x74, 0x69, 0x6f, 0x6e, 
	0x3e, 0xd, 0xa, 0xd, 0xa, 0x20, 0x20, 0x20, 0x20, 0x3c, 
	0x2f, 0x64, 0x69, 0x76, 0x3e, 0xd, 0xa, 0x20, 0x20, 0x3c, 
	0x2f, 0x64, 0x69, 0x76, 0x3e, 0xd, 0xa, 0xd, 0xa, 0x20, 
	0x20, 0x3c, 0x21, 0x2d, 0x2d, 0x20, 0x44, 0x61, 0x73, 0x68, 
	0x62, 0x6f, 0x61, 0x72, 0x64, 0x20, 0x70, 0x6f, 0x6c, 0x6c, 
	0x69, 0x6e, 0x67, 0x20, 0x2b, 0x20, 0x67, 0x61, 0x75, 0x67, 
	0x65, 0x20, 0x72, 0x65, 0x6e, 0x64, 0x65, 0x72, 0x69, 0x6e, 
	0x67, 0x20, 0x6c, 0x6f, 0x67, 0x69, 0x63, 0x20, 0x2d, 0x2d, 
	0x3e, 0xd, 0xa, 0x20, 0x20, 0x3c, 0x73, 0x63, 0x72, 0x69, 
	0x70, 0x74, 0x20, 0x73, 0x72, 0x63, 0x3d, 0x22, 0x64, 0x61, 
	0x73, 0x68, 0x62, 0x6f, 0x61, 0x72, 0x64, 0x2e, 0x6a, 0x73, 
	0x22, 0x3e, 0x3c, 0x2f, 0x73, 0x63, 0x72, 0x69, 0x70, 0x74, 
	0x3e, 0xd, 0xa, 0x3c, 0x2f, 0x62, 0x6f, 0x64, 0x79, 0x3e, 
	0xd, 0xa, 0x3c, 0x2f, 0x68, 0x74, 0x6d, 0x6c, 0x3e, };

static const unsigned char data_login_js[] = {
	/* /login.js */
	0x2f, 0x6c, 0x6f, 0x67, 0x69, 0x6e, 0x2e, 0x6a, 0x73, 0,
	0x48, 0x54, 0x54, 0x50, 0x2f, 0x31, 0x2e, 0x30, 0x20, 0x32, 
	0x30, 0x30, 0x20, 0x4f, 0x4b, 0xd, 0xa, 0x53, 0x65, 0x72, 
	0x76, 0x65, 0x72, 0x3a, 0x20, 0x6c, 0x77, 0x49, 0x50, 0x2f, 
	0x70, 0x72, 0x65, 0x2d, 0x30, 0x2e, 0x36, 0x20, 0x28, 0x68, 
	0x74, 0x74, 0x70, 0x3a, 0x2f, 0x2f, 0x77, 0x77, 0x77, 0x2e, 
	0x73, 0x69, 0x63, 0x73, 0x2e, 0x73, 0x65, 0x2f, 0x7e, 0x61, 
	0x64, 0x61, 0x6d, 0x2f, 0x6c, 0x77, 0x69, 0x70, 0x2f, 0x29, 
	0xd, 0xa, 0x43, 0x6f, 0x6e, 0x74, 0x65, 0x6e, 0x74, 0x2d, 
	0x74, 0x79, 0x70, 0x65, 0x3a, 0x20, 0x61, 0x70, 0x70, 0x6c, 
	0x69, 0x63, 0x61, 0x74, 0x69, 0x6f, 0x6e, 0x2f, 0x6a, 0x61, 
	0x76, 0x61, 0x73, 0x63, 0x72, 0x69, 0x70, 0x74, 0xd, 0xa, 
	0xd, 0xa, 0x2f, 0x2a, 0x2a, 0xd, 0xa, 0x20, 0x2a, 0x20, 
	0x6c, 0x6f, 0x67, 0x69, 0x6e, 0x2e, 0x6a, 0x73, 0xd, 0xa, 
	0x20, 0x2a, 0x20, 0x43, 0x6c, 0x69, 0x65, 0x6e, 0x74, 0x2d, 
	0x73, 0x69, 0x64, 0x65, 0x20, 0x61, 0x75, 0x74, 0x68, 0x65, 
	0x6e, 0x74, 0x69, 0x63, 0x61, 0x74, 0x69, 0x6f, 0x6e, 0x20, 
	0x68, 0x61, 0x6e, 0x64, 0x6c, 0x65, 0x72, 0x20, 0x66, 0x6f, 
	0x72, 0x20, 0x74, 0x68, 0x65, 0x20, 0x65, 0x6d, 0x62, 0x65, 
	0x64, 0x64, 0x65, 0x64, 0x20, 0x77, 0x65, 0x62, 0x20, 0x69, 
	0x6e, 0x74, 0x65, 0x72, 0x66, 0x61, 0x63, 0x65, 0x2e, 0xd, 
	0xa, 0x20, 0x2a, 0xd, 0xa, 0x20, 0x2a, 0x20, 0x48, 0x61, 
	0x6e, 0x64, 0x6c, 0x65, 0x73, 0x20, 0x6c, 0x6f, 0x67, 0x69, 
	0x6e, 0x20, 0x66, 0x6f, 0x72, 0x6d, 0x20, 0x73, 0x75, 0x62, 
	0x6d, 0x69, 0x73, 0x73, 0x69, 0x6f, 0x6e, 0x20, 0x61, 0x6e, 
	0x64, 0x20, 0x63, 0x6f, 0x6d, 0x6d, 0x75, 0x6e, 0x69, 0x63, 
	0x61, 0x74, 0x69, 0x6f, 0x6e, 0x20, 0x77, 0x69, 0x74, 0x68, 
	0x20, 0x74, 0x68, 0x65, 0x20, 0x60, 0x2f, 0x61, 0x70, 0x69, 
	0x2f, 0x6c, 0x6f, 0x67, 0x69, 0x6e, 0x60, 0xd, 0xa, 0x20, 
	0x2a, 0x20, 0x65, 0x6e, 0x64, 0x70, 0x6f, 0x69, 0x6e, 0x74, 
	0x20, 0x65, 0x78, 0x70, 0x6f, 0x73, 0x65, 0x64, 0x20, 0x62, 
	0x79, 0x20, 0x74, 0x68, 0x65, 0x20, 0x65, 0x6d, 0x62, 0x65, 
	0x64, 0x64, 0x65, 0x64, 0x20, 0x64, 0x65, 0x76, 0x69, 0x63, 
	0x65, 0x2e, 0xd, 0xa, 0x20, 0x2a, 0xd, 0xa, 0x20, 0x2a, 
	0x20, 0x54, 0x68, 0x65, 0x20, 0x62, 0x61, 0x63, 0x6b, 0x65, 
	0x6e, 0x64, 0x20, 0x6d, 0x61, 0x79, 0x20, 0x72, 0x65, 0x73, 
	0x70, 0x6f, 0x6e, 0x64, 0x20, 0x69, 0x6e, 0x20, 0x74, 0x77, 
	0x6f, 0x20, 0x64, 0x69, 0x66, 0x66, 0x65, 0x72, 0x65, 0x6e, 
	0x74, 0x20, 0x77, 0x61, 0x79, 0x73, 0x3a, 0xd, 0xa, 0x20, 
	0x2a, 0xd, 0xa, 0x20, 0x2a, 0x20, 0x31, 0x29, 0x20, 0x4a, 
	0x53, 0x4f, 0x4e, 0x20, 0x72, 0x65, 0x73, 0x70, 0x6f, 0x6e, 
	0x73, 0x65, 0x20, 0x69, 0x6e, 0x64, 0x69, 0x63, 0x61, 0x74, 
	0x69, 0x6e, 0x67, 0x20, 0x6c, 0x6f, 0x67, 0x69, 0x6e, 0x20, 
	0x73, 0x75, 0x63, 0x63, 0x65, 0x73, 0x73, 0x20, 0x6f, 0x72, 
	0x20, 0x66, 0x61, 0x69, 0x6c, 0x75, 0x72, 0x65, 0xd, 0xa, 
	0x20, 0x2a, 0x20, 0x32, 0x29, 0x20, 0x48, 0x54, 0x54, 0x50, 
	0x20, 0x72, 0x65, 0x64, 0x69, 0x72, 0x65, 0x63, 0x74, 0x20, 
	0x28, 0x33, 0x30, 0x32, 0x29, 0x20, 0x74, 0x6f, 0x20, 0x74, 
	0x68, 0x65, 0x20, 0x64, 0x61, 0x73, 0x68, 0x62, 0x6f, 0x61, 
	0x72, 0x64, 0x20, 0x70, 0x61, 0x67, 0x65, 0xd, 0xa, 0x20, 
	0x2a, 0xd, 0xa, 0x20, 0x2a, 0x20, 0x53, 0x69, 0x6e, 0x63, 
	0x65, 0x20, 0x74, 0x68, 0x65, 0x20, 0x46, 0x65, 0x74, 0x63, 
	0x68, 0x20, 0x41, 0x50, 0x49, 0x20, 0x64, 0x6f, 0x65, 0x73, 
	0x20, 0x6e, 0x6f, 0x74, 0x20, 0x61, 0x75, 0x74, 0x6f, 0x6d, 
	0x61, 0x74, 0x69, 0x63, 0x61, 0x6c, 0x6c, 0x79, 0x20, 0x75, 
	0x70, 0x64, 0x61, 0x74, 0x65, 0x20, 0x74, 0x68, 0x65, 0x20, 
	0x62, 0x72, 0x6f, 0x77, 0x73, 0x65, 0x72, 0x20, 0x55, 0x52, 
	0x4c, 0x20, 0x61, 0x66, 0x74, 0x65, 0x72, 0xd, 0xa, 0x20, 
	0x2a, 0x20, 0x66, 0x6f, 0x6c, 0x6c, 0x6f, 0x77, 0x69, 0x6e, 
	0x67, 0x20, 0x72, 0x65, 0x64, 0x69, 0x72, 0x65, 0x63, 0x74, 
	0x73, 0x2c, 0x20, 0x74, 0x68, 0x65, 0x20, 0x73, 0x63, 0x72, 
	0x69, 0x70, 0x74, 0x20, 0x70, 0x65, 0x72, 0x66, 0x6f, 0x72, 
	0x6d, 0x73, 0x20, 0x61, 0x20, 0x6d, 0x61, 0x6e, 0x75, 0x61, 
	0x6c, 0x20, 0x72, 0x65, 0x64, 0x69, 0x72, 0x65, 0x63, 0x74, 
	0x20, 0x77, 0x68, 0x65, 0x6e, 0x20, 0x6e, 0x65, 0x65, 0x64, 
	0x65, 0x64, 0x2e, 0xd, 0xa, 0x20, 0x2a, 0x2f, 0xd, 0xa, 
	0xd, 0xa, 0xd, 0xa, 0x2f, 0x2a, 0x20, 0x3d, 0x3d, 0x3d, 
	0x3d, 0x3d, 0x3d, 0x3d, 0x3d, 0x3d, 0x3d, 0x3d, 0x3d, 0x3d, 
	0x3d, 0x3d, 0x3d, 0x3d, 0x3d, 0x3d, 0x3d, 0x3d, 0x3d, 0x3d, 
	0x3d, 0x3d, 0x3d, 0x3d, 0x3d, 0x3d, 0x3d, 0x3d, 0x3d, 0x3d, 
	0x3d, 0x3d, 0x3d, 0x3d, 0x3d, 0x3d, 0x3d, 0x3d, 0x3d, 0x3d, 
	0x3d, 0x3d, 0x3d, 0x3d, 0x3d, 0x3d, 0x3d, 0x3d, 0x3d, 0x3d, 
	0x3d, 0x3d, 0x3d, 0x3d, 0xd, 0xa, 0x20, 0x2a, 0x20, 0x41, 
	0x50, 0x49, 0x20, 0x45, 0x6e, 0x64, 0x70, 0x6f, 0x69, 0x6e, 
	0x74, 0x73, 0xd, 0xa, 0x20, 0x2a, 0x20, 0x3d, 0x3d, 0x3d, 
	0x3d, 0x3d, 0x3d, 0x3d, 0x3d, 0x3d, 0x3d, 0x3d, 0x3d, 0x3d, 
	0x3d, 0x3d, 0x3d, 0x3d, 0x3d, 0x3d, 0x3d, 0x3d, 0x3d, 0x3d, 
	0x3d, 0x3d, 0x3d, 0x3d, 0x3d, 0x3d, 0x3d, 0x3d, 0x3d, 0x3d, 
	0x3d, 0x3d, 0x3d, 0x3d, 0x3d, 0x3d, 0x3d, 0x3d, 0x3d, 0x3d, 
	0x3d, 0x3d, 0x3d, 0x3d, 0x3d, 0x3d, 0x3d, 0x3d, 0x3d, 0x3d, 
	0x3d, 0x3d, 0x3d, 0x3d, 0x20, 0x2a, 0x2f, 0xd, 0xa, 0xd, 
	0xa, 0x2f, 0x2a, 0x2a, 0x20, 0x40, 0x62, 0x72, 0x69, 0x65, 
	0x66, 0x20, 0x4c, 0x6f, 0x67, 0x69, 0x6e, 0x20, 0x65, 0x6e, 
	0x64, 0x70, 0x6f, 0x69, 0x6e, 0x74, 0x20, 0x65, 0x78, 0x70, 
	0x6f, 0x73, 0x65, 0x64, 0x20, 0x62, 0x79, 0x20, 0x74, 0x68, 
	0x65, 0x20, 0x64, 0x65, 0x76, 0x69, 0x63, 0x65, 0x2e, 0x20, 
	0x2a, 0x2f, 0xd, 0xa, 0x63, 0x6f, 0x6e, 0x73, 0x74, 0x20, 
	0x41, 0x50, 0x49, 0x5f, 0x4c, 0x4f, 0x47, 0x49, 0x4e, 0x20, 
	0x3d, 0x20, 0x22, 0x2f, 0x61, 0x70, 0x69, 0x2f, 0x6c, 0x6f, 
	0x67, 0x69, 0x6e, 0x22, 0x3b, 0xd, 0xa, 0xd, 0xa, 0xd, 
	0xa, 0x2f, 0x2a, 0x20, 0x3d, 0x3d, 0x3d, 0x3d, 0x3d, 0x3d, 
	0x3d, 0x3d, 0x3d, 0x3d, 0x3d, 0x3d, 0x3d, 0x3d, 0x3d, 0x3d, 
	0x3d, 0x3d, 0x3d, 0x3d, 0x3d, 0x3d, 0x3d, 0x3d, 0x3d, 0x3d, 
	0x3d, 0x3d, 0x3d, 0x3d, 0x3d, 0x3d, 0x3d, 0x3d, 0x3d, 0x3d, 
	0x3d, 0x3d, 0x3d, 0x3d, 0x3d, 0x3d, 0x3d, 0x3d, 0x3d, 0x3d, 
	0x3d, 0x3d, 0x3d, 0x3d, 0x3d, 0x3d, 0x3d, 0x3d, 0x3d, 0x3d, 
	0x3d, 0xd, 0xa, 0x20, 0x2a, 0x20, 0x44, 0x4f, 0x4d, 0x20, 
	0x48, 0x65, 0x6c, 0x70, 0x65, 0x72, 0x73, 0xd, 0xa, 0x20, 
	0x2a, 0x20, 0x3d, 0x3d, 0x3d, 0x3d, 0x3d, 0x3d, 0x3d, 0x3d, 
	0x3d, 0x3d, 0x3d, 0x3d, 0x3d, 0x3d, 0x3d, 0x3d, 0x3d, 0x3d, 
	0x3d, 0x3d, 0x3d, 0x3d, 0x3d, 0x3d, 0x3d, 0x3d, 0x3d, 0x3d, 
	0x3d, 0x3d, 0x3d, 0x3d, 0x3d, 0x3d, 0x3d, 0x3d, 0x3d, 0x3d, 
	0x3d, 0x3d, 0x3d, 0x3d, 0x3d, 0x3d, 0x3d, 0x3d, 0x3d, 0x3d, 
	0x3d, 0x3d, 0x3d, 0x3d, 0x3d, 0x3d, 0x3d, 0x3d, 0x3d, 0x20, 
	0x2a, 0x2f, 0xd, 0xa, 0xd, 0xa, 0x2f, 0x2a, 0x2a, 0xd, 
	0xa, 0x20, 0x2a, 0x20, 0x40, 0x62, 0x72, 0x69, 0x65, 0x66, 
	0x20, 0x53, 0x68, 0x6f, 0x72, 0x74, 0x68, 0x61, 0x6e, 0x64, 
	0x20, 0x66, 0x6f, 0x72, 0x20, 0x64, 0x6f, 0x63, 0x75, 0x6d, 
	0x65, 0x6e, 0x74, 0x2e, 0x67, 0x65, 0x74, 0x45, 0x6c, 0x65, 
	0x6d, 0x65, 0x6e, 0x74, 0x42, 0x79, 0x49, 0x64, 0x28, 0x29, 
	0x2e, 0xd, 0xa, 0x20, 0x2a, 0xd, 0xa, 0x20, 0x2a, 0x20, 
	0x40, 0x70, 0x61, 0x72, 0x61, 0x6d, 0x20, 0x7b, 0x73, 0x74, 
	0x72, 0x69, 0x6e, 0x67, 0x7d, 0x20, 0x69, 0x64, 0x20, 0x44, 
	0x4f, 0x4d, 0x20, 0x65, 0x6c, 0x65, 0x6d, 0x65, 0x6e, 0x74, 
	0x20, 0x69, 0x64, 0x65, 0x6e, 0x74, 0x69, 0x66, 0x69, 0x65, 
	0x72, 0x2e, 0xd, 0xa, 0x20, 0x2a, 0x20, 0x40, 0x72, 0x65, 
	0x74, 0x75, 0x72, 0x6e, 0x20, 0x7b, 0x48, 0x54, 0x4d, 0x4c, 
	0x45, 0x6c, 0x65, 0x6d, 0x65, 0x6e, 0x74, 0x7c, 0x6e, 0x75, 
	0x6c, 0x6c, 0x7d, 0x20, 0x45, 0x6c, 0x65, 0x6d, 0x65, 0x6e, 
	0x74, 0x20, 0x72, 0x65, 0x66, 0x65, 0x72, 0x65, 0x6e, 0x63, 
	0x65, 0x2e, 0xd, 0xa, 0x20, 0x2a, 0x2f, 0xd, 0xa, 0x66, 
	0x75, 0x6e, 0x63, 0x74, 0x69, 0x6f, 0x6e, 0x20, 0x24, 0x28, 
	0x69, 0x64, 0x29, 0x7b, 0xd, 0xa, 0x20, 0x20, 0x20, 0x20, 
	0x72, 0x65, 0x74, 0x75, 0x72, 0x6e, 0x20, 0x64, 0x6f, 0x63, 
	0x75, 0x6d, 0x65, 0x6e, 0x74, 0x2e, 0x67, 0x65, 0x74, 0x45, 
	0x6c, 0x65, 0x6d, 0x65, 0x6e, 0x74, 0x42, 0x79, 0x49, 0x64, 
	0x28, 0x69, 0x64, 0x29, 0x3b, 0xd, 0xa, 0x7d, 0xd, 0xa, 
	0xd, 0xa, 0xd, 0xa, 0x2f, 0x2a, 0x2a, 0xd, 0xa, 0x20, 
	0x2a, 0x20, 0x40, 0x62, 0x72, 0x69, 0x65, 0x66, 0x20, 0x52, 
	0x65, 0x61, 0x64, 0x73, 0x20, 0x74, 0x72, 0x69, 0x6d, 0x6d, 
	0x65, 0x64, 0x20, 0x76, 0x61, 0x6c, 0x75, 0x65, 0x20, 0x66, 
	0x72, 0x6f, 0x6d, 0x20, 0x61, 0x6e, 0x20, 0x69, 0x6e, 0x70, 
	0x75, 0x74, 0x20, 0x65, 0x6c, 0x65, 0x6d, 0x65, 0x6e, 0x74, 
	0x2e, 0xd, 0xa, 0x20, 0x2a, 0xd, 0xa, 0x20, 0x2a, 0x20, 
	0x40, 0x70, 0x61, 0x72, 0x61, 0x6d, 0x20, 0x7b, 0x73, 0x74, 
	0x72, 0x69, 0x6e, 0x67, 0x7d, 0x20, 0x69, 0x64, 0x20, 0x49, 
	0x6e, 0x70, 0x75, 0x74, 0x20, 0x65, 0x6c, 0x65, 0x6d, 0x65, 
	0x6e, 0x74, 0x20, 0x49, 0x44, 0x2e, 0xd, 0xa, 0x20, 0x2a, 
	0x20, 0x40, 0x72, 0x65, 0x74, 0x75, 0x72, 0x6e, 0x20, 0x7b, 
	0x73, 0x74, 0x72, 0x69, 0x6e, 0x67, 0x7d, 0x20, 0x49, 0x6e, 
	0x70, 0x75, 0x74, 0x20, 0x76, 0x61, 0x6c, 0x75, 0x65, 0x2e, 
	0xd, 0xa, 0x20, 0x2a, 0x2f, 0xd, 0xa, 0x66, 0x75, 0x6e, 
	0x63, 0x74, 0x69, 0x6f, 0x6e, 0x20, 0x67, 0x65, 0x74, 0x49, 
	0x6e, 0x70, 0x75, 0x74, 0x56, 0x61, 0x6c, 0x75, 0x65, 0x28, 
	0x69, 0x64, 0x29, 0x7b, 0xd, 0xa, 0x20, 0x20, 0x20, 0x20, 
	0x63, 0x6f, 0x6e, 0x73, 0x74, 0x20, 0x65, 0x6c, 0x20, 0x3d, 
	0x20, 0x24, 0x28, 0x69, 0x64, 0x29, 0x3b, 0xd, 0xa, 0x20, 
	0x20, 0x20, 0x20, 0x72, 0x65, 0x74, 0x75, 0x72, 0x6e, 0x20, 
	0x65, 0x6c, 0x20, 0x3f, 0x20, 0x65, 0x6c, 0x2e, 0x76, 0x61, 
	0x6c, 0x75, 0x65, 0x2e, 0x74, 0x72, 0x69, 0x6d, 0x28, 0x29, 
	0x20, 0x3a, 0x20, 0x22, 0x22, 0x3b, 0xd, 0xa, 0x7d, 0xd, 
	0xa, 0xd, 0xa, 0xd, 0xa, 0x2f, 0x2a, 0x20, 0x3d, 0x3d, 
	0x3d, 0x3d, 0x3d, 0x3d, 0x3d, 0x3d, 0x3d, 0x3d, 0x3d, 0x3d, 
	0x3d, 0x3d, 0x3d, 0x3d, 0x3d, 0x3d, 0x3d, 0x3d, 0x3d, 0x3d, 
	0x3d, 0x3d, 0x3d, 0x3d, 0x3d, 0x3d, 0x3d, 0x3d, 0x3d, 0x3d, 
	0x3d, 0x3d, 0x3d, 0x3d, 0x3d, 0x3d, 0x3d, 0x3d, 0x3d, 0x3d, 
	0x3d, 0x3d, 0x3d, 0x3d, 0x3d, 0x3d, 0x3d, 0x3d, 0x3d, 0x3d, 
	0x3d, 0x3d, 0x3d, 0x3d, 0x3d, 0xd, 0xa, 0x20, 0x2a, 0x20, 
	0x44, 0x4f, 0x4d, 0x20, 0x45, 0x6c, 0x65, 0x6d, 0x65, 0x6e, 
	0x74, 0x73, 0xd, 0xa, 0x20, 0x2a, 0x20, 0x3d, 0x3d, 0x3d, 
	0x3d, 0x3d, 0x3d, 0x3d, 0x3d, 0x3d, 0x3d, 0x3d, 0x3d, 0x3d, 
	0x3d, 0x3d, 0x3d, 0x3d, 0x3d, 0x3d, 0x3d, 0x3d, 0x3d, 0x3d, 
	0x3d, 0x3d, 0x3d, 0x3d, 0x3d, 0x3d, 0x3d, 0x3d, 0x3d, 0x3d, 
	0x3d, 0x3d, 0x3d, 0x3d, 0x3d, 0x3d, 0x3d, 0x3d, 0x3d, 0x3d, 
	0x3d, 0x3d, 0x3d, 0x3d, 0x3d, 0x3d, 0x3d, 0x3d, 0x3d, 0x3d, 
	0x3d, 0x3d, 0x3d, 0x3d, 0x20, 0x2a, 0x2f, 0xd, 0xa, 0xd, 
	0xa, 0x2f, 0x2a, 0x2a, 0x20, 0x40, 0x62, 0x72, 0x69, 0x65, 
	0x66, 0x20, 0x4c, 0x6f, 0x67, 0x69, 0x6e, 0x20, 0x66, 0x6f, 
	0x72, 0x6d, 0x20, 0x65, 0x6c, 0x65, 0x6d, 0x65, 0x6e, 0x74, 
	0x2e, 0x20, 0x2a, 0x2f, 0xd, 0xa, 0x63, 0x6f, 0x6e, 0x73, 
	0x74, 0x20, 0x66, 0x6f, 0x72, 0x6d, 0x20, 0x3d, 0x20, 0x24, 
	0x28, 0x22, 0x6c, 0x6f, 0x67, 0x69, 0x6e, 0x46, 0x6f, 0x72, 
	0x6d, 0x22, 0x29, 0x3b, 0xd, 0xa, 0xd, 0xa, 0x2f, 0x2a, 
	0x2a, 0x20, 0x40, 0x62, 0x72, 0x69, 0x65, 0x66, 0x20, 0x45, 
	0x72, 0x72, 0x6f, 0x72, 0x20, 0x6d, 0x65, 0x73, 0x73, 0x61, 
	0x67, 0x65, 0x20, 0x63, 0x6f, 0x6e, 0x74, 0x61, 0x69, 0x6e, 
	0x65, 0x72, 0x2e, 0x20, 0x2a, 0x2f, 0xd, 0xa, 0x63, 0x6f, 
	0x6e, 0x73, 0x74, 0x20, 0x65, 0x72, 0x72, 0x6f, 0x72, 0x4d, 
	0x73, 0x67, 0x20, 0x3d, 0x20, 0x24, 0x28, 0x22, 0x65, 0x72, 
	0x72, 0x6f, 0x72, 0x4d, 0x73, 0x67, 0x22, 0x29, 0x3b, 0xd, 
	0xa, 0xd, 0xa, 0xd, 0xa, 0x2f, 0x2a, 0x20, 0x3d, 0x3d, 
	0x3d, 0x3d, 0x3d, 0x3d, 0x3d, 0x3d, 0x3d, 0x3d, 0x3d, 0x3d, 
	0x3d, 0x3d, 0x3d, 0x3d, 0x3d, 0x3d, 0x3d, 0x3d, 0x3d, 0x3d, 
	0x3d, 0x3d, 0x3d, 0x3d, 0x3d, 0x3d, 0x3d, 0x3d, 0x3d, 0x3d, 
	0x3d, 0x3d, 0x3d, 0x3d, 0x3d, 0x3d, 0x3d, 0x3d, 0x3d, 0x3d, 
	0x3d, 0x3d, 0x3d, 0x3d, 0x3d, 0x3d, 0x3d, 0x3d, 0x3d, 0x3d, 
	0x3d, 0x3d, 0x3d, 0x3d, 0x3d, 0xd, 0xa, 0x20, 0x2a, 0x20, 
	0x4c, 0x6f, 0x67, 0x69, 0x6e, 0x20, 0x48, 0x61, 0x6e, 0x64, 
	0x6c, 0x65, 0x72, 0xd, 0xa, 0x20, 0x2a, 0x20, 0x3d, 0x3d, 
	0x3d, 0x3d, 0x3d, 0x3d, 0x3d, 0x3d, 0x3d, 0x3d, 0x3d, 0x3d, 
	0x3d, 0x3d, 0x3d, 0x3d, 0x3d, 0x3d, 0x3d, 0x3d, 0x3d, 0x3d, 
	0x3d, 0x3d, 0x3d, 0x3d, 0x3d, 0x3d, 0x3d, 0x3d, 0x3d, 0x3d, 
	0x3d, 0x3d, 0x3d, 0x3d, 0x3d, 0x3d, 0x3d, 0x3d, 0x3d, 0x3d, 
	0x3d, 0x3d, 0x3d, 0x3d, 0x3d, 0x3d, 0x3d, 0x3d, 0x3d, 0x3d, 
	0x3d, 0x3d, 0x3d, 0x3d, 0x3d, 0x20, 0x2a, 0x2f, 0xd, 0xa, 
	0xd, 0xa, 0x2f, 0x2a, 0x2a, 0xd, 0xa, 0x20, 0x2a, 0x20, 
	0x40, 0x62, 0x72, 0x69, 0x65, 0x66, 0x20, 0x50, 0x72, 0x6f, 
	0x63, 0x65, 0x73, 0x73, 0x20, 0x6c, 0x6f, 0x67, 0x69, 0x6e, 
	0x20, 0x66, 0x6f, 0x72, 0x6d, 0x20, 0x73, 0x75, 0x62, 0x6d, 
	0x69, 0x73, 0x73, 0x69, 0x6f, 0x6e, 0x2e, 0xd, 0xa, 0x20, 
	0x2a, 0xd, 0xa, 0x20, 0x2a, 0x20, 0x40, 0x70, 0x61, 0x72, 
	0x61, 0x6d, 0x20, 0x7b, 0x53, 0x75, 0x62, 0x6d, 0x69, 0x74, 
	0x45, 0x76, 0x65, 0x6e, 0x74, 0x7d, 0x20, 0x65, 0x20, 0x46, 
	0x6f, 0x72, 0x6d, 0x20, 0x73, 0x75, 0x62, 0x6d, 0x69, 0x73, 
	0x73, 0x69, 0x6f, 0x6e, 0x20, 0x65, 0x76, 0x65, 0x6e, 0x74, 
	0x2e, 0xd, 0xa, 0x20, 0x2a, 0xd, 0xa, 0x20, 0x2a, 0x20, 
	0x40, 0x64, 0x65, 0x74, 0x61, 0x69, 0x6c, 0x73, 0xd, 0xa, 
	0x20, 0x2a, 0x20, 0x50, 0x72, 0x65, 0x76, 0x65, 0x6e, 0x74, 
	0x73, 0x20, 0x64, 0x65, 0x66, 0x61, 0x75, 0x6c, 0x74, 0x20, 
	0x66, 0x6f, 0x72, 0x6d, 0x20, 0x62, 0x65, 0x68, 0x61, 0x76, 
	0x69, 0x6f, 0x72, 0x20, 0x61, 0x6e, 0x64, 0x20, 0x70, 0x65, 
	0x72, 0x66, 0x6f, 0x72, 0x6d, 0x73, 0x20, 0x61, 0x73, 0x79, 
	0x6e, 0x63, 0x68, 0x72, 0x6f, 0x6e, 0x6f, 0x75, 0x73, 0xd, 
	0xa, 0x20, 0x2a, 0x20, 0x61, 0x75, 0x74, 0x68, 0x65, 0x6e, 
	0x74, 0x69, 0x63, 0x61, 0x74, 0x69, 0x6f, 0x6e, 0x20, 0x75, 
	0x73, 0x69, 0x6e, 0x67, 0x20, 0x74, 0x68, 0x65, 0x20, 0x46, 
	0x65, 0x74, 0x63, 0x68, 0x20, 0x41, 0x50, 0x49, 0x2e, 0xd, 
	0xa, 0x20, 0x2a, 0x2f, 0xd, 0xa, 0x66, 0x6f, 0x72, 0x6d, 
	0x2e, 0x61, 0x64, 0x64, 0x45, 0x76, 0x65, 0x6e, 0x74, 0x4c, 
	0x69, 0x73, 0x74, 0x65, 0x6e, 0x65, 0x72, 0x28, 0x22, 0x73, 
	0x75, 0x62, 0x6d, 0x69, 0x74, 0x22, 0x2c, 0x20, 0x61, 0x73, 
	0x79, 0x6e, 0x63, 0x20, 0x28, 0x65, 0x29, 0x20, 0x3d, 0x3e, 
	0x20, 0x7b, 0xd, 0xa, 0xd, 0xa, 0x20, 0x20, 0x20, 0x20, 
	0x2f, 0x2a, 0x20, 0x50, 0x72, 0x65, 0x76, 0x65, 0x6e, 0x74, 
	0x20, 0x64, 0x65, 0x66, 0x61, 0x75, 0x6c, 0x74, 0x20, 0x70, 
	0x61, 0x67, 0x65, 0x20, 0x72, 0x65, 0x6c, 0x6f, 0x61, 0x64, 
	0x20, 0x2a, 0x2f, 0xd, 0xa, 0x20, 0x20, 0x20, 0x20, 0x65, 
	0x2e, 0x70, 0x72, 0x65, 0x76, 0x65, 0x6e, 0x74, 0x44, 0x65, 
	0x66, 0x61, 0x75, 0x6c, 0x74, 0x28, 0x29, 0x3b, 0xd, 0xa, 
	0xd, 0xa, 0x20, 0x20, 0x20, 0x20, 0x2f, 0x2a, 0x20, 0x43, 
	0x6c, 0x65, 0x61, 0x72, 0x20, 0x70, 0x72, 0x65, 0x76, 0x69, 
	0x6f, 0x75, 0x73, 0x20, 0x65, 0x72, 0x72, 0x6f, 0x72, 0x20, 
	0x2a, 0x2f, 0xd, 0xa, 0x20, 0x20, 0x20, 0x20, 0x65, 0x72, 
	0x72, 0x6f, 0x72, 0x4d, 0x73, 0x67, 0x2e, 0x74, 0x65, 0x78, 
	0x74, 0x43, 0x6f, 0x6e, 0x74, 0x65, 0x6e, 0x74, 0x20, 0x3d, 
	0x20, 0x22, 0x22, 0x3b, 0xd, 0xa, 0xd, 0xa, 0x20, 0x20, 
	0x20, 0x20, 0x2f, 0x2a, 0x20, 0x52, 0x65, 0x61, 0x64, 0x20, 
	0x63, 0x72, 0x65, 0x64, 0x65, 0x6e, 0x74, 0x69, 0x61, 0x6c, 
	0x73, 0x20, 0x2a, 0x2f, 0xd, 0xa, 0x20, 0x20, 0x20, 0x20, 
	0x63, 0x6f, 0x6e, 0x73, 0x74, 0x20, 0x75, 0x73, 0x65, 0x72, 
	0x20, 0x3d, 0x20, 0x67, 0x65, 0x74, 0x49, 0x6e, 0x70, 0x75, 
	0x74, 0x56, 0x61, 0x6c, 0x75, 0x65, 0x28, 0x22, 0x75, 0x73, 
	0x65, 0x72, 0x22, 0x29, 0x3b, 0xd, 0xa, 0x20, 0x20, 0x20, 
	0x20, 0x63, 0x6f, 0x6e, 0x73, 0x74, 0x20, 0x70, 0x77, 0x64, 
	0x20, 0x20, 0x3d, 0x20, 0x24, 0x28, 0x22, 0x70, 0x61, 0x73, 
	0x73, 0x22, 0x29, 0x2e, 0x76, 0x61, 0x6c, 0x75, 0x65, 0x3b, 
	0xd, 0xa, 0xd, 0xa, 0x20, 0x20, 0x20, 0x20, 0x74, 0x72, 
	0x79, 0x20, 0x7b, 0xd, 0xa, 0xd, 0xa, 0x20, 0x20, 0x20, 
	0x20, 0x20, 0x20, 0x20, 0x20, 0x2f, 0x2a, 0x2a, 0xd, 0xa, 
	0x20, 0x20, 0x20, 0x20, 0x20, 0x20, 0x20, 0x20, 0x20, 0x2a, 
	0x20, 0x53, 0x65, 0x6e, 0x64, 0x20, 0x6c, 0x6f, 0x67, 0x69, 
	0x6e, 0x20, 0x72, 0x65, 0x71, 0x75, 0x65, 0x73, 0x74, 0x20, 
	0x74, 0x6f, 0x20, 0x74, 0x68, 0x65, 0x20, 0x64, 0x65, 0x76, 
	0x69, 0x63, 0x65, 0x2e, 0xd, 0xa, 0x20, 0x20, 0x20, 0x20, 
	0x20, 0x20, 0x20, 0x20, 0x20, 0x2a, 0x2f, 0xd, 0xa, 0x20, 
	0x20, 0x20, 0x20, 0x20, 0x20, 0x20, 0x20, 0x63, 0x6f, 0x6e, 
	0x73, 0x74, 0x20, 0x72, 0x65, 0x73, 0x20, 0x3d, 0x20, 0x61, 
	0x77, 0x61, 0x69, 0x74, 0x20, 0x66, 0x65, 0x74, 0x63, 0x68, 
	0x28, 0x41, 0x50, 0x49, 0x5f, 0x4c, 0x4f, 0x47, 0x49, 0x4e, 
	0x2c, 0x20, 0x7b, 0xd, 0xa, 0xd, 0xa, 0x20, 0x20, 0x20, 
	0x20, 0x20, 0x20, 0x20, 0x20, 0x20, 0x20, 0x20, 0x20, 0x6d, 
	0x65, 0x74, 0x68, 0x6f, 0x64, 0x3a, 0x20, 0x22, 0x50, 0x4f, 
	0x53, 0x54, 0x22, 0x2c, 0xd, 0xa, 0xd, 0xa, 0x20, 0x20, 
	0x20, 0x20, 0x20, 0x20, 0x20, 0x20, 0x20, 0x20, 0x20, 0x20, 
	0x2f, 0x2a, 0x2a, 0xd, 0xa, 0x20, 0x20, 0x20, 0x20, 0x20, 
	0x20, 0x20, 0x20, 0x20, 0x20, 0x20, 0x20, 0x20, 0x2a, 0x20, 
	0x49, 0x6e, 0x63, 0x6c, 0x75, 0x64, 0x65, 0x20, 0x63, 0x6f, 
	0x6f, 0x6b, 0x69, 0x65, 0x73, 0x2f, 0x73, 0x65, 0x73, 0x73, 
	0x69, 0x6f, 0x6e, 0x20, 0x63, 0x72, 0x65, 0x64, 0x65, 0x6e, 
	0x74, 0x69, 0x61, 0x6c, 0x73, 0x2e, 0xd, 0xa, 0x20, 0x20, 
	0x20, 0x20, 0x20, 0x20, 0x20, 0x20, 0x20, 0x20, 0x20, 0x20, 
	0x20, 0x2a, 0x20, 0x52, 0x65, 0x71, 0x75, 0x69, 0x72, 0x65, 
	0x64, 0x20, 0x66, 0x6f, 0x72, 0x20, 0x73, 0x65, 0x73, 0x73, 
	0x69, 0x6f, 0x6e, 0x2d, 0x62, 0x61, 0x73, 0x65, 0x64, 0x20, 
	0x61, 0x75, 0x74, 0x68, 0x65, 0x6e, 0x74, 0x69, 0x63, 0x61, 
	0x74, 0x69, 0x6f, 0x6e, 0x2e, 0xd, 0xa, 0x20, 0x20, 0x20, 
	0x20, 0x20, 0x20, 0x20, 0x20, 0x20, 0x20, 0x20, 0x20, 0x20, 
	0x2a, 0x2f, 0xd, 0xa, 0x20, 0x20, 0x20, 0x20, 0x20, 0x20, 
	0x20, 0x20, 0x20, 0x20, 0x20, 0x20, 0x63, 0x72, 0x65, 0x64, 
	0x65, 0x6e, 0x74, 0x69, 0x61, 0x6c, 0x73, 0x3a, 0x20, 0x22, 
	0x73, 0x61, 0x6d, 0x65, 0x2d, 0x6f, 0x72, 0x69, 0x67, 0x69, 
	0x6e, 0x22, 0x2c, 0xd, 0xa, 0xd, 0xa, 0x20, 0x20, 0x20, 
	0x20, 0x20, 0x20, 0x20, 0x20, 0x20, 0x20, 0x20, 0x20, 0x68, 
	0x65, 0x61, 0x64, 0x65, 0x72, 0x73, 0x3a, 0x20, 0x7b, 0xd, 
	0xa, 0x20, 0x20, 0x20, 0x20, 0x20, 0x20, 0x20, 0x20, 0x20, 
	0x20, 0x20, 0x20, 0x20, 0x20, 0x20, 0x20, 0x22, 0x43, 0x6f, 
	0x6e, 0x74, 0x65, 0x6e, 0x74, 0x2d, 0x54, 0x79, 0x70, 0x65, 
	0x22, 0x3a, 0x20, 0x22, 0x61, 0x70, 0x70, 0x6c, 0x69, 0x63, 
	0x61, 0x74, 0x69, 0x6f, 0x6e, 0x2f, 0x6a, 0x73, 0x6f, 0x6e, 
	0x22, 0xd, 0xa, 0x20, 0x20, 0x20, 0x20, 0x20, 0x20, 0x20, 
	0x20, 0x20, 0x20, 0x20, 0x20, 0x7d, 0x2c, 0xd, 0xa, 0xd, 
	0xa, 0x20, 0x20, 0x20, 0x20, 0x20, 0x20, 0x20, 0x20, 0x20, 
	0x20, 0x20, 0x20, 0x62, 0x6f, 0x64, 0x79, 0x3a, 0x20, 0x4a, 
	0x53, 0x4f, 0x4e, 0x2e, 0x73, 0x74, 0x72, 0x69, 0x6e, 0x67, 
	0x69, 0x66, 0x79, 0x28, 0x7b, 0x20, 0x75, 0x73, 0x65, 0x72, 
	0x2c, 0x20, 0x70, 0x77, 0x64, 0x20, 0x7d, 0x29, 0x2c, 0xd, 
	0xa, 0xd, 0xa, 0x20, 0x20, 0x20, 0x20, 0x20, 0x20, 0x20, 
	0x20, 0x20, 0x20, 0x20, 0x20, 0x2f, 0x2a, 0x2a, 0xd, 0xa, 
	0x20, 0x20, 0x20, 0x20, 0x20, 0x20, 0x20, 0x20, 0x20, 0x20, 
	0x20, 0x20, 0x20, 0x2a, 0x20, 0x41, 0x6c, 0x6c, 0x6f, 0x77, 
	0x20, 0x66, 0x65, 0x74, 0x63, 0x68, 0x20, 0x74, 0x6f, 0x20, 
	0x66, 0x6f, 0x6c, 0x6c, 0x6f, 0x77, 0x20, 0x48, 0x54, 0x54, 
	0x50, 0x20, 0x72, 0x65, 0x64, 0x69, 0x72, 0x65, 0x63, 0x74, 
	0x73, 0x2e, 0xd, 0xa, 0x20, 0x20, 0x20, 0x20, 0x20, 0x20, 
	0x20, 0x20, 0x20, 0x20, 0x20, 0x20, 0x20, 0x2a, 0x2f, 0xd, 
	0xa, 0x20, 0x20, 0x20, 0x20, 0x20, 0x20, 0x20, 0x20, 0x20, 
	0x20, 0x20, 0x20, 0x72, 0x65, 0x64, 0x69, 0x72, 0x65, 0x63, 
	0x74, 0x3a, 0x20, 0x22, 0x66, 0x6f, 0x6c, 0x6c, 0x6f, 0x77, 
	0x22, 0xd, 0xa, 0x20, 0x20, 0x20, 0x20, 0x20, 0x20, 0x20, 
	0x20, 0x7d, 0x29, 0x3b, 0xd, 0xa, 0xd, 0xa, 0xd, 0xa, 
	0x20, 0x20, 0x20, 0x20, 0x20, 0x20, 0x20, 0x20, 0x2f, 0x2a, 
	0x2a, 0xd, 0xa, 0x20, 0x20, 0x20, 0x20, 0x20, 0x20, 0x20, 
	0x20, 0x20, 0x2a, 0x20, 0x44, 0x65, 0x74, 0x65, 0x72, 0x6d, 
	0x69, 0x6e, 0x65, 0x20, 0x72, 0x65, 0x73, 0x70, 0x6f, 0x6e, 
	0x73, 0x65, 0x20, 0x74, 0x79, 0x70, 0x65, 0x2e, 0xd, 0xa, 
	0x20, 0x20, 0x20, 0x20, 0x20, 0x20, 0x20, 0x20, 0x20, 0x2a, 
	0x2f, 0xd, 0xa, 0x20, 0x20, 0x20, 0x20, 0x20, 0x20, 0x20, 
	0x20, 0x63, 0x6f, 0x6e, 0x73, 0x74, 0x20, 0x63, 0x74, 0x20, 
	0x3d, 0x20, 0x28, 0x72, 0x65, 0x73, 0x2e, 0x68, 0x65, 0x61, 
	0x64, 0x65, 0x72, 0x73, 0x2e, 0x67, 0x65, 0x74, 0x28, 0x22, 
	0x63, 0x6f, 0x6e, 0x74, 0x65, 0x6e, 0x74, 0x2d, 0x74, 0x79, 
	0x70, 0x65, 0x22, 0x29, 0x20, 0x7c, 0x7c, 0x20, 0x22, 0x22, 
	0x29, 0x2e, 0x74, 0x6f, 0x4c, 0x6f, 0x77, 0x65, 0x72, 0x43, 
	0x61, 0x73, 0x65, 0x28, 0x29, 0x3b, 0xd, 0xa, 0xd, 0xa, 
	0xd, 0xa, 0x20, 0x20, 0x20, 0x20, 0x20, 0x20, 0x20, 0x20, 
	0x2f, 0x2a, 0x20, 0x3d, 0x3d, 0x3d, 0x3d, 0x3d, 0x3d, 0x3d, 
	0x3d, 0x3d, 0x3d, 0x3d, 0x3d, 0x3d, 0x3d, 0x3d, 0x3d, 0x3d, 
	0x3d, 0x3d, 0x3d, 0x3d, 0x3d, 0x3d, 0x3d, 0x3d, 0x3d, 0x3d, 
	0x3d, 0x3d, 0x3d, 0x3d, 0x3d, 0x3d, 0x3d, 0x3d, 0x3d, 0x3d, 
	0x3d, 0x3d, 0x3d, 0x3d, 0x3d, 0x3d, 0x3d, 0x3d, 0x3d, 0x3d, 
	0x3d, 0x3d, 0x3d, 0x3d, 0x3d, 0x3d, 0xd, 0xa, 0x20, 0x20, 
	0x20, 0x20, 0x20, 0x20, 0x20, 0x20, 0x20, 0x2a, 0x20, 0x4a, 
	0x53, 0x4f, 0x4e, 0x20, 0x72, 0x65, 0x73, 0x70, 0x6f, 0x6e, 
	0x73, 0x65, 0x20, 0x28, 0x41, 0x50, 0x49, 0x20, 0x73, 0x74, 
	0x79, 0x6c, 0x65, 0x29, 0xd, 0xa, 0x20, 0x20, 0x20, 0x20, 
	0x20, 0x20, 0x20, 0x20, 0x20, 0x2a, 0x20, 0x3d, 0x3d, 0x3d, 
	0x3d, 0x3d, 0x3d, 0x3d, 0x3d, 0x3d, 0x3d, 0x3d, 0x3d, 0x3d, 
	0x3d, 0x3d, 0x3d, 0x3d, 0x3d, 0x3d, 0x3d, 0x3d, 0x3d, 0x3d, 
	0x3d, 0x3d, 0x3d, 0x3d, 0x3d, 0x3d, 0x3d, 0x3d, 0x3d, 0x3d, 
	0x3d, 0x3d, 0x3d, 0x3d, 0x3d, 0x3d, 0x3d, 0x3d, 0x3d, 0x3d, 
	0x3d, 0x3d, 0x3d, 0x3d, 0x3d, 0x3d, 0x3d, 0x3d, 0x3d, 0x3d, 
	0x20, 0x2a, 0x2f, 0xd, 0xa, 0xd, 0xa, 0x20, 0x20, 0x20, 
	0x20, 0x20, 0x20, 0x20, 0x20, 0x69, 0x66, 0x20, 0x28, 0x63, 
	0x74, 0x2e, 0x69, 0x6e, 0x63, 0x6c, 0x75, 0x64, 0x65, 0x73, 
	0x28, 0x22, 0x61, 0x70, 0x70, 0x6c, 0x69, 0x63, 0x61, 0x74, 
	0x69, 0x6f, 0x6e, 0x2f, 0x6a, 0x73, 0x6f, 0x6e, 0x22, 0x29, 
	0x29, 0x20, 0x7b, 0xd, 0xa, 0xd, 0xa, 0x20, 0x20, 0x20, 
	0x20, 0x20, 0x20, 0x20, 0x20, 0x20, 0x20, 0x20, 0x20, 0x63, 
	0x6f, 0x6e, 0x73, 0x74, 0x20, 0x64, 0x61, 0x74, 0x61, 0x20, 
	0x3d, 0x20, 0x61, 0x77, 0x61, 0x69, 0x74, 0x20, 0x72, 0x65, 
	0x73, 0x2e, 0x6a, 0x73, 0x6f, 0x6e, 0x28, 0x29, 0x3b, 0xd, 
	0xa, 0xd, 0xa, 0x20, 0x20, 0x20, 0x20, 0x20, 0x20, 0x20, 
	0x20, 0x20, 0x20, 0x20, 0x20, 0x69, 0x66, 0x20, 0x28, 0x64, 
	0x61, 0x74, 0x61, 0x20, 0x26, 0x26, 0x20, 0x64, 0x61, 0x74, 
	0x61, 0x2e, 0x73, 0x74, 0x61, 0x74, 0x75, 0x73, 0x20, 0x3d, 
	0x3d, 0x3d, 0x20, 0x66, 0x61, 0x6c, 0x73, 0x65, 0x29, 0x20, 
	0x7b, 0xd, 0xa, 0xd, 0xa, 0x20, 0x20, 0x20, 0x20, 0x20, 
	0x20, 0x20, 0x20, 0x20, 0x20, 0x20, 0x20, 0x20, 0x20, 0x20, 
	0x20, 0x65, 0x72, 0x72, 0x6f, 0x72, 0x4d, 0x73, 0x67, 0x2e, 
	0x74, 0x65, 0x78, 0x74, 0x43, 0x6f, 0x6e, 0x74, 0x65, 0x6e, 
	0x74, 0x20, 0x3d, 0x20, 0x22, 0x49, 0x6e, 0x76, 0x61, 0x6c, 
	0x69, 0x64, 0x20, 0x75, 0x73, 0x65, 0x72, 0x6e, 0x61, 0x6d, 
	0x65, 0x20, 0x6f, 0x72, 0x20, 0x70, 0x61, 0x73, 0x73, 0x77, 
	0x6f, 0x72, 0x64, 0x22, 0x3b, 0xd, 0xa, 0x20, 0x20, 0x20, 
	0x20, 0x20, 0x20, 0x20, 0x20, 0x20, 0x20, 0x20, 0x20, 0x20, 
	0x20, 0x20, 0x20, 0x72, 0x65, 0x74, 0x75, 0x72, 0x6e, 0x3b, 
	0xd, 0xa, 0x20, 0x20, 0x20, 0x20, 0x20, 0x20, 0x20, 0x20, 
	0x20, 0x20, 0x20, 0x20, 0x7d, 0xd, 0xa, 0xd, 0xa, 0x20, 
	0x20, 0x20, 0x20, 0x20, 0x20, 0x20, 0x20, 0x20, 0x20, 0x20, 
	0x20, 0x2f, 0x2a, 0x20, 0x53, 0x75, 0x63, 0x63, 0x65, 0x73, 
	0x73, 0x66, 0x75, 0x6c, 0x20, 0x4a, 0x53, 0x4f, 0x4e, 0x20, 
	0x72, 0x65, 0x73, 0x70, 0x6f, 0x6e, 0x73, 0x65, 0x20, 0x2a, 
	0x2f, 0xd, 0xa, 0x20, 0x20, 0x20, 0x20, 0x20, 0x20, 0x20, 
	0x20, 0x20, 0x20, 0x20, 0x20, 0x72, 0x65, 0x74, 0x75, 0x72, 
	0x6e, 0x3b, 0xd, 0xa, 0x20, 0x20, 0x20, 0x20, 0x20, 0x20, 
	0x20, 0x20, 0x7d, 0xd, 0xa, 0xd, 0xa, 0xd, 0xa, 0x20, 
	0x20, 0x20, 0x20, 0x20, 0x20, 0x20, 0x20, 0x2f, 0x2a, 0x20, 
	0x3d, 0x3d, 0x3d, 0x3d, 0x3d, 0x3d, 0x3d, 0x3d, 0x3d, 0x3d, 
	0x3d, 0x3d, 0x3d, 0x3d, 0x3d, 0x3d, 0x3d, 0x3d, 0x3d, 0x3d, 
	0x3d, 0x3d, 0x3d, 0x3d, 0x3d, 0x3d, 0x3d, 0x3d, 0x3d, 0x3d, 
	0x3d, 0x3d, 0x3d, 0x3d, 0x3d, 0x3d, 0x3d, 0x3d, 0x3d, 0x3d, 
	0x3d, 0x3d, 0x3d, 0x3d, 0x3d, 0x3d, 0x3d, 0x3d, 0x3d, 0x3d, 
	0x3d, 0x3d, 0x3d, 0xd, 0xa, 0x20, 0x20, 0x20, 0x20, 0x20, 
	0x20, 0x20, 0x20, 0x20, 0x2a, 0x20, 0x52, 0x65, 0x64, 0x69, 
	0x72, 0x65, 0x63, 0x74, 0x20, 0x72, 0x65, 0x73, 0x70, 0x6f, 
	0x6e, 0x73, 0x65, 0x20, 0x28, 0x74, 0x79, 0x70, 0x69, 0x63, 
	0x61, 0x6c, 0x20, 0x65, 0x6d, 0x62, 0x65, 0x64, 0x64, 0x65, 
	0x64, 0x20, 0x62, 0x65, 0x68, 0x61, 0x76, 0x69, 0x6f, 0x72, 
	0x29, 0xd, 0xa, 0x20, 0x20, 0x20, 0x20, 0x20, 0x20, 0x20, 
	0x20, 0x20, 0x2a, 0x20, 0x3d, 0x3d, 0x3d, 0x3d, 0x3d, 0x3d, 
	0x3d, 0x3d, 0x3d, 0x3d, 0x3d, 0x3d, 0x3d, 0x3d, 0x3d, 0x3d, 
	0x3d, 0x3d, 0x3d, 0x3d, 0x3d, 0x3d, 0x3d, 0x3d, 0x3d, 0x3d, 
	0x3d, 0x3d, 0x3d, 0x3d, 0x3d, 0x3d, 0x3d, 0x3d, 0x3d, 0x3d, 
	0x3d, 0x3d, 0x3d, 0x3d, 0x3d, 0x3d, 0x3d, 0x3d, 0x3d, 0x3d, 
	0x3d, 0x3d, 0x3d, 0x3d, 0x3d, 0x3d, 0x3d, 0x20, 0x2a, 0x2f, 
	0xd, 0xa, 0xd, 0xa, 0x20, 0x20, 0x20, 0x20, 0x20, 0x20, 
	0x20, 0x20, 0x2f, 0x2a, 0x2a, 0xd, 0xa, 0x20, 0x20, 0x20, 
	0x20, 0x20, 0x20, 0x20, 0x20, 0x20, 0x2a, 0x20, 0x57, 0x68, 
	0x65, 0x6e, 0x20, 0x74, 0x68, 0x65, 0x20, 0x64, 0x65, 0x76, 
	0x69, 0x63, 0x65, 0x20, 0x69, 0x73, 0x73, 0x75, 0x65, 0x73, 
	0x20, 0x61, 0x6e, 0x20, 0x48, 0x54, 0x54, 0x50, 0x20, 0x72, 
	0x65, 0x64, 0x69, 0x72, 0x65, 0x63, 0x74, 0x2c, 0xd, 0xa, 
	0x20, 0x20, 0x20, 0x20, 0x20, 0x20, 0x20, 0x20, 0x20, 0x2a, 
	0x20, 0x46, 0x65, 0x74, 0x63, 0x68, 0x20, 0x66, 0x6f, 0x6c, 
	0x6c, 0x6f, 0x77, 0x73, 0x20, 0x69, 0x74, 0x20, 0x69, 0x6e, 
	0x74, 0x65, 0x72, 0x6e, 0x61, 0x6c, 0x6c, 0x79, 0x20, 0x62, 
	0x75, 0x74, 0x20, 0x74, 0x68, 0x65, 0x20, 0x62, 0x72, 0x6f, 
	0x77, 0x73, 0x65, 0x72, 0xd, 0xa, 0x20, 0x20, 0x20, 0x20, 
	0x20, 0x20, 0x20, 0x20, 0x20, 0x2a, 0x20, 0x55, 0x52, 0x4c, 
	0x20, 0x72, 0x65, 0x6d, 0x61, 0x69, 0x6e, 0x73, 0x20, 0x75, 
	0x6e, 0x63, 0x68, 0x61, 0x6e, 0x67, 0x65, 0x64, 0x2e, 0xd, 
	0xa, 0x20, 0x20, 0x20, 0x20, 0x20, 0x20, 0x20, 0x20, 0x20, 
	0x2a, 0xd, 0xa, 0x20, 0x20, 0x20, 0x20, 0x20, 0x20, 0x20, 
	0x20, 0x20, 0x2a, 0x20, 0x54, 0x68, 0x65, 0x72, 0x65, 0x66, 
	0x6f, 0x72, 0x65, 0x20, 0x77, 0x65, 0x20, 0x6d, 0x61, 0x6e, 
	0x75, 0x61, 0x6c, 0x6c, 0x79, 0x20, 0x6e, 0x61, 0x76, 0x69, 
	0x67, 0x61, 0x74, 0x65, 0x20, 0x74, 0x6f, 0x20, 0x74, 0x68, 
	0x65, 0x20, 0x66, 0x69, 0x6e, 0x61, 0x6c, 0x20, 0x55, 0x52, 
	0x4c, 0x2e, 0xd, 0xa, 0x20, 0x20, 0x20, 0x20, 0x20, 0x20, 
	0x20, 0x20, 0x20, 0x2a, 0x2f, 0xd, 0xa, 0x20, 0x20, 0x20, 
	0x20, 0x20, 0x20, 0x20, 0x20, 0x69, 0x66, 0x20, 0x28, 0x72, 
	0x65, 0x73, 0x2e, 0x75, 0x72, 0x6c, 0x20, 0x26, 0x26, 0x20, 
	0x21, 0x72, 0x65, 0x73, 0x2e, 0x75, 0x72, 0x6c, 0x2e, 0x65, 
	0x6e, 0x64, 0x73, 0x57, 0x69, 0x74, 0x68, 0x28, 0x41, 0x50, 
	0x49, 0x5f, 0x4c, 0x4f, 0x47, 0x49, 0x4e, 0x29, 0x29, 0x20, 
	0x7b, 0xd, 0xa, 0xd, 0xa, 0x20, 0x20, 0x20, 0x20, 0x20, 
	0x20, 0x20, 0x20, 0x20, 0x20, 0x20, 0x20, 0x77, 0x69, 0x6e, 
	0x64, 0x6f, 0x77, 0x2e, 0x6c, 0x6f, 0x63, 0x61, 0x74, 0x69, 
	0x6f, 0x6e, 0x2e, 0x61, 0x73, 0x73, 0x69, 0x67, 0x6e, 0x28, 
	0x72, 0x65, 0x73, 0x2e, 0x75, 0x72, 0x6c, 0x29, 0x3b, 0xd, 
	0xa, 0x20, 0x20, 0x20, 0x20, 0x20, 0x20, 0x20, 0x20, 0x20, 
	0x20, 0x20, 0x20, 0x72, 0x65, 0x74, 0x75, 0x72, 0x6e, 0x3b, 
	0xd, 0xa, 0x20, 0x20, 0x20, 0x20, 0x20, 0x20, 0x20, 0x20, 
	0x7d, 0xd, 0xa, 0xd, 0xa, 0xd, 0xa, 0x20, 0x20, 0x20, 
	0x20, 0x20, 0x20, 0x20, 0x20, 0x2f, 0x2a, 0x20, 0x3d, 0x3d, 
	0x3d, 0x3d, 0x3d, 0x3d, 0x3d, 0x3d, 0x3d, 0x3d, 0x3d, 0x3d, 
	0x3d, 0x3d, 0x3d, 0x3d, 0x3d, 0x3d, 0x3d, 0x3d, 0x3d, 0x3d, 
	0x3d, 0x3d, 0x3d, 0x3d, 0x3d, 0x3d, 0x3d, 0x3d, 0x3d, 0x3d, 
	0x3d, 0x3d, 0x3d, 0x3d, 0x3d, 0x3d, 0x3d, 0x3d, 0x3d, 0x3d, 
	0x3d, 0x3d, 0x3d, 0x3d, 0x3d, 0x3d, 0x3d, 0x3d, 0x3d, 0x3d, 
	0x3d, 0xd, 0xa, 0x20, 0x20, 0x20, 0x20, 0x20, 0x20, 0x20, 
	0x20, 0x20, 0x2a, 0x20, 0x4f, 0x70, 0x74, 0x69, 0x6f, 0x6e, 
	0x61, 0x6c, 0x20, 0x66, 0x61, 0x6c, 0x6c, 0x62, 0x61, 0x63, 
	0x6b, 0x20, 0x66, 0x6f, 0x72, 0x20, 0x64, 0x69, 0x72, 0x65, 
	0x63, 0x74, 0x20, 0x48, 0x54, 0x4d, 0x4c, 0x20, 0x72, 0x65, 
	0x73, 0x70, 0x6f, 0x6e, 0x73, 0x65, 0xd, 0xa, 0x20, 0x20, 
	0x20, 0x20, 0x20, 0x20, 0x20, 0x20, 0x20, 0x2a, 0x20, 0x3d, 
	0x3d, 0x3d, 0x3d, 0x3d, 0x3d, 0x3d, 0x3d, 0x3d, 0x3d, 0x3d, 
	0x3d, 0x3d, 0x3d, 0x3d, 0x3d, 0x3d, 0x3d, 0x3d, 0x3d, 0x3d, 
	0x3d, 0x3d, 0x3d, 0x3d, 0x3d, 0x3d, 0x3d, 0x3d, 0x3d, 0x3d, 
	0x3d, 0x3d, 0x3d, 0x3d, 0x3d, 0x3d, 0x3d, 0x3d, 0x3d, 0x3d, 
	0x3d, 0x3d, 0x3d, 0x3d, 0x3d, 0x3d, 0x3d, 0x3d, 0x3d, 0x3d, 
	0x3d, 0x3d, 0x20, 0x2a, 0x2f, 0xd, 0xa, 0xd, 0xa, 0x20, 
	0x20, 0x20, 0x20, 0x20, 0x20, 0x20, 0x20, 0x2f, 0x2a, 0xd, 
	0xa, 0x20, 0x20, 0x20, 0x20, 0x20, 0x20, 0x20, 0x20, 0x63, 
	0x6f, 0x6e, 0x73, 0x74, 0x20, 0x68, 0x74, 0x6d, 0x6c, 0x20, 
	0x3d, 0x20, 0x61, 0x77, 0x61, 0x69, 0x74, 0x20, 0x72, 0x65, 
	0x73, 0x2e, 0x74, 0x65, 0x78, 0x74, 0x28, 0x29, 0x3b, 0xd, 
	0xa, 0x20, 0x20, 0x20, 0x20, 0x20, 0x20, 0x20, 0x20, 0x64, 
	0x6f, 0x63, 0x75, 0x6d, 0x65, 0x6e, 0x74, 0x2e, 0x6f, 0x70, 
	0x65, 0x6e, 0x28, 0x29, 0x3b, 0xd, 0xa, 0x20, 0x20, 0x20, 
	0x20, 0x20, 0x20, 0x20, 0x20, 0x64, 0x6f, 0x63, 0x75, 0x6d, 
	0x65, 0x6e, 0x74, 0x2e, 0x77, 0x72, 0x69, 0x74, 0x65, 0x28, 
	0x68, 0x74, 0x6d, 0x6c, 0x29, 0x3b, 0xd, 0xa, 0x20, 0x20, 
	0x20, 0x20, 0x20, 0x20, 0x20, 0x20, 0x64, 0x6f, 0x63, 0x75, 
	0x6d, 0x65, 0x6e, 0x74, 0x2e, 0x63, 0x6c, 0x6f, 0x73, 0x65, 
	0x28, 0x29, 0x3b, 0xd, 0xa, 0x20, 0x20, 0x20, 0x20, 0x20, 
	0x20, 0x20, 0x20, 0x2a, 0x2f, 0xd, 0xa, 0xd, 0xa, 0x20, 
	0x20, 0x20, 0x20, 0x7d, 0xd, 0xa, 0x20, 0x20, 0x20, 0x20, 
	0x63, 0x61, 0x74, 0x63, 0x68, 0x20, 0x28, 0x65, 0x72, 0x72, 
	0x29, 0x20, 0x7b, 0xd, 0xa, 0xd, 0xa, 0x20, 0x20, 0x20, 
	0x20, 0x20, 0x20, 0x20, 0x20, 0x2f, 0x2a, 0x2a, 0xd, 0xa, 
	0x20, 0x20, 0x20, 0x20, 0x20, 0x20, 0x20, 0x20, 0x20, 0x2a, 
	0x20, 0x4e, 0x65, 0x74, 0x77, 0x6f, 0x72, 0x6b, 0x20, 0x65, 
	0x72, 0x72, 0x6f, 0x72, 0x20, 0x28, 0x64, 0x65, 0x76, 0x69, 
	0x63, 0x65, 0x20, 0x75, 0x6e, 0x72, 0x65, 0x61, 0x63, 0x68, 
	0x61, 0x62, 0x6c, 0x65, 0x2c, 0x20, 0x74, 0x69, 0x6d, 0x65, 
	0x6f, 0x75, 0x74, 0x2c, 0x20, 0x65, 0x74, 0x63, 0x2e, 0x29, 
	0x2e, 0xd, 0xa, 0x20, 0x20, 0x20, 0x20, 0x20, 0x20, 0x20, 
	0x20, 0x20, 0x2a, 0x2f, 0xd, 0xa, 0x20, 0x20, 0x20, 0x20, 
	0x20, 0x20, 0x20, 0x20, 0x63, 0x6f, 0x6e, 0x73, 0x6f, 0x6c, 
	0x65, 0x2e, 0x65, 0x72, 0x72, 0x6f, 0x72, 0x28, 0x65, 0x72, 
	0x72, 0x29, 0x3b, 0xd, 0xa, 0xd, 0xa, 0x20, 0x20, 0x20, 
	0x20, 0x20, 0x20, 0x20, 0x20, 0x65, 0x72, 0x72, 0x6f, 0x72, 
	0x4d, 0x73, 0x67, 0x2e, 0x74, 0x65, 0x78, 0x74, 0x43, 0x6f, 
	0x6e, 0x74, 0x65, 0x6e, 0x74, 0x20, 0x3d, 0x20, 0x22, 0x43, 
	0x6f, 0x6e, 0x6e, 0x65, 0x63, 0x74, 0x69, 0x6f, 0x6e, 0x20, 
	0x65, 0x72, 0x72, 0x6f, 0x72, 0x22, 0x3b, 0xd, 0xa, 0x20, 
	0x20, 0x20, 0x20, 0x7d, 0xd, 0xa, 0x7d, 0x29, 0x3b, };

static const unsigned char data_login_shtml[] = {
	/* /login.shtml */
	0x2f, 0x6c, 0x6f, 0x67, 0x69, 0x6e, 0x2e, 0x73, 0x68, 0x74, 0x6d, 0x6c, 0,
	0x48, 0x54, 0x54, 0x50, 0x2f, 0x31, 0x2e, 0x30, 0x20, 0x32, 
	0x30, 0x30, 0x20, 0x4f, 0x4b, 0xd, 0xa, 0x53, 0x65, 0x72, 
	0x76, 0x65, 0x72, 0x3a, 0x20, 0x6c, 0x77, 0x49, 0x50, 0x2f, 
	0x70, 0x72, 0x65, 0x2d, 0x30, 0x2e, 0x36, 0x20, 0x28, 0x68, 
	0x74, 0x74, 0x70, 0x3a, 0x2f, 0x2f, 0x77, 0x77, 0x77, 0x2e, 
	0x73, 0x69, 0x63, 0x73, 0x2e, 0x73, 0x65, 0x2f, 0x7e, 0x61, 
	0x64, 0x61, 0x6d, 0x2f, 0x6c, 0x77, 0x69, 0x70, 0x2f, 0x29, 
	0xd, 0xa, 0x43, 0x6f, 0x6e, 0x74, 0x65, 0x6e, 0x74, 0x2d, 
	0x74, 0x79, 0x70, 0x65, 0x3a, 0x20, 0x74, 0x65, 0x78, 0x74, 
	0x2f, 0x68, 0x74, 0x6d, 0x6c, 0xd, 0xa, 0xd, 0xa, 0x3c, 
	0x21, 0x44, 0x4f, 0x43, 0x54, 0x59, 0x50, 0x45, 0x20, 0x68, 
	0x74, 0x6d, 0x6c, 0x3e, 0xa, 0x3c, 0x68, 0x74, 0x6d, 0x6c, 
	0x20, 0x6c, 0x61, 0x6e, 0x67, 0x3d, 0x22, 0x65, 0x6e, 0x22, 
	0x3e, 0xa, 0xa, 0x3c, 0x68, 0x65, 0x61, 0x64, 0x3e, 0xa, 
	0x20, 0x20, 0x3c, 0x21, 0x2d, 0x2d, 0x20, 0x42, 0x61, 0x73, 
	0x69, 0x63, 0x20, 0x64, 0x6f, 0x63, 0x75, 0x6d, 0x65, 0x6e, 
	0x74, 0x20, 0x6d, 0x65, 0x74, 0x61, 0x64, 0x61, 0x74, 0x61, 
	0x20, 0x2d, 0x2d, 0x3e, 0xa, 0x20, 0x20, 0x3c, 0x6d, 0x65, 
	0x74, 0x61, 0x20, 0x63, 0x68, 0x61, 0x72, 0x73, 0x65, 0x74, 
	0x3d, 0x22, 0x55, 0x54, 0x46, 0x2d, 0x38, 0x22, 0x3e, 0xa, 
	0xa, 0x20, 0x20, 0x3c, 0x21, 0x2d, 0x2d, 0x20, 0x43, 0x6f, 
	0x6d, 0x70, 0x61, 0x74, 0x69, 0x62, 0x69, 0x6c, 0x69, 0x74, 
	0x79, 0x20, 0x6d, 0x6f, 0x64, 0x65, 0x20, 0x66, 0x6f, 0x72, 
	0x20, 0x6f, 0x6c, 0x64, 0x65, 0x72, 0x20, 0x76, 0x65, 0x72, 
	0x73, 0x69, 0x6f, 0x6e, 0x73, 0x20, 0x6f, 0x66, 0x20, 0x49, 
	0x6e, 0x74, 0x65, 0x72, 0x6e, 0x65, 0x74, 0x20, 0x45, 0x78, 
	0x70, 0x6c, 0x6f, 0x72, 0x65, 0x72, 0x20, 0x2d, 0x2d, 0x3e, 
	0xa, 0x20, 0x20, 0x3c, 0x6d, 0x65, 0x74, 0x61, 0x20, 0x68, 
	0x74, 0x74, 0x70, 0x2d, 0x65, 0x71, 0x75, 0x69, 0x76, 0x3d, 
	0x22, 0x58, 0x2d, 0x55, 0x41, 0x2d, 0x43, 0x6f, 0x6d, 0x70, 
	0x61, 0x74, 0x69, 0x62, 0x6c, 0x65, 0x22, 0x20, 0x63, 0x6f, 
	0x6e, 0x74, 0x65, 0x6e, 0x74, 0x3d, 0x22, 0x49, 0x45, 0x3d, 
	0x65, 0x64, 0x67, 0x65, 0x22, 0x3e, 0xa, 0xa, 0x20, 0x20, 
	0x3c, 0x21, 0x2d, 0x2d, 0x20, 0x52, 0x65, 0x73, 0x70, 0x6f, 
	0x6e, 0x73, 0x69, 0x76, 0x65, 0x20, 0x6c, 0x61, 0x79, 0x6f, 
	0x75, 0x74, 0x20, 0x6f, 0x6e, 0x20, 0x6d, 0x6f, 0x62, 0x69, 
	0x6c, 0x65, 0x20, 0x64, 0x65, 0x76, 0x69, 0x63, 0x65, 0x73, 
	0x20, 0x2d, 0x2d, 0x3e, 0xa, 0x20, 0x20, 0x3c, 0x6d, 0x65, 
	0x74, 0x61, 0x20, 0x6e, 0x61, 0x6d, 0x65, 0x3d, 0x22, 0x76, 
	0x69, 0x65, 0x77, 0x70, 0x6f, 0x72, 0x74, 0x22, 0x20, 0x63, 
	0x6f, 0x6e, 0x74, 0x65, 0x6e, 0x74, 0x3d, 0x22, 0x77, 0x69, 
	0x64, 0x74, 0x68, 0x3d, 0x64, 0x65, 0x76, 0x69, 0x63, 0x65, 
	0x2d, 0x77, 0x69, 0x64, 0x74, 0x68, 0x2c, 0x20, 0x69, 0x6e, 
	0x69, 0x74, 0x69, 0x61, 0x6c, 0x2d, 0x73, 0x63, 0x61, 0x6c, 
	0x65, 0x3d, 0x31, 0x2e, 0x30, 0x22, 0x3e, 0xa, 0xa, 0x20, 
	0x20, 0x3c, 0x21, 0x2d, 0x2d, 0x20, 0x47, 0x6c, 0x6f, 0x62, 
	0x61, 0x6c, 0x20, 0x73, 0x74, 0x79, 0x6c, 0x65, 0x73, 0x20, 
	0x28, 0x74, 0x68, 0x65, 0x6d, 0x65, 0x2c, 0x20, 0x66, 0x6f, 
	0x6e, 0x74, 0x73, 0x2c, 0x20, 0x62, 0x61, 0x63, 0x6b, 0x67, 
	0x72, 0x6f, 0x75, 0x6e, 0x64, 0x29, 0x20, 0x2d, 0x2d, 0x3e, 
	0xa, 0x20, 0x20, 0x3c, 0x6c, 0x69, 0x6e, 0x6b, 0x20, 0x72, 
	0x65, 0x6c, 0x3d, 0x22, 0x73, 0x74, 0x79, 0x6c, 0x65, 0x73, 
	0x68, 0x65, 0x65, 0x74, 0x22, 0x20, 0x68, 0x72, 0x65, 0x66, 
	0x3d, 0x22, 0x73, 0x74, 0x79, 0x6c, 0x65, 0x2e, 0x63, 0x73, 
	0x73, 0x22, 0x3e, 0xa, 0xa, 0x20, 0x20, 0x3c, 0x21, 0x2d, 
	0x2d, 0x20, 0x4c, 0x6f, 0x67, 0x69, 0x6e, 0x20, 0x70, 0x61, 
	0x67, 0x65, 0x20, 0x73, 0x70, 0x65, 0x63, 0x69, 0x66, 0x69, 
	0x63, 0x20, 0x73, 0x74, 0x79, 0x6c, 0x65, 0x73, 0x20, 0x2d, 
	0x2d, 0x3e, 0xa, 0x20, 0x20, 0x3c, 0x6c, 0x69, 0x6e, 0x6b, 
	0x20, 0x72, 0x65, 0x6c, 0x3d, 0x22, 0x73, 0x74, 0x79, 0x6c, 
	0x65, 0x73, 0x68, 0x65, 0x65, 0x74, 0x22, 0x20, 0x68, 0x72, 
	0x65, 0x66, 0x3d, 0x22, 0x73, 0x74, 0x79, 0x6c, 0x65, 0x5f, 
	0x6c, 0x6f, 0x67, 0x69, 0x6e, 0x66, 0x6f, 0x72, 0x6d, 0x2e, 
	0x63, 0x73, 0x73, 0x22, 0x3e, 0xa, 0xa, 0x20, 0x20, 0x3c, 
	0x74, 0x69, 0x74, 0x6c, 0x65, 0x3e, 0x4c, 0x6f, 0x67, 0x69, 
	0x6e, 0x3c, 0x2f, 0x74, 0x69, 0x74, 0x6c, 0x65, 0x3e, 0xa, 
	0x3c, 0x2f, 0x68, 0x65, 0x61, 0x64, 0x3e, 0xa, 0xa, 0x3c, 
	0x62, 0x6f, 0x64, 0x79, 0x3e, 0xa, 0xa, 0x20, 0x20, 0x3c, 
	0x21, 0x2d, 0x2d, 0x20, 0x46, 0x75, 0x6c, 0x6c, 0x2d, 0x70, 
	0x61, 0x67, 0x65, 0x20, 0x63, 0x6f, 0x6e, 0x74, 0x61, 0x69, 
	0x6e, 0x65, 0x72, 0x20, 0x75, 0x73, 0x65, 0x64, 0x20, 0x74, 
	0x6f, 0x20, 0x63, 0x65, 0x6e, 0x74, 0x65, 0x72, 0x20, 0x74, 
	0x68, 0x65, 0x20, 0x6c, 0x6f, 0x67, 0x69, 0x6e, 0x20, 0x63, 
	0x61, 0x72, 0x64, 0x20, 0x2d, 0x2d, 0x3e, 0xa, 0x20, 0x20, 
	0x3c, 0x64, 0x69, 0x76, 0x20, 0x63, 0x6c, 0x61, 0x73, 0x73, 
	0x3d, 0x22, 0x6c, 0x6f, 0x67, 0x69, 0x6e, 0x2d, 0x70, 0x61, 
	0x67, 0x65, 0x2d, 0x62, 0x67, 0x22, 0x3e, 0xa, 0xa, 0x20, 
	0x20, 0x20, 0x20, 0x3c, 0x21, 0x2d, 0x2d, 0x20, 0x4c, 0x6f, 
	0x67, 0x69, 0x6e, 0x20, 0x63, 0x61, 0x72, 0x64, 0x20, 0x62, 
	0x61, 0x63, 0x6b, 0x67, 0x72, 0x6f, 0x75, 0x6e, 0x64, 0x20, 
	0x2d, 0x2d, 0x3e, 0xa, 0x20, 0x20, 0x20, 0x20, 0x3c, 0x64, 
	0x69, 0x76, 0x20, 0x63, 0x6c, 0x61, 0x73, 0x73, 0x3d, 0x22, 
	0x6c, 0x6f, 0x67, 0x69, 0x6e, 0x2d, 0x62, 0x67, 0x22, 0x3e, 
	0xa, 0xa, 0x20, 0x20, 0x20, 0x20, 0x20, 0x20, 0x3c, 0x21, 
	0x2d, 0x2d, 0x20, 0x49, 0x6e, 0x6e, 0x65, 0x72, 0x20, 0x63, 
	0x6f, 0x6e, 0x74, 0x61, 0x69, 0x6e, 0x65, 0x72, 0x20, 0x68, 
	0x6f, 0x6c, 0x64, 0x69, 0x6e, 0x67, 0x20, 0x74, 0x68, 0x65, 
	0x20, 0x61, 0x63, 0x74, 0x75, 0x61, 0x6c, 0x20, 0x66, 0x6f, 
	0x72, 0x6d, 0x20, 0x2d, 0x2d, 0x3e, 0xa, 0x20, 0x20, 0x20, 
	0x20, 0x20, 0x20, 0x3c, 0x64, 0x69, 0x76, 0x20, 0x63, 0x6c, 
	0x61, 0x73, 0x73, 0x3d, 0x22, 0x6c, 0x6f, 0x67, 0x69, 0x6e, 
	0x2d, 0x62, 0x6f, 0x78, 0x22, 0x3e, 0xa, 0xa, 0x20, 0x20, 
	0x20, 0x20, 0x20, 0x20, 0x20, 0x20, 0x3c, 0x21, 0x2d, 0x2d, 
	0x20, 0x4c, 0x6f, 0x67, 0x69, 0x6e, 0x20, 0x70, 0x61, 0x67, 
	0x65, 0x20, 0x68, 0x65, 0x61, 0x64, 0x65, 0x72, 0x20, 0x2d, 
	0x2d, 0x3e, 0xa, 0x20, 0x20, 0x20, 0x20, 0x20, 0x20, 0x20, 
	0x20, 0x3c, 0x64, 0x69, 0x76, 0x20, 0x63, 0x6c, 0x61, 0x73, 
	0x73, 0x3d, 0x22, 0x6c, 0x6f, 0x67, 0x69, 0x6e, 0x2d, 0x68, 
	0x65, 0x61, 0x64, 0x65, 0x72, 0x22, 0x3e, 0xa, 0x20, 0x20, 
	0x20, 0x20, 0x20, 0x20, 0x20, 0x20, 0x20, 0x20, 0x3c, 0x68, 
	0x65, 0x61, 0x64, 0x65, 0x72, 0x3e, 0x4c, 0x6f, 0x67, 0x69, 
	0x6e, 0x3c, 0x2f, 0x68, 0x65, 0x61, 0x64, 0x65, 0x72, 0x3e, 
	0xa, 0x20, 0x20, 0x20, 0x20, 0x20, 0x20, 0x20, 0x20, 0x3c, 
	0x2f, 0x64, 0x69, 0x76, 0x3e, 0xa, 0xa, 0x20, 0x20, 0x20, 
	0x20, 0x20, 0x20, 0x20, 0x20, 0x3c, 0x21, 0x2d, 0x2d, 0xa, 
	0x20, 0x20, 0x20, 0x20, 0x20, 0x20, 0x20, 0x20, 0x20, 0x20, 
	0x4c, 0x6f, 0x67, 0x69, 0x6e, 0x20, 0x66, 0x6f, 0x72, 0x6d, 
	0x2e, 0xa, 0xa, 0x20, 0x20, 0x20, 0x20, 0x20, 0x20, 0x20, 
	0x20, 0x20, 0x20, 0x4e, 0x6f, 0x74, 0x65, 0x3a, 0xa, 0x20, 
	0x20, 0x20, 0x20, 0x20, 0x20, 0x20, 0x20, 0x20, 0x20, 0x2d, 
	0x20, 0x4e, 0x6f, 0x20, 0x22, 0x61, 0x63, 0x74, 0x69, 0x6f, 
	0x6e, 0x22, 0x20, 0x6f, 0x72, 0x20, 0x22, 0x6d, 0x65, 0x74, 
	0x68, 0x6f, 0x64, 0x22, 0x20, 0x61, 0x74, 0x74, 0x72, 0x69, 
	0x62, 0x75, 0x74, 0x65, 0x73, 0x20, 0x61, 0x72, 0x65, 0x20, 
	0x75, 0x73, 0x65, 0x64, 0x2e, 0xa, 0x20, 0x20, 0x20, 0x20, 
	0x20, 0x20, 0x20, 0x20, 0x20, 0x20, 0x2d, 0x20, 0x53, 0x75, 
	0x62, 0x6d, 0x69, 0x73, 0x73, 0x69, 0x6f, 0x6e, 0x20, 0x69, 
	0x73, 0x20, 0x68, 0x61, 0x6e, 0x64, 0x6c, 0x65, 0x64, 0x20, 
	0x62, 0x79, 0x20, 0x6c, 0x6f, 0x67, 0x69, 0x6e, 0x2e, 0x6a, 
	0x73, 0x20, 0x75, 0x73, 0x69, 0x6e, 0x67, 0x20, 0x66, 0x65, 
	0x74, 0x63, 0x68, 0x2f, 0x41, 0x4a, 0x41, 0x58, 0xa, 0x20, 
	0x20, 0x20, 0x20, 0x20, 0x20, 0x20, 0x20, 0x20, 0x20, 0x20, 
	0x20, 0x74, 0x6f, 0x20, 0x63, 0x6f, 0x6d, 0x6d, 0x75, 0x6e, 
	0x69, 0x63, 0x61, 0x74, 0x65, 0x20, 0x77, 0x69, 0x74, 0x68, 
	0x20, 0x74, 0x68, 0x65, 0x20, 0x65, 0x6d, 0x62, 0x65, 0x64, 
	0x64, 0x65, 0x64, 0x20, 0x48, 0x54, 0x54, 0x50, 0x20, 0x73, 
	0x65, 0x72, 0x76, 0x65, 0x72, 0x2e, 0xa, 0x20, 0x20, 0x20, 
	0x20, 0x20, 0x20, 0x20, 0x20, 0x2d, 0x2d, 0x3e, 0xa, 0x20, 
	0x20, 0x20, 0x20, 0x20, 0x20, 0x20, 0x20, 0x3c, 0x66, 0x6f, 
	0x72, 0x6d, 0x20, 0x69, 0x64, 0x3d, 0x22, 0x6c, 0x6f, 0x67, 
	0x69, 0x6e, 0x46, 0x6f, 0x72, 0x6d, 0x22, 0x3e, 0xa, 0xa, 
	0x20, 0x20, 0x20, 0x20, 0x20, 0x20, 0x20, 0x20, 0x20, 0x20, 
	0x3c, 0x21, 0x2d, 0x2d, 0x20, 0x55, 0x73, 0x65, 0x72, 0x6e, 
	0x61, 0x6d, 0x65, 0x20, 0x69, 0x6e, 0x70, 0x75, 0x74, 0x20, 
	0x2d, 0x2d, 0x3e, 0xa, 0x20, 0x20, 0x20, 0x20, 0x20, 0x20, 
	0x20, 0x20, 0x20, 0x20, 0x3c, 0x64, 0x69, 0x76, 0x20, 0x63, 
	0x6c, 0x61, 0x73, 0x73, 0x3d, 0x22, 0x69, 0x6e, 0x70, 0x75, 
	0x74, 0x2d, 0x62, 0x6f, 0x78, 0x22, 0x3e, 0xa, 0x20, 0x20, 
	0x20, 0x20, 0x20, 0x20, 0x20, 0x20, 0x20, 0x20, 0x20, 0x20, 
	0x3c, 0x69, 0x6e, 0x70, 0x75, 0x74, 0xa, 0x20, 0x20, 0x20, 
	0x20, 0x20, 0x20, 0x20, 0x20, 0x20, 0x20, 0x20, 0x20, 0x20, 
	0x20, 0x69, 0x64, 0x3d, 0x22, 0x75, 0x73, 0x65, 0x72, 0x22, 
	0xa, 0x20, 0x20, 0x20, 0x20, 0x20, 0x20, 0x20, 0x20, 0x20, 
	0x20, 0x20, 0x20, 0x20, 0x20, 0x74, 0x79, 0x70, 0x65, 0x3d, 
	0x22, 0x74, 0x65, 0x78, 0x74, 0x22, 0xa, 0x20, 0x20, 0x20, 
	0x20, 0x20, 0x20, 0x20, 0x20, 0x20, 0x20, 0x20, 0x20, 0x20, 
	0x20, 0x63, 0x6c, 0x61, 0x73, 0x73, 0x3d, 0x22, 0x69, 0x6e, 
	0x70, 0x75, 0x74, 0x2d, 0x66, 0x69, 0x65, 0x6c, 0x64, 0x22, 
	0xa, 0x20, 0x20, 0x20, 0x20, 0x20, 0x20, 0x20, 0x20, 0x20, 
	0x20, 0x20, 0x20, 0x20, 0x20, 0x70, 0x6c, 0x61, 0x63, 0x65, 
	0x68, 0x6f, 0x6c, 0x64, 0x65, 0x72, 0x3d, 0x22, 0x55, 0x73, 
	0x65, 0x72, 0x22, 0xa, 0x20, 0x20, 0x20, 0x20, 0x20, 0x20, 
	0x20, 0x20, 0x20, 0x20, 0x20, 0x20, 0x20, 0x20, 0x61, 0x75, 
	0x74, 0x6f, 0x63, 0x6f, 0x6d, 0x70, 0x6c, 0x65, 0x74, 0x65, 
	0x3d, 0x22, 0x6f, 0x66, 0x66, 0x22, 0xa, 0x20, 0x20, 0x20, 
	0x20, 0x20, 0x20, 0x20, 0x20, 0x20, 0x20, 0x20, 0x20, 0x20, 
	0x20, 0x72, 0x65, 0x71, 0x75, 0x69, 0x72, 0x65, 0x64, 0xa, 
	0x20, 0x20, 0x20, 0x20, 0x20, 0x20, 0x20, 0x20, 0x20, 0x20, 
	0x20, 0x20, 0x20, 0x20, 0x61, 0x75, 0x74, 0x6f, 0x66, 0x6f, 
	0x63, 0x75, 0x73, 0xa, 0x20, 0x20, 0x20, 0x20, 0x20, 0x20, 
	0x20, 0x20, 0x20, 0x20, 0x20, 0x20, 0x3e, 0xa, 0x20, 0x20, 
	0x20, 0x20, 0x20, 0x20, 0x20, 0x20, 0x20, 0x20, 0x3c, 0x2f, 
	0x64, 0x69, 0x76, 0x3e, 0xa, 0xa, 0x20, 0x20, 0x20, 0x20, 
	0x20, 0x20, 0x20, 0x20, 0x20, 0x20, 0x3c, 0x21, 0x2d, 0x2d, 
	0x20, 0x50, 0x61, 0x73, 0x73, 0x77, 0x6f, 0x72, 0x64, 0x20, 
	0x69, 0x6e, 0x70, 0x75, 0x74, 0x20, 0x2d, 0x2d, 0x3e, 0xa, 
	0x20, 0x20, 0x20, 0x20, 0x20, 0x20, 0x20, 0x20, 0x20, 0x20, 
	0x3c, 0x64, 0x69, 0x76, 0x20, 0x63, 0x6c, 0x61, 0x73, 0x73, 
	0x3d, 0x22, 0x69, 0x6e, 0x70, 0x75, 0x74, 0x2d, 0x62, 0x6f, 
	0x78, 0x22, 0x3e, 0xa, 0x20, 0x20, 0x20, 0x20, 0x20, 0x20, 
	0x20, 0x20, 0x20, 0x20, 0x20, 0x20, 0x3c, 0x69, 0x6e, 0x70, 
	0x75, 0x74, 0xa, 0x20, 0x20, 0x20, 0x20, 0x20, 0x20, 0x20, 
	0x20, 0x20, 0x20, 0x20, 0x20, 0x20, 0x20, 0x69, 0x64, 0x3d, 
	0x22, 0x70, 0x61, 0x73, 0x73, 0x22, 0xa, 0x20, 0x20, 0x20, 
	0x20, 0x20, 0x20, 0x20, 0x20, 0x20, 0x20, 0x20, 0x20, 0x20, 
	0x20, 0x74, 0x79, 0x70, 0x65, 0x3d, 0x22, 0x70, 0x61, 0x73, 
	0x73, 0x77, 0x6f, 0x72, 0x64, 0x22, 0xa, 0x20, 0x20, 0x20, 
	0x20, 0x20, 0x20, 0x20, 0x20, 0x20, 0x20, 0x20, 0x20, 0x20, 
	0x20, 0x63, 0x6c, 0x61, 0x73, 0x73, 0x3d, 0x22, 0x69, 0x6e, 
	0x70, 0x75, 0x74, 0x2d, 0x66, 0x69, 0x65, 0x6c, 0x64, 0x22, 
	0xa, 0x20, 0x20, 0x20, 0x20, 0x20, 0x20, 0x20, 0x20, 0x20, 
	0x20, 0x20, 0x20, 0x20, 0x20, 0x70, 0x6c, 0x61, 0x63, 0x65, 
	0x68, 0x6f, 0x6c, 0x64, 0x65, 0x72, 0x3d, 0x22, 0x50, 0x61, 
	0x73, 0x73, 0x77, 0x6f, 0x72, 0x64, 0x22, 0xa, 0x20, 0x20, 
	0x20, 0x20, 0x20, 0x20, 0x20, 0x20, 0x20, 0x20, 0x20, 0x20, 
	0x20, 0x20, 0x61, 0x75, 0x74, 0x6f, 0x63, 0x6f, 0x6d, 0x70, 
	0x6c, 0x65, 0x74, 0x65, 0x3d, 0x22, 0x6f, 0x66, 0x66, 0x22, 
	0xa, 0x20, 0x20, 0x20, 0x20, 0x20, 0x20, 0x20, 0x20, 0x20, 
	0x20, 0x20, 0x20, 0x20, 0x20, 0x72, 0x65, 0x71, 0x75, 0x69, 
	0x72, 0x65, 0x64, 0xa, 0x20, 0x20, 0x20, 0x20, 0x20, 0x20, 
	0x20, 0x20, 0x20, 0x20, 0x20, 0x20, 0x3e, 0xa, 0x20, 0x20, 
	0x20, 0x20, 0x20, 0x20, 0x20, 0x20, 0x20, 0x20, 0x3c, 0x2f, 
	0x64, 0x69, 0x76, 0x3e, 0xa, 0xa, 0x20, 0x20, 0x20, 0x20, 
	0x20, 0x20, 0x20, 0x20, 0x20, 0x20, 0x3c, 0x21, 0x2d, 0x2d, 
	0x20, 0x53, 0x75, 0x62, 0x6d, 0x69, 0x74, 0x20, 0x62, 0x75, 
	0x74, 0x74, 0x6f, 0x6e, 0x20, 0x2d, 0x2d, 0x3e, 0xa, 0x20, 
	0x20, 0x20, 0x20, 0x20, 0x20, 0x20, 0x20, 0x20, 0x20, 0x3c, 
	0x64, 0x69, 0x76, 0x20, 0x63, 0x6c, 0x61, 0x73, 0x73, 0x3d, 
	0x22, 0x69, 0x6e, 0x70, 0x75, 0x74, 0x2d, 0x73, 0x75, 0x62, 
	0x6d, 0x69, 0x74, 0x22, 0x3e, 0xa, 0x20, 0x20, 0x20, 0x20, 
	0x20, 0x20, 0x20, 0x20, 0x20, 0x20, 0x20, 0x20, 0x3c, 0x62, 
	0x75, 0x74, 0x74, 0x6f, 0x6e, 0x20, 0x74, 0x79, 0x70, 0x65, 
	0x3d, 0x22, 0x73, 0x75, 0x62, 0x6d, 0x69, 0x74, 0x22, 0x20, 
	0x63, 0x6c, 0x61, 0x73, 0x73, 0x3d, 0x22, 0x73, 0x75, 0x62, 
	0x6d, 0x69, 0x74, 0x2d, 0x62, 0x74, 0x6e, 0x22, 0x3e, 0x4c, 
	0x6f, 0x67, 0x69, 0x6e, 0x3c, 0x2f, 0x62, 0x75, 0x74, 0x74, 
	0x6f, 0x6e, 0x3e, 0xa, 0x20, 0x20, 0x20, 0x20, 0x20, 0x20, 
	0x20, 0x20, 0x20, 0x20, 0x3c, 0x2f, 0x64, 0x69, 0x76, 0x3e, 
	0xa, 0xa, 0x20, 0x20, 0x20, 0x20, 0x20, 0x20, 0x20, 0x20, 
	0x20, 0x20, 0x3c, 0x21, 0x2d, 0x2d, 0xa, 0x20, 0x20, 0x20, 
	0x20, 0x20, 0x20, 0x20, 0x20, 0x20, 0x20, 0x20, 0x20, 0x45, 
	0x72, 0x72, 0x6f, 0x72, 0x20, 0x6d, 0x65, 0x73, 0x73, 0x61, 
	0x67, 0x65, 0x20, 0x63, 0x6f, 0x6e, 0x74, 0x61, 0x69, 0x6e, 
	0x65, 0x72, 0x2e, 0xa, 0xa, 0x20, 0x20, 0x20, 0x20, 0x20, 
	0x20, 0x20, 0x20, 0x20, 0x20, 0x20, 0x20, 0x6c, 0x6f, 0x67, 
	0x69, 0x6e, 0x2e, 0x6a, 0x73, 0x20, 0x75, 0x70, 0x64, 0x61, 
	0x74, 0x65, 0x73, 0x20, 0x74, 0x68, 0x69, 0x73, 0x20, 0x65, 
	0x6c, 0x65, 0x6d, 0x65, 0x6e, 0x74, 0x20, 0x77, 0x68, 0x65, 
	0x6e, 0x20, 0x61, 0x75, 0x74, 0x68, 0x65, 0x6e, 0x74, 0x69, 
	0x63, 0x61, 0x74, 0x69, 0x6f, 0x6e, 0x20, 0x66, 0x61, 0x69, 
	0x6c, 0x73, 0x2e, 0xa, 0x20, 0x20, 0x20, 0x20, 0x20, 0x20, 
	0x20, 0x20, 0x20, 0x20, 0x2d, 0x2d, 0x3e, 0xa, 0x20, 0x20, 
	0x20, 0x20, 0x20, 0x20, 0x20, 0x20, 0x20, 0x20, 0x3c, 0x64, 
	0x69, 0x76, 0x20, 0x69, 0x64, 0x3d, 0x22, 0x65, 0x72, 0x72, 
	0x6f, 0x72, 0x4d, 0x73, 0x67, 0x22, 0x20, 0x73, 0x74, 0x79, 
	0x6c, 0x65, 0x3d, 0x22, 0x63, 0x6f, 0x6c, 0x6f, 0x72, 0x3a, 
	0x20, 0x72, 0x65, 0x64, 0x3b, 0x20, 0x6d, 0x61, 0x72, 0x67, 
	0x69, 0x6e, 0x2d, 0x74, 0x6f, 0x70, 0x3a, 0x20, 0x31, 0x30, 
	0x70, 0x78, 0x3b, 0x22, 0x3e, 0x3c, 0x2f, 0x64, 0x69, 0x76, 
	0x3e, 0xa, 0xa, 0x20, 0x20, 0x20, 0x20, 0x20, 0x20, 0x20, 
	0x20, 0x3c, 0x2f, 0x66, 0x6f, 0x72, 0x6d, 0x3e, 0xa, 0xa, 
	0x20, 0x20, 0x20, 0x20, 0x20, 0x20, 0x3c, 0x2f, 0x64, 0x69, 
	0x76, 0x3e, 0xa, 0x20, 0x20, 0x20, 0x20, 0x3c, 0x2f, 0x64, 
	0x69, 0x76, 0x3e, 0xa, 0x20, 0x20, 0x3c, 0x2f, 0x64, 0x69, 
	0x76, 0x3e, 0xa, 0xa, 0x20, 0x20, 0x3c, 0x21, 0x2d, 0x2d, 
	0x20, 0x4c, 0x6f, 0x67, 0x69, 0x6e, 0x20, 0x6c, 0x6f, 0x67, 
	0x69, 0x63, 0x20, 0x28, 0x41, 0x4a, 0x41, 0x58, 0x20, 0x72, 
	0x65, 0x71, 0x75, 0x65, 0x73, 0x74, 0x20, 0x2b, 0x20, 0x73, 
	0x65, 0x73, 0x73, 0x69, 0x6f, 0x6e, 0x20, 0x68, 0x61, 0x6e, 
	0x64, 0x6c, 0x69, 0x6e, 0x67, 0x29, 0x20, 0x2d, 0x2d, 0x3e, 
	0xa, 0x20, 0x20, 0x3c, 0x73, 0x63, 0x72, 0x69, 0x70, 0x74, 
	0x20, 0x73, 0x72, 0x63, 0x3d, 0x22, 0x6c, 0x6f, 0x67, 0x69, 
	0x6e, 0x2e, 0x6a, 0x73, 0x22, 0x3e, 0x3c, 0x2f, 0x73, 0x63, 
	0x72, 0x69, 0x70, 0x74, 0x3e, 0xa, 0xa, 0x3c, 0x2f, 0x62, 
	0x6f, 0x64, 0x79, 0x3e, 0xa, 0xa, 0x3c, 0x2f, 0x68, 0x74, 
	0x6d, 0x6c, 0x3e, };

static const unsigned char data_settings_js[] = {
	/* /settings.js */
	0x2f, 0x73, 0x65, 0x74, 0x74, 0x69, 0x6e, 0x67, 0x73, 0x2e, 0x6a, 0x73, 0,
	0x48, 0x54, 0x54, 0x50, 0x2f, 0x31, 0x2e, 0x30, 0x20, 0x32, 
	0x30, 0x30, 0x20, 0x4f, 0x4b, 0xd, 0xa, 0x53, 0x65, 0x72, 
	0x76, 0x65, 0x72, 0x3a, 0x20, 0x6c, 0x77, 0x49, 0x50, 0x2f, 
	0x70, 0x72, 0x65, 0x2d, 0x30, 0x2e, 0x36, 0x20, 0x28, 0x68, 
	0x74, 0x74, 0x70, 0x3a, 0x2f, 0x2f, 0x77, 0x77, 0x77, 0x2e, 
	0x73, 0x69, 0x63, 0x73, 0x2e, 0x73, 0x65, 0x2f, 0x7e, 0x61, 
	0x64, 0x61, 0x6d, 0x2f, 0x6c, 0x77, 0x69, 0x70, 0x2f, 0x29, 
	0xd, 0xa, 0x43, 0x6f, 0x6e, 0x74, 0x65, 0x6e, 0x74, 0x2d, 
	0x74, 0x79, 0x70, 0x65, 0x3a, 0x20, 0x61, 0x70, 0x70, 0x6c, 
	0x69, 0x63, 0x61, 0x74, 0x69, 0x6f, 0x6e, 0x2f, 0x6a, 0x61, 
	0x76, 0x61, 0x73, 0x63, 0x72, 0x69, 0x70, 0x74, 0xd, 0xa, 
	0xd, 0xa, 0x2f, 0x2a, 0x2a, 0xd, 0xa, 0x20, 0x2a, 0x20, 
	0x73, 0x65, 0x74, 0x74, 0x69, 0x6e, 0x67, 0x2e, 0x6a, 0x73, 
	0xd, 0xa, 0x20, 0x2a, 0x20, 0x53, 0x65, 0x74, 0x74, 0x69, 
	0x6e, 0x67, 0x73, 0x20, 0x70, 0x61, 0x67, 0x65, 0x20, 0x63, 
	0x6c, 0x69, 0x65, 0x6e, 0x74, 0x2d, 0x73, 0x69, 0x64, 0x65, 
	0x20, 0x63, 0x6f, 0x6e, 0x74, 0x72, 0x6f, 0x6c, 0x6c, 0x65, 
	0x72, 0x20, 0x28, 0x53, 0x54, 0x4d, 0x33, 0x32, 0x20, 0x65, 
	0x6d, 0x62, 0x65, 0x64, 0x64, 0x65, 0x64, 0x20, 0x77, 0x65, 
	0x62, 0x20, 0x55, 0x49, 0x29, 0x2e, 0xd, 0xa, 0x20, 0x2a, 
	0xd, 0xa, 0x20, 0x2a, 0x20, 0x52, 0x65, 0x73, 0x70, 0x6f, 
	0x6e, 0x73, 0x69, 0x62, 0x69, 0x6c, 0x69, 0x74, 0x69, 0x65, 
	0x73, 0x3a, 0xd, 0xa, 0x20, 0x2a, 0x20, 0x2d, 0x20, 0x52, 
	0x65, 0x61, 0x64, 0x20, 0x63, 0x75, 0x72, 0x72, 0x65, 0x6e, 
	0x74, 0x20, 0x63, 0x6f, 0x6e, 0x66, 0x69, 0x67, 0x75, 0x72, 
	0x61, 0x74, 0x69, 0x6f, 0x6e, 0x20, 0x76, 0x69, 0x61, 0x20, 
	0x52, 0x45, 0x53, 0x54, 0x20, 0x65, 0x6e, 0x64, 0x70, 0x6f, 
	0x69, 0x6e, 0x74, 0x73, 0x20, 0x28, 0x2f, 0x61, 0x70, 0x69, 
	0x2f, 0x6e, 0x65, 0x74, 0x2c, 0x20, 0x2f, 0x61, 0x70, 0x69, 
	0x2f, 0x61, 0x75, 0x74, 0x68, 0x29, 0xd, 0xa, 0x20, 0x2a, 
	0x20, 0x2d, 0x20, 0x56, 0x61, 0x6c, 0x69, 0x64, 0x61, 0x74, 
	0x65, 0x20, 0x75, 0x73, 0x65, 0x72, 0x20, 0x69, 0x6e, 0x70, 
	0x75, 0x74, 0x20, 0x6f, 0x6e, 0x20, 0x74, 0x68, 0x65, 0x20, 
	0x63, 0x6c, 0x69, 0x65, 0x6e, 0x74, 0x20, 0x73, 0x69, 0x64, 
	0x65, 0xd, 0xa, 0x20, 0x2a, 0x20, 0x2d, 0x20, 0x53, 0x75, 
	0x62, 0x6d, 0x69, 0x74, 0x20, 0x63, 0x68, 0x61, 0x6e, 0x67, 
	0x65, 0x73, 0x20, 0x76, 0x69, 0x61, 0x20, 0x48, 0x54, 0x54, 
	0x50, 0x20, 0x50, 0x4f, 0x53, 0x54, 0x20, 0x28, 0x4a, 0x53, 
	0x4f, 0x4e, 0x20, 0x70, 0x61, 0x79, 0x6c, 0x6f, 0x61, 0x64, 
	0x29, 0xd, 0xa, 0x20, 0x2a, 0x20, 0x2d, 0x20, 0x50, 0x72, 
	0x6f, 0x76, 0x69, 0x64, 0x65, 0x20, 0x69, 0x6e, 0x6c, 0x69, 
	0x6e, 0x65, 0x20, 0x66, 0x65, 0x65, 0x64, 0x62, 0x61, 0x63, 
	0x6b, 0x20, 0x6d, 0x65, 0x73, 0x73, 0x61, 0x67, 0x65, 0x73, 
	0x20, 0x66, 0x6f, 0x72, 0x20, 0x65, 0x61, 0x63, 0x68, 0x20, 
	0x73, 0x65, 0x63, 0x74, 0x69, 0x6f, 0x6e, 0xd, 0xa, 0x20, 
	0x2a, 0xd, 0xa, 0x20, 0x2a, 0x20, 0x49, 0x6e, 0x74, 0x65, 
	0x6e, 0x64, 0x65, 0x64, 0x20, 0x66, 0x6f, 0x72, 0x20, 0x6c, 
	0x69, 0x67, 0x68, 0x74, 0x77, 0x65, 0x69, 0x67, 0x68, 0x74, 
	0x20, 0x65, 0x6d, 0x62, 0x65, 0x64, 0x64, 0x65, 0x64, 0x20, 
	0x48, 0x54, 0x54, 0x50, 0x20, 0x73, 0x65, 0x72, 0x76, 0x65, 
	0x72, 0x73, 0x2e, 0xd, 0xa, 0x20, 0x2a, 0x2f, 0xd, 0xa, 
	0xd, 0xa, 0xd, 0xa, 0x2f, 0x2a, 0x20, 0x3d, 0x3d, 0x3d, 
	0x3d, 0x3d, 0x3d, 0x3d, 0x3d, 0x3d, 0x3d, 0x3d, 0x3d, 0x3d, 
	0x3d, 0x3d, 0x3d, 0x3d, 0x3d, 0x3d, 0x3d, 0x3d, 0x3d, 0x3d, 
	0x3d, 0x3d, 0x3d, 0x3d, 0x3d, 0x3d, 0x3d, 0x3d, 0x3d, 0x3d, 
	0x3d, 0x3d, 0x3d, 0x3d, 0x3d, 0x3d, 0x3d, 0x3d, 0x3d, 0x3d, 
	0x3d, 0x3d, 0x3d, 0x3d, 0x3d, 0x3d, 0x3d, 0x3d, 0x3d, 0x3d, 
	0x3d, 0x3d, 0x3d, 0x3d, 0xd, 0xa, 0x20, 0x2a, 0x20, 0x41, 
	0x50, 0x49, 0x20, 0x45, 0x6e, 0x64, 0x70, 0x6f, 0x69, 0x6e, 
	0x74, 0x73, 0xd, 0xa, 0x20, 0x2a, 0x20, 0x3d, 0x3d, 0x3d, 
	0x3d, 0x3d, 0x3d, 0x3d, 0x3d, 0x3d, 0x3d, 0x3d, 0x3d, 0x3d, 
	0x3d, 0x3d, 0x3d, 0x3d, 0x3d, 0x3d, 0x3d, 0x3d, 0x3d, 0x3d, 
	0x3d, 0x3d, 0x3d, 0x3d, 0x3d, 0x3d, 0x3d, 0x3d, 0x3d, 0x3d, 
	0x3d, 0x3d, 0x3d, 0x3d, 0x3d, 0x3d, 0x3d, 0x3d, 0x3d, 0x3d, 
	0x3d, 0x3d, 0x3d, 0x3d, 0x3d, 0x3d, 0x3d, 0x3d, 0x3d, 0x3d, 
	0x3d, 0x3d, 0x3d, 0x3d, 0x20, 0x2a, 0x2f, 0xd, 0xa, 0xd, 
	0xa, 0x2f, 0x2a, 0x2a, 0x20, 0x52, 0x45, 0x53, 0x54, 0x20, 
	0x65, 0x6e, 0x64, 0x70, 0x6f, 0x69, 0x6e, 0x74, 0x20, 0x66, 
	0x6f, 0x72, 0x20, 0x6e, 0x65, 0x74, 0x77, 0x6f, 0x72, 0x6b, 
	0x20, 0x63, 0x6f, 0x6e, 0x66, 0x69, 0x67, 0x75, 0x72, 0x61, 
	0x74, 0x69, 0x6f, 0x6e, 0x2e, 0x20, 0x2a, 0x2f, 0xd, 0xa, 
	0x63, 0x6f, 0x6e, 0x73, 0x74, 0x20, 0x45, 0x50, 0x5f, 0x4e, 
	0x45, 0x54, 0x20, 0x20, 0x3d, 0x20, 0x22, 0x2f, 0x61, 0x70, 
	0x69, 0x2f, 0x6e, 0x65, 0x74, 0x22, 0x3b, 0xd, 0xa, 0xd, 
	0xa, 0x2f, 0x2a, 0x2a, 0x20, 0x52, 0x45, 0x53, 0x54, 0x20, 
	0x65, 0x6e, 0x64, 0x70, 0x6f, 0x69, 0x6e, 0x74, 0x20, 0x66, 
	0x6f, 0x72, 0x20, 0x61, 0x75, 0x74, 0x68, 0x65, 0x6e, 0x74, 
	0x69, 0x63, 0x61, 0x74, 0x69, 0x6f, 0x6e, 0x20, 0x63, 0x6f, 
	0x6e, 0x66, 0x69, 0x67, 0x75, 0x72, 0x61, 0x74, 0x69, 0x6f, 
	0x6e, 0x2e, 0x20, 0x2a, 0x2f, 0xd, 0xa, 0x63, 0x6f, 0x6e, 
	0x73, 0x74, 0x20, 0x45, 0x50, 0x5f, 0x41, 0x55, 0x54, 0x48, 
	0x20, 0x3d, 0x20, 0x22, 0x2f, 0x61, 0x70, 0x69, 0x2f, 0x61, 
	0x75, 0x74, 0x68, 0x22, 0x3b, 0xd, 0xa, 0xd, 0xa, 0xd, 
	0xa, 0x2f, 0x2a, 0x20, 0x3d, 0x3d, 0x3d, 0x3d, 0x3d, 0x3d, 
	0x3d, 0x3d, 0x3d, 0x3d, 0x3d, 0x3d, 0x3d, 0x3d, 0x3d, 0x3d, 
	0x3d, 0x3d, 0x3d, 0x3d, 0x3d, 0x3d, 0x3d, 0x3d, 0x3d, 0x3d, 
	0x3d, 0x3d, 0x3d, 0x3d, 0x3d, 0x3d, 0x3d, 0x3d, 0x3d, 0x3d, 
	0x3d, 0x3d, 0x3d, 0x3d, 0x3d, 0x3d, 0x3d, 0x3d, 0x3d, 0x3d, 
	0x3d, 0x3d, 0x3d, 0x3d, 0x3d, 0x3d, 0x3d, 0x3d, 0x3d, 0x3d, 
	0x3d, 0xd, 0xa, 0x20, 0x2a, 0x20, 0x44, 0x4f, 0x4d, 0x20, 
	0x48, 0x65, 0x6c, 0x70, 0x65, 0x72, 0x73, 0xd, 0xa, 0x20, 
	0x2a, 0x20, 0x3d, 0x3d, 0x3d, 0x3d, 0x3d, 0x3d, 0x3d, 0x3d, 
	0x3d, 0x3d, 0x3d, 0x3d, 0x3d, 0x3d, 0x3d, 0x3d, 0x3d, 0x3d, 
	0x3d, 0x3d, 0x3d, 0x3d, 0x3d, 0x3d, 0x3d, 0x3d, 0x3d, 0x3d, 
	0x3d, 0x3d, 0x3d, 0x3d, 0x3d, 0x3d, 0x3d, 0x3d, 0x3d, 0x3d, 
	0x3d, 0x3d, 0x3d, 0x3d, 0x3d, 0x3d, 0x3d, 0x3d, 0x3d, 0x3d, 
	0x3d, 0x3d, 0x3d, 0x3d, 0x3d, 0x3d, 0x3d, 0x3d, 0x3d, 0x20, 
	0x2a, 0x2f, 0xd, 0xa, 0xd, 0xa, 0x2f, 0x2a, 0x2a, 0xd, 
	0xa, 0x20, 0x2a, 0x20, 0x40, 0x62, 0x72, 0x69, 0x65, 0x66, 
	0x20, 0x53, 0x68, 0x6f, 0x72, 0x74, 0x68, 0x61, 0x6e, 0x64, 
	0x20, 0x66, 0x6f, 0x72, 0x20, 0x67, 0x65, 0x74, 0x45, 0x6c, 
	0x65, 0x6d, 0x65, 0x6e, 0x74, 0x42, 0x79, 0x49, 0x64, 0x28, 
	0x29, 0x2e, 0xd, 0xa, 0x20, 0x2a, 0x20, 0x40, 0x70, 0x61, 
	0x72, 0x61, 0x6d, 0x20, 0x7b, 0x73, 0x74, 0x72, 0x69, 0x6e, 
	0x67, 0x7d, 0x20, 0x69, 0x64, 0x20, 0x44, 0x4f, 0x4d, 0x20, 
	0x65, 0x6c, 0x65, 0x6d, 0x65, 0x6e, 0x74, 0x20, 0x69, 0x64, 
	0x2e, 0xd, 0xa, 0x20, 0x2a, 0x20, 0x40, 0x72, 0x65, 0x74, 
	0x75, 0x72, 0x6e, 0x20, 0x7b, 0x48, 0x54, 0x4d, 0x4c, 0x45, 
	0x6c, 0x65, 0x6d, 0x65, 0x6e, 0x74, 0x7c, 0x6e, 0x75, 0x6c, 
	0x6c, 0x7d, 0x20, 0x52, 0x65, 0x73, 0x6f, 0x6c, 0x76, 0x65, 
	0x64, 0x20, 0x65, 0x6c, 0x65, 0x6d, 0x65, 0x6e, 0x74, 0x20, 
	0x72, 0x65, 0x66, 0x65, 0x72, 0x65, 0x6e, 0x63, 0x65, 0x20, 
	0x6f, 0x72, 0x20, 0x6e, 0x75, 0x6c, 0x6c, 0x20, 0x69, 0x66, 
	0x20, 0x6d, 0x69, 0x73, 0x73, 0x69, 0x6e, 0x67, 0x2e, 0xd, 
	0xa, 0x20, 0x2a, 0x2f, 0xd, 0xa, 0x66, 0x75, 0x6e, 0x63, 
	0x74, 0x69, 0x6f, 0x6e, 0x20, 0x24, 0x28, 0x69, 0x64, 0x29, 
	0x7b, 0xd, 0xa, 0x20, 0x20, 0x72, 0x65, 0x74, 0x75, 0x72, 
	0x6e, 0x20, 0x64, 0x6f, 0x63, 0x75, 0x6d, 0x65, 0x6e, 0x74, 
	0x2e, 0x67, 0x65, 0x74, 0x45, 0x6c, 0x65, 0x6d, 0x65, 0x6e, 
	0x74, 0x42, 0x79, 0x49, 0x64, 0x28, 0x69, 0x64, 0x29, 0x3b, 
	0xd, 0xa, 0x7d, 0xd, 0xa, 0xd, 0xa, 0xd, 0xa, 0x2f, 
	0x2a, 0x2a, 0xd, 0xa, 0x20, 0x2a, 0x20, 0x40, 0x62, 0x72, 
	0x69, 0x65, 0x66, 0x20, 0x53, 0x65, 0x74, 0x20, 0x61, 0x6e, 
	0x20, 0x69, 0x6e, 0x6c, 0x69, 0x6e, 0x65, 0x20, 0x73, 0x74, 
	0x61, 0x74, 0x75, 0x73, 0x20, 0x6d, 0x65, 0x73, 0x73, 0x61, 
	0x67, 0x65, 0x20, 0x28, 0x69, 0x6e, 0x66, 0x6f, 0x2f, 0x73, 
	0x75, 0x63, 0x63, 0x65, 0x73, 0x73, 0x2f, 0x65, 0x72, 0x72, 
	0x6f, 0x72, 0x29, 0x20, 0x66, 0x6f, 0x72, 0x20, 0x61, 0x20, 
	0x73, 0x65, 0x63, 0x74, 0x69, 0x6f, 0x6e, 0x2e, 0xd, 0xa, 
	0x20, 0x2a, 0xd, 0xa, 0x20, 0x2a, 0x20, 0x40, 0x70, 0x61, 
	0x72, 0x61, 0x6d, 0x20, 0x7b, 0x73, 0x74, 0x72, 0x69, 0x6e, 
	0x67, 0x7d, 0x20, 0x69, 0x64, 0x20, 0x45, 0x6c, 0x65, 0x6d, 
	0x65, 0x6e, 0x74, 0x20, 0x69, 0x64, 0x20, 0x77, 0x68, 0x65, 
	0x72, 0x65, 0x20, 0x74, 0x68, 0x65, 0x20, 0x68, 0x69, 0x6e, 
	0x74, 0x20, 0x73, 0x68, 0x6f, 0x75, 0x6c, 0x64, 0x20, 0x62, 
	0x65, 0x20, 0x64, 0x69, 0x73, 0x70, 0x6c, 0x61, 0x79, 0x65, 
	0x64, 0x2e, 0xd, 0xa, 0x20, 0x2a, 0x20, 0x40, 0x70, 0x61, 
	0x72, 0x61, 0x6d, 0x20, 0x7b, 0x73, 0x74, 0x72, 0x69, 0x6e, 
	0x67, 0x7d, 0x20, 0x74, 0x65, 0x78, 0x74, 0x20, 0x4d, 0x65, 
	0x73, 0x73, 0x61, 0x67, 0x65, 0x20, 0x74, 0x65, 0x78, 0x74, 
	0x2e, 0xd, 0xa, 0x20, 0x2a, 0x20, 0x40, 0x70, 0x61, 0x72, 
	0x61, 0x6d, 0x20, 0x7b, 0x6e, 0x75, 0x6d, 0x62, 0x65, 0x72, 
	0x7d, 0x20, 0x63, 0x6f, 0x6c, 0x20, 0x4d, 0x65, 0x73, 0x73, 
	0x61, 0x67, 0x65, 0x20, 0x74, 0x79, 0x70, 0x65, 0x3a, 0x20, 
	0x31, 0x3d, 0x69, 0x6e, 0x66, 0x6f, 0x2c, 0x20, 0x32, 0x3d, 
	0x73, 0x75, 0x63, 0x63, 0x65, 0x73, 0x73, 0x2c, 0x20, 0x33, 
	0x3d, 0x65, 0x72, 0x72, 0x6f, 0x72, 0x2e, 0xd, 0xa, 0x20, 
	0x2a, 0x2f, 0xd, 0xa, 0x66, 0x75, 0x6e, 0x63, 0x74, 0x69, 
	0x6f, 0x6e, 0x20, 0x73, 0x65, 0x74, 0x48, 0x69, 0x6e, 0x74, 
	0x28, 0x69, 0x64, 0x2c, 0x20, 0x74, 0x65, 0x78, 0x74, 0x2c, 
	0x20, 0x63, 0x6f, 0x6c, 0x20, 0x3d, 0x20, 0x31, 0x29, 0x7b, 
	0xd, 0xa, 0xd, 0xa, 0x20, 0x20, 0x63, 0x6f, 0x6e, 0x73, 
	0x74, 0x20, 0x65, 0x6c, 0x20, 0x3d, 0x20, 0x24, 0x28, 0x69, 
	0x64, 0x29, 0x3b, 0xd, 0xa, 0x20, 0x20, 0x69, 0x66, 0x20, 
	0x28, 0x21, 0x65, 0x6c, 0x29, 0x20, 0x72, 0x65, 0x74, 0x75, 
	0x72, 0x6e, 0x3b, 0xd, 0xa, 0xd, 0xa, 0x20, 0x20, 0x65, 
	0x6c, 0x2e, 0x74, 0x65, 0x78, 0x74, 0x43, 0x6f, 0x6e, 0x74, 
	0x65, 0x6e, 0x74, 0x20, 0x3d, 0x20, 0x74, 0x65, 0x78, 0x74, 
	0x3b, 0xd, 0xa, 0xd, 0xa, 0x20, 0x20, 0x2f, 0x2a, 0x20, 
	0x43, 0x6f, 0x6c, 0x6f, 0x72, 0x20, 0x69, 0x73, 0x20, 0x61, 
	0x70, 0x70, 0x6c, 0x69, 0x65, 0x64, 0x20, 0x69, 0x6e, 0x6c, 
	0x69, 0x6e, 0x65, 0x20, 0x74, 0x6f, 0x20, 0x6b, 0x65, 0x65, 
	0x70, 0x20, 0x74, 0x68, 0x69, 0x73, 0x20, 0x66, 0x69, 0x6c, 
	0x65, 0x20, 0x69, 0x6e, 0x64, 0x65, 0x70, 0x65, 0x6e, 0x64, 
	0x65, 0x6e, 0x74, 0x20, 0x66, 0x72, 0x6f, 0x6d, 0x20, 0x74, 
	0x68, 0x65, 0x6d, 0x65, 0x20, 0x43, 0x53, 0x53, 0x20, 0x64, 
	0x65, 0x63, 0x69, 0x73, 0x69, 0x6f, 0x6e, 0x73, 0x2e, 0x20, 
	0x2a, 0x2f, 0xd, 0xa, 0x20, 0x20, 0x69, 0x66, 0x20, 0x28, 
	0x63, 0x6f, 0x6c, 0x20, 0x3d, 0x3d, 0x3d, 0x20, 0x31, 0x29, 
	0x7b, 0xd, 0xa, 0x20, 0x20, 0x20, 0x20, 0x65, 0x6c, 0x2e, 
	0x73, 0x74, 0x79, 0x6c, 0x65, 0x2e, 0x63, 0x6f, 0x6c, 0x6f, 
	0x72, 0x20, 0x3d, 0x20, 0x22, 0x72, 0x67, 0x62, 0x61, 0x28, 
	0x31, 0x37, 0x34, 0x2c, 0x31, 0x38, 0x33, 0x2c, 0x32, 0x33, 
	0x30, 0x2c, 0x30, 0x2e, 0x39, 0x30, 0x29, 0x22, 0x3b, 0xd, 
	0xa, 0x20, 0x20, 0x7d, 0xd, 0xa, 0x20, 0x20, 0x65, 0x6c, 
	0x73, 0x65, 0x20, 0x69, 0x66, 0x20, 0x28, 0x63, 0x6f, 0x6c, 
	0x20, 0x3d, 0x3d, 0x3d, 0x20, 0x32, 0x29, 0x7b, 0xd, 0xa, 
	0x20, 0x20, 0x20, 0x20, 0x65, 0x6c, 0x2e, 0x73, 0x74, 0x79, 
	0x6c, 0x65, 0x2e, 0x63, 0x6f, 0x6c, 0x6f, 0x72, 0x20, 0x3d, 
	0x20, 0x22, 0x72, 0x67, 0x62, 0x61, 0x28, 0x39, 0x2c, 0x20, 
	0x32, 0x32, 0x35, 0x2c, 0x20, 0x31, 0x38, 0x39, 0x2c, 0x20, 
	0x30, 0x2e, 0x39, 0x29, 0x22, 0x3b, 0xd, 0xa, 0x20, 0x20, 
	0x7d, 0xd, 0xa, 0x20, 0x20, 0x65, 0x6c, 0x73, 0x65, 0x7b, 
	0xd, 0xa, 0x20, 0x20, 0x20, 0x20, 0x65, 0x6c, 0x2e, 0x73, 
	0x74, 0x79, 0x6c, 0x65, 0x2e, 0x63, 0x6f, 0x6c, 0x6f, 0x72, 
	0x20, 0x3d, 0x20, 0x22, 0x72, 0x67, 0x62, 0x61, 0x28, 0x32, 
	0x35, 0x35, 0x2c, 0x39, 0x32, 0x2c, 0x31, 0x32, 0x32, 0x2c, 
	0x30, 0x2e, 0x39, 0x35, 0x29, 0x22, 0x3b, 0xd, 0xa, 0x20, 
	0x20, 0x7d, 0xd, 0xa, 0x7d, 0xd, 0xa, 0xd, 0xa, 0xd, 
	0xa, 0x2f, 0x2a, 0x20, 0x3d, 0x3d, 0x3d, 0x3d, 0x3d, 0x3d, 
	0x3d, 0x3d, 0x3d, 0x3d, 0x3d, 0x3d, 0x3d, 0x3d, 0x3d, 0x3d, 
	0x3d, 0x3d, 0x3d, 0x3d, 0x3d, 0x3d, 0x3d, 0x3d, 0x3d, 0x3d, 
	0x3d, 0x3d, 0x3d, 0x3d, 0x3d, 0x3d, 0x3d, 0x3d, 0x3d, 0x3d, 
	0x3d, 0x3d, 0x3d, 0x3d, 0x3d, 0x3d, 0x3d, 0x3d, 0x3d, 0x3d, 
	0x3d, 0x3d, 0x3d, 0x3d, 0x3d, 0x3d, 0x3d, 0x3d, 0x3d, 0x3d, 
	0x3d, 0xd, 0xa, 0x20, 0x2a, 0x20, 0x56, 0x61, 0x6c, 0x69, 
	0x64, 0x61, 0x74, 0x69, 0x6f, 0x6e, 0xd, 0xa, 0x20, 0x2a, 
	0x20, 0x3d, 0x3d, 0x3d, 0x3d, 0x3d, 0x3d, 0x3d, 0x3d, 0x3d, 
	0x3d, 0x3d, 0x3d, 0x3d, 0x3d, 0x3d, 0x3d, 0x3d, 0x3d, 0x3d, 
	0x3d, 0x3d, 0x3d, 0x3d, 0x3d, 0x3d, 0x3d, 0x3d, 0x3d, 0x3d, 
	0x3d, 0x3d, 0x3d, 0x3d, 0x3d, 0x3d, 0x3d, 0x3d, 0x3d, 0x3d, 
	0x3d, 0x3d, 0x3d, 0x3d, 0x3d, 0x3d, 0x3d, 0x3d, 0x3d, 0x3d, 
	0x3d, 0x3d, 0x3d, 0x3d, 0x3d, 0x3d, 0x3d, 0x3d, 0x20, 0x2a, 
	0x2f, 0xd, 0xa, 0xd, 0xa, 0x2f, 0x2a, 0x2a, 0xd, 0xa, 
	0x20, 0x2a, 0x20, 0x40, 0x62, 0x72, 0x69, 0x65, 0x66, 0x20, 
	0x4c, 0x69, 0x67, 0x68, 0x74, 0x77, 0x65, 0x69, 0x67, 0x68, 
	0x74, 0x20, 0x49, 0x50, 0x76, 0x34, 0x20, 0x76, 0x61, 0x6c, 
	0x69, 0x64, 0x61, 0x74, 0x6f, 0x72, 0x2e, 0xd, 0xa, 0x20, 
	0x2a, 0xd, 0xa, 0x20, 0x2a, 0x20, 0x40, 0x70, 0x61, 0x72, 
	0x61, 0x6d, 0x20, 0x7b, 0x73, 0x74, 0x72, 0x69, 0x6e, 0x67, 
	0x7d, 0x20, 0x73, 0x20, 0x49, 0x6e, 0x70, 0x75, 0x74, 0x20, 
	0x73, 0x74, 0x72, 0x69, 0x6e, 0x67, 0x2e, 0xd, 0xa, 0x20, 
	0x2a, 0x20, 0x40, 0x72, 0x65, 0x74, 0x75, 0x72, 0x6e, 0x20, 
	0x7b, 0x62, 0x6f, 0x6f, 0x6c, 0x65, 0x61, 0x6e, 0x7d, 0x20, 
	0x54, 0x72, 0x75, 0x65, 0x20, 0x69, 0x66, 0x20, 0x74, 0x68, 
	0x65, 0x20, 0x73, 0x74, 0x72, 0x69, 0x6e, 0x67, 0x20, 0x6d, 
	0x61, 0x74, 0x63, 0x68, 0x65, 0x73, 0x20, 0x49, 0x50, 0x76, 
	0x34, 0x20, 0x64, 0x6f, 0x74, 0x74, 0x65, 0x64, 0x2d, 0x64, 
	0x65, 0x63, 0x69, 0x6d, 0x61, 0x6c, 0x20, 0x66, 0x6f, 0x72, 
	0x6d, 0x61, 0x74, 0x20, 0x28, 0x30, 0x2e, 0x2e, 0x32, 0x35, 
	0x35, 0x29, 0x2e, 0xd, 0xa, 0x20, 0x2a, 0xd, 0xa, 0x20, 
	0x2a, 0x20, 0x40, 0x64, 0x65, 0x74, 0x61, 0x69, 0x6c, 0x73, 
	0xd, 0xa, 0x20, 0x2a, 0x20, 0x54, 0x68, 0x69, 0x73, 0x20, 
	0x76, 0x61, 0x6c, 0x69, 0x64, 0x61, 0x74, 0x69, 0x6f, 0x6e, 
	0x20, 0x69, 0x73, 0x20, 0x69, 0x6e, 0x74, 0x65, 0x6e, 0x74, 
	0x69, 0x6f, 0x6e, 0x61, 0x6c, 0x6c, 0x79, 0x20, 0x73, 0x69, 
	0x6d, 0x70, 0x6c, 0x65, 0x20, 0x61, 0x6e, 0x64, 0x20, 0x66, 
	0x61, 0x73, 0x74, 0x2e, 0xd, 0xa, 0x20, 0x2a, 0x20, 0x49, 
	0x74, 0x20, 0x64, 0x6f, 0x65, 0x73, 0x20, 0x6e, 0x6f, 0x74, 
	0x20, 0x61, 0x74, 0x74, 0x65, 0x6d, 0x70, 0x74, 0x20, 0x74, 
	0x6f, 0x20, 0x76, 0x61, 0x6c, 0x69, 0x64, 0x61, 0x74, 0x65, 
	0x20, 0x6e, 0x65, 0x74, 0x77, 0x6f, 0x72, 0x6b, 0x20, 0x73, 
	0x65, 0x6d, 0x61, 0x6e, 0x74, 0x69, 0x63, 0x73, 0x20, 0x28, 
	0x65, 0x2e, 0x67, 0x2e, 0x2c, 0x20, 0x72, 0x65, 0x73, 0x65, 
	0x72, 0x76, 0x65, 0x64, 0x20, 0x72, 0x61, 0x6e, 0x67, 0x65, 
	0x73, 0x29, 0x2e, 0xd, 0xa, 0x20, 0x2a, 0x2f, 0xd, 0xa, 
	0x66, 0x75, 0x6e, 0x63, 0x74, 0x69, 0x6f, 0x6e, 0x20, 0x69, 
	0x73, 0x49, 0x50, 0x76, 0x34, 0x28, 0x73, 0x29, 0x7b, 0xd, 
	0xa, 0xd, 0xa, 0x20, 0x20, 0x63, 0x6f, 0x6e, 0x73, 0x74, 
	0x20, 0x70, 0x61, 0x72, 0x74, 0x73, 0x20, 0x3d, 0x20, 0x73, 
	0x2e, 0x74, 0x72, 0x69, 0x6d, 0x28, 0x29, 0x2e, 0x73, 0x70, 
	0x6c, 0x69, 0x74, 0x28, 0x22, 0x2e, 0x22, 0x29, 0x3b, 0xd, 
	0xa, 0x20, 0x20, 0x69, 0x66, 0x20, 0x28, 0x70, 0x61, 0x72, 
	0x74, 0x73, 0x2e, 0x6c, 0x65, 0x6e, 0x67, 0x74, 0x68, 0x20, 
	0x21, 0x3d, 0x3d, 0x20, 0x34, 0x29, 0x20, 0x72, 0x65, 0x74, 
	0x75, 0x72, 0x6e, 0x20, 0x66, 0x61, 0x6c, 0x73, 0x65, 0x3b, 
	0xd, 0xa, 0xd, 0xa, 0x20, 0x20, 0x66, 0x6f, 0x72, 0x20, 
	0x28, 0x63, 0x6f, 0x6e, 0x73, 0x74, 0x20, 0x70, 0x20, 0x6f, 
	0x66, 0x20, 0x70, 0x61, 0x72, 0x74, 0x73, 0x29, 0x7b, 0xd, 
	0xa, 0xd, 0xa, 0x20, 0x20, 0x20, 0x20, 0x69, 0x66, 0x20, 
	0x28, 0x70, 0x20, 0x3d, 0x3d, 0x3d, 0x20, 0x22, 0x22, 0x20, 
	0x7c, 0x7c, 0x20, 0x70, 0x2e, 0x6c, 0x65, 0x6e, 0x67, 0x74, 
	0x68, 0x20, 0x3e, 0x20, 0x33, 0x29, 0x20, 0x72, 0x65, 0x74, 
	0x75, 0x72, 0x6e, 0x20, 0x66, 0x61, 0x6c, 0x73, 0x65, 0x3b, 
	0xd, 0xa, 0x20, 0x20, 0x20, 0x20, 0x69, 0x66, 0x20, 0x28, 
	0x21, 0x2f, 0x5e, 0x5c, 0x64, 0x2b, 0x24, 0x2f, 0x2e, 0x74, 
	0x65, 0x73, 0x74, 0x28, 0x70, 0x29, 0x29, 0x20, 0x72, 0x65, 
	0x74, 0x75, 0x72, 0x6e, 0x20, 0x66, 0x61, 0x6c, 0x73, 0x65, 
	0x3b, 0xd, 0xa, 0xd, 0xa, 0x20, 0x20, 0x20, 0x20, 0x63, 
	0x6f, 0x6e, 0x73, 0x74, 0x20, 0x6e, 0x20, 0x3d, 0x20, 0x4e, 
	0x75, 0x6d, 0x62, 0x65, 0x72, 0x28, 0x70, 0x29, 0x3b, 0xd, 
	0xa, 0x20, 0x20, 0x20, 0x20, 0x69, 0x66, 0x20, 0x28, 0x6e, 
	0x20, 0x3c, 0x20, 0x30, 0x20, 0x7c, 0x7c, 0x20, 0x6e, 0x20, 
	0x3e, 0x20, 0x32, 0x35, 0x35, 0x29, 0x20, 0x72, 0x65, 0x74, 
	0x75, 0x72, 0x6e, 0x20, 0x66, 0x61, 0x6c, 0x73, 0x65, 0x3b, 
	0xd, 0xa, 0x20, 0x20, 0x7d, 0xd, 0xa, 0xd, 0xa, 0x20, 
	0x20, 0x72, 0x65, 0x74, 0x75, 0x72, 0x6e, 0x20, 0x74, 0x72, 
	0x75, 0x65, 0x3b, 0xd, 0xa, 0x7d, 0xd, 0xa, 0xd, 0xa, 
	0xd, 0xa, 0x2f, 0x2a, 0x20, 0x3d, 0x3d, 0x3d, 0x3d, 0x3d, 
	0x3d, 0x3d, 0x3d, 0x3d, 0x3d, 0x3d, 0x3d, 0x3d, 0x3d, 0x3d, 
	0x3d, 0x3d, 0x3d, 0x3d, 0x3d, 0x3d, 0x3d, 0x3d, 0x3d, 0x3d, 
	0x3d, 0x3d, 0x3d, 0x3d, 0x3d, 0x3d, 0x3d, 0x3d, 0x3d, 0x3d, 
	0x3d, 0x3d, 0x3d, 0x3d, 0x3d, 0x3d, 0x3d, 0x3d, 0x3d, 0x3d, 
	0x3d, 0x3d, 0x3d, 0x3d, 0x3d, 0x3d, 0x3d, 0x3d, 0x3d, 0x3d, 
	0x3d, 0x3d, 0xd, 0xa, 0x20, 0x2a, 0x20, 0x48, 0x54, 0x54, 
	0x50, 0x20, 0x48, 0x65, 0x6c, 0x70, 0x65, 0x72, 0x73, 0xd, 
	0xa, 0x20, 0x2a, 0x20, 0x3d, 0x3d, 0x3d, 0x3d, 0x3d, 0x3d, 
	0x3d, 0x3d, 0x3d, 0x3d, 0x3d, 0x3d, 0x3d, 0x3d, 0x3d, 0x3d, 
	0x3d, 0x3d, 0x3d, 0x3d, 0x3d, 0x3d, 0x3d, 0x3d, 0x3d, 0x3d, 
	0x3d, 0x3d, 0x3d, 0x3d, 0x3d, 0x3d, 0x3d, 0x3d, 0x3d, 0x3d, 
	0x3d, 0x3d, 0x3d, 0x3d, 0x3d, 0x3d, 0x3d, 0x3d, 0x3d, 0x3d, 
	0x3d, 0x3d, 0x3d, 0x3d, 0x3d, 0x3d, 0x3d, 0x3d, 0x3d, 0x3d, 
	0x3d, 0x20, 0x2a, 0x2f, 0xd, 0xa, 0xd, 0xa, 0x2f, 0x2a, 
	0x2a, 0xd, 0xa, 0x20, 0x2a, 0x20, 0x40, 0x62, 0x72, 0x69, 
	0x65, 0x66, 0x20, 0x50, 0x65, 0x72, 0x66, 0x6f, 0x72, 0x6d, 
	0x20, 0x47, 0x45, 0x54, 0x20, 0x72, 0x65, 0x71, 0x75, 0x65, 
	0x73, 0x74, 0x20, 0x61, 0x6e, 0x64, 0x20, 0x70, 0x61, 0x72, 
	0x73, 0x65, 0x20, 0x4a, 0x53, 0x4f, 0x4e, 0x20, 0x72, 0x65, 
	0x73, 0x70, 0x6f, 0x6e, 0x73, 0x65, 0x2e, 0xd, 0xa, 0x20, 
	0x2a, 0xd, 0xa, 0x20, 0x2a, 0x20, 0x40, 0x70, 0x61, 0x72, 
	0x61, 0x6d, 0x20, 0x7b, 0x73, 0x74, 0x72, 0x69, 0x6e, 0x67, 
	0x7d, 0x20, 0x75, 0x72, 0x6c, 0x20, 0x54, 0x61, 0x72, 0x67, 
	0x65, 0x74, 0x20, 0x55, 0x52, 0x4c, 0x2e, 0xd, 0xa, 0x20, 
	0x2a, 0x20, 0x40, 0x72, 0x65, 0x74, 0x75, 0x72, 0x6e, 0x20, 
	0x7b, 0x50, 0x72, 0x6f, 0x6d, 0x69, 0x73, 0x65, 0x3c, 0x61, 
	0x6e, 0x79, 0x3e, 0x7d, 0x20, 0x50, 0x61, 0x72, 0x73, 0x65, 
	0x64, 0x20, 0x4a, 0x53, 0x4f, 0x4e, 0x20, 0x6f, 0x62, 0x6a, 
	0x65, 0x63, 0x74, 0x2e, 0xd, 0xa, 0x20, 0x2a, 0x20, 0x40, 
	0x74, 0x68, 0x72, 0x6f, 0x77, 0x73, 0x20, 0x7b, 0x45, 0x72, 
	0x72, 0x6f, 0x72, 0x7d, 0x20, 0x57, 0x68, 0x65, 0x6e, 0x20, 
	0x48, 0x54, 0x54, 0x50, 0x20, 0x73, 0x74, 0x61, 0x74, 0x75, 
	0x73, 0x20, 0x69, 0x73, 0x20, 0x6e, 0x6f, 0x74, 0x20, 0x4f, 
	0x4b, 0x2e, 0xd, 0xa, 0x20, 0x2a, 0x2f, 0xd, 0xa, 0x61, 
	0x73, 0x79, 0x6e, 0x63, 0x20, 0x66, 0x75, 0x6e, 0x63, 0x74, 
	0x69, 0x6f, 0x6e, 0x20, 0x68, 0x74, 0x74, 0x70, 0x47, 0x65, 
	0x74, 0x4a, 0x73, 0x6f, 0x6e, 0x28, 0x75, 0x72, 0x6c, 0x29, 
	0x7b, 0xd, 0xa, 0xd, 0xa, 0x20, 0x20, 0x63, 0x6f, 0x6e, 
	0x73, 0x74, 0x20, 0x72, 0x65, 0x73, 0x20, 0x3d, 0x20, 0x61, 
	0x77, 0x61, 0x69, 0x74, 0x20, 0x66, 0x65, 0x74, 0x63, 0x68, 
	0x28, 0x75, 0x72, 0x6c, 0x2c, 0x20, 0x7b, 0x20, 0x63, 0x61, 
	0x63, 0x68, 0x65, 0x3a, 0x20, 0x22, 0x6e, 0x6f, 0x2d, 0x73, 
	0x74, 0x6f, 0x72, 0x65, 0x22, 0x20, 0x7d, 0x29, 0x3b, 0xd, 
	0xa, 0x20, 0x20, 0x69, 0x66, 0x20, 0x28, 0x21, 0x72, 0x65, 
	0x73, 0x2e, 0x6f, 0x6b, 0x29, 0x20, 0x74, 0x68, 0x72, 0x6f, 
	0x77, 0x20, 0x6e, 0x65, 0x77, 0x20, 0x45, 0x72, 0x72, 0x6f, 
	0x72, 0x28, 0x60, 0x48, 0x54, 0x54, 0x50, 0x20, 0x24, 0x7b, 
	0x72, 0x65, 0x73, 0x2e, 0x73, 0x74, 0x61, 0x74, 0x75, 0x73, 
	0x7d, 0x60, 0x29, 0x3b, 0xd, 0xa, 0xd, 0xa, 0x20, 0x20, 
	0x72, 0x65, 0x74, 0x75, 0x72, 0x6e, 0x20, 0x61, 0x77, 0x61, 
	0x69, 0x74, 0x20, 0x72, 0x65, 0x73, 0x2e, 0x6a, 0x73, 0x6f, 
	0x6e, 0x28, 0x29, 0x3b, 0xd, 0xa, 0x7d, 0xd, 0xa, 0xd, 
	0xa, 0x2f, 0x2a, 0x2a, 0xd, 0xa, 0x20, 0x2a, 0x20, 0x40, 
	0x62, 0x72, 0x69, 0x65, 0x66, 0x20, 0x50, 0x65, 0x72, 0x66, 
	0x6f, 0x72, 0x6d, 0x20, 0x50, 0x4f, 0x53, 0x54, 0x20, 0x72, 
	0x65, 0x71, 0x75, 0x65, 0x73, 0x74, 0x20, 0x77, 0x69, 0x74, 
	0x68, 0x20, 0x4a, 0x53, 0x4f, 0x4e, 0x20, 0x70, 0x61, 0x79, 
	0x6c, 0x6f, 0x61, 0x64, 0x2e, 0xd, 0xa, 0x20, 0x2a, 0xd, 
	0xa, 0x20, 0x2a, 0x20, 0x40, 0x70, 0x61, 0x72, 0x61, 0x6d, 
	0x20, 0x7b, 0x73, 0x74, 0x72, 0x69, 0x6e, 0x67, 0x7d, 0x20, 
	0x75, 0x72, 0x6c, 0x20, 0x54, 0x61, 0x72, 0x67, 0x65, 0x74, 
	0x20, 0x55, 0x52, 0x4c, 0x2e, 0xd, 0xa, 0x20, 0x2a, 0x20, 
	0x40, 0x70, 0x61, 0x72, 0x61, 0x6d, 0x20, 0x7b, 0x4f, 0x62, 
	0x6a, 0x65, 0x63, 0x74, 0x7d, 0x20, 0x62, 0x6f, 0x64, 0x79, 
	0x4f, 0x62, 0x6a, 0x20, 0x4a, 0x53, 0x4f, 0x4e, 0x20, 0x70, 
	0x61, 0x79, 0x6c, 0x6f, 0x61, 0x64, 0x20, 0x6f, 0x62, 0x6a, 
	0x65, 0x63, 0x74, 0x2e, 0xd, 0xa, 0x20, 0x2a, 0x20, 0x40, 
	0x72, 0x65, 0x74, 0x75, 0x72, 0x6e, 0x20, 0x7b, 0x50, 0x72, 
	0x6f, 0x6d, 0x69, 0x73, 0x65, 0x3c, 0x62, 0x6f, 0x6f, 0x6c, 
	0x65, 0x61, 0x6e, 0x3e, 0x7d, 0x20, 0x54, 0x72, 0x75, 0x65, 
	0x20, 0x6f, 0x6e, 0x20, 0x73, 0x75, 0x63, 0x63, 0x65, 0x73, 
	0x73, 0x2e, 0xd, 0xa, 0x20, 0x2a, 0x20, 0x40, 0x74, 0x68, 
	0x72, 0x6f, 0x77, 0x73, 0x20, 0x7b, 0x45, 0x72, 0x72, 0x6f, 
	0x72, 0x7d, 0x20, 0x57, 0x68, 0x65, 0x6e, 0x20, 0x48, 0x54, 
	0x54, 0x50, 0x20, 0x73, 0x74, 0x61, 0x74, 0x75, 0x73, 0x20, 
	0x69, 0x73, 0x20, 0x6e, 0x6f, 0x74, 0x20, 0x4f, 0x4b, 0x2e, 
	0xd, 0xa, 0x20, 0x2a, 0xd, 0xa, 0x20, 0x2a, 0x20, 0x40, 
	0x64, 0x65, 0x74, 0x61, 0x69, 0x6c, 0x73, 0xd, 0xa, 0x20, 
	0x2a, 0x20, 0x4d, 0x61, 0x6e, 0x79, 0x20, 0x65, 0x6d, 0x62, 
	0x65, 0x64, 0x64, 0x65, 0x64, 0x20, 0x73, 0x65, 0x72, 0x76, 
	0x65, 0x72, 0x73, 0x20, 0x72, 0x65, 0x74, 0x75, 0x72, 0x6e, 
	0x20, 0x65, 0x6d, 0x70, 0x74, 0x79, 0x20, 0x62, 0x6f, 0x64, 
	0x69, 0x65, 0x73, 0x3b, 0x20, 0x74, 0x68, 0x69, 0x73, 0x20, 
	0x77, 0x72, 0x61, 0x70, 0x70, 0x65, 0x72, 0x20, 0x61, 0x73, 
	0x73, 0x75, 0x6d, 0x65, 0x73, 0xd, 0xa, 0x20, 0x2a, 0x20, 
	0x73, 0x75, 0x63, 0x63, 0x65, 0x73, 0x73, 0x20, 0x69, 0x73, 
	0x20, 0x64, 0x65, 0x66, 0x69, 0x6e, 0x65, 0x64, 0x20, 0x62, 
	0x79, 0x20, 0x48, 0x54, 0x54, 0x50, 0x20, 0x73, 0x74, 0x61, 
	0x74, 0x75, 0x73, 0x20, 0x6f, 0x6e, 0x6c, 0x79, 0x2e, 0xd, 
	0xa, 0x20, 0x2a, 0x2f, 0xd, 0xa, 0x61, 0x73, 0x79, 0x6e, 
	0x63, 0x20, 0x66, 0x75, 0x6e, 0x63, 0x74, 0x69, 0x6f, 0x6e, 
	0x20, 0x68, 0x74, 0x74, 0x70, 0x50, 0x6f, 0x73, 0x74, 0x4a, 
	0x73, 0x6f, 0x6e, 0x28, 0x75, 0x72, 0x6c, 0x2c, 0x20, 0x62, 
	0x6f, 0x64, 0x79, 0x4f, 0x62, 0x6a, 0x29, 0x7b, 0xd, 0xa, 
	0xd, 0xa, 0x20, 0x20, 0x63, 0x6f, 0x6e, 0x73, 0x74, 0x20, 
	0x72, 0x65, 0x73, 0x20, 0x3d, 0x20, 0x61, 0x77, 0x61, 0x69, 
	0x74, 0x20, 0x66, 0x65, 0x74, 0x63, 0x68, 0x28, 0x75, 0x72, 
	0x6c, 0x2c, 0x20, 0x7b, 0xd, 0xa, 0x20, 0x20, 0x20, 0x20, 
	0x6d, 0x65, 0x74, 0x68, 0x6f, 0x64, 0x3a, 0x20, 0x22, 0x50, 
	0x4f, 0x53, 0x54, 0x22, 0x2c, 0xd, 0xa, 0x20, 0x20, 0x20, 
	0x20, 0x68, 0x65, 0x61, 0x64, 0x65, 0x72, 0x73, 0x3a, 0x20, 
	0x7b, 0x20, 0x22, 0x43, 0x6f, 0x6e, 0x74, 0x65, 0x6e, 0x74, 
	0x2d, 0x54, 0x79, 0x70, 0x65, 0x22, 0x3a, 0x20, 0x22, 0x61, 
	0x70, 0x70, 0x6c, 0x69, 0x63, 0x61, 0x74, 0x69, 0x6f, 0x6e, 
	0x2f, 0x6a, 0x73, 0x6f, 0x6e, 0x22, 0x20, 0x7d, 0x2c, 0xd, 
	0xa, 0x20, 0x20, 0x20, 0x20, 0x63, 0x61, 0x63, 0x68, 0x65, 
	0x3a, 0x20, 0x22, 0x6e, 0x6f, 0x2d, 0x73, 0x74, 0x6f, 0x72, 
	0x65, 0x22, 0x2c, 0xd, 0xa, 0x20, 0x20, 0x20, 0x20, 0x62, 
	0x6f, 0x64, 0x79, 0x3a, 0x20, 0x4a, 0x53, 0x4f, 0x4e, 0x2e, 
	0x73, 0x74, 0x72, 0x69, 0x6e, 0x67, 0x69, 0x66, 0x79, 0x28, 
	0x62, 0x6f, 0x64, 0x79, 0x4f, 0x62, 0x6a, 0x29, 0x2c, 0xd, 
	0xa, 0x20, 0x20, 0x7d, 0x29, 0x3b, 0xd, 0xa, 0xd, 0xa, 
	0x20, 0x20, 0x69, 0x66, 0x20, 0x28, 0x21, 0x72, 0x65, 0x73, 
	0x2e, 0x6f, 0x6b, 0x29, 0x20, 0x74, 0x68, 0x72, 0x6f, 0x77, 
	0x20, 0x6e, 0x65, 0x77, 0x20, 0x45, 0x72, 0x72, 0x6f, 0x72, 
	0x28, 0x60, 0x48, 0x54, 0x54, 0x50, 0x20, 0x24, 0x7b, 0x72, 
	0x65, 0x73, 0x2e, 0x73, 0x74, 0x61, 0x74, 0x75, 0x73, 0x7d, 
	0x60, 0x29, 0x3b, 0xd, 0xa, 0x20, 0x20, 0x72, 0x65, 0x74, 
	0x75, 0x72, 0x6e, 0x20, 0x74, 0x72, 0x75, 0x65, 0x3b, 0xd, 
	0xa, 0x7d, 0xd, 0xa, 0xd, 0xa, 0xd, 0xa, 0x2f, 0x2a, 
	0x20, 0x3d, 0x3d, 0x3d, 0x3d, 0x3d, 0x3d, 0x3d, 0x3d, 0x3d, 
	0x3d, 0x3d, 0x3d, 0x3d, 0x3d, 0x3d, 0x3d, 0x3d, 0x3d, 0x3d, 
	0x3d, 0x3d, 0x3d, 0x3d, 0x3d, 0x3d, 0x3d, 0x3d, 0x3d, 0x3d, 
	0x3d, 0x3d, 0x3d, 0x3d, 0x3d, 0x3d, 0x3d, 0x3d, 0x3d, 0x3d, 
	0x3d, 0x3d, 0x3d, 0x3d, 0x3d, 0x3d, 0x3d, 0x3d, 0x3d, 0x3d, 
	0x3d, 0x3d, 0x3d, 0x3d, 0x3d, 0x3d, 0x3d, 0x3d, 0xd, 0xa, 
	0x20, 0x2a, 0x20, 0x4e, 0x65, 0x74, 0x77, 0x6f, 0x72, 0x6b, 
	0x20, 0x53, 0x65, 0x63, 0x74, 0x69, 0x6f, 0x6e, 0xd, 0xa, 
	0x20, 0x2a, 0x20, 0x3d, 0x3d, 0x3d, 0x3d, 0x3d, 0x3d, 0x3d, 
	0x3d, 0x3d, 0x3d, 0x3d, 0x3d, 0x3d, 0x3d, 0x3d, 0x3d, 0x3d, 
	0x3d, 0x3d, 0x3d, 0x3d, 0x3d, 0x3d, 0x3d, 0x3d, 0x3d, 0x3d, 
	0x3d, 0x3d, 0x3d, 0x3d, 0x3d, 0x3d, 0x3d, 0x3d, 0x3d, 0x3d, 
	0x3d, 0x3d, 0x3d, 0x3d, 0x3d, 0x3d, 0x3d, 0x3d, 0x3d, 0x3d, 
	0x3d, 0x3d, 0x3d, 0x3d, 0x3d, 0x3d, 0x3d, 0x3d, 0x3d, 0x3d, 
	0x20, 0x2a, 0x2f, 0xd, 0xa, 0xd, 0xa, 0x2f, 0x2a, 0x2a, 
	0xd, 0xa, 0x20, 0x2a, 0x20, 0x40, 0x62, 0x72, 0x69, 0x65, 
	0x66, 0x20, 0x4c, 0x6f, 0x61, 0x64, 0x20, 0x63, 0x75, 0x72, 
	0x72, 0x65, 0x6e, 0x74, 0x20, 0x6e, 0x65, 0x74, 0x77, 0x6f, 
	0x72, 0x6b, 0x20, 0x63, 0x6f, 0x6e, 0x66, 0x69, 0x67, 0x75, 
	0x72, 0x61, 0x74, 0x69, 0x6f, 0x6e, 0x20, 0x61, 0x6e, 0x64, 
	0x20, 0x75, 0x70, 0x64, 0x61, 0x74, 0x65, 0x20, 0x66, 0x6f, 
	0x72, 0x6d, 0x20, 0x66, 0x69, 0x65, 0x6c, 0x64, 0x73, 0x2e, 
	0xd, 0xa, 0x20, 0x2a, 0x20, 0x40, 0x72, 0x65, 0x74, 0x75, 
	0x72, 0x6e, 0x20, 0x7b, 0x50, 0x72, 0x6f, 0x6d, 0x69, 0x73, 
	0x65, 0x3c, 0x76, 0x6f, 0x69, 0x64, 0x3e, 0x7d, 0xd, 0xa, 
	0x20, 0x2a, 0x2f, 0xd, 0xa, 0x61, 0x73, 0x79, 0x6e, 0x63, 
	0x20, 0x66, 0x75, 0x6e, 0x63, 0x74, 0x69, 0x6f, 0x6e, 0x20, 
	0x6c, 0x6f, 0x61, 0x64, 0x4e, 0x65, 0x74, 0x77, 0x6f, 0x72, 
	0x6b, 0x28, 0x29, 0x7b, 0xd, 0xa, 0xd, 0xa, 0x20, 0x20, 
	0x73, 0x65, 0x74, 0x48, 0x69, 0x6e, 0x74, 0x28, 0x22, 0x6e, 
	0x65, 0x74, 0x48, 0x69, 0x6e, 0x74, 0x22, 0x2c, 0x20, 0x22, 
	0x4c, 0x6f, 0x61, 0x64, 0x69, 0x6e, 0x67, 0x2e, 0x2e, 0x2e, 
	0x22, 0x29, 0x3b, 0xd, 0xa, 0xd, 0xa, 0x20, 0x20, 0x63, 
	0x6f, 0x6e, 0x73, 0x74, 0x20, 0x64, 0x61, 0x74, 0x61, 0x20, 
	0x3d, 0x20, 0x61, 0x77, 0x61, 0x69, 0x74, 0x20, 0x68, 0x74, 
	0x74, 0x70, 0x47, 0x65, 0x74, 0x4a, 0x73, 0x6f, 0x6e, 0x28, 
	0x45, 0x50, 0x5f, 0x4e, 0x45, 0x54, 0x29, 0x3b, 0xd, 0xa, 
	0xd, 0xa, 0x20, 0x20, 0x24, 0x28, 0x22, 0x69, 0x70, 0x22, 
	0x29, 0x2e, 0x76, 0x61, 0x6c, 0x75, 0x65, 0x20, 0x20, 0x20, 
	0x3d, 0x20, 0x64, 0x61, 0x74, 0x61, 0x2e, 0x69, 0x70, 0x20, 
	0x20, 0x20, 0x3f, 0x3f, 0x20, 0x22, 0x22, 0x3b, 0xd, 0xa, 
	0x20, 0x20, 0x24, 0x28, 0x22, 0x6d, 0x61, 0x73, 0x6b, 0x22, 
	0x29, 0x2e, 0x76, 0x61, 0x6c, 0x75, 0x65, 0x20, 0x3d, 0x20, 
	0x64, 0x61, 0x74, 0x61, 0x2e, 0x6d, 0x61, 0x73, 0x6b, 0x20, 
	0x3f, 0x3f, 0x20, 0x22, 0x22, 0x3b, 0xd, 0xa, 0x20, 0x20, 
	0x24, 0x28, 0x22, 0x67, 0x77, 0x22, 0x29, 0x2e, 0x76, 0x61, 
	0x6c, 0x75, 0x65, 0x20, 0x20, 0x20, 0x3d, 0x20, 0x64, 0x61, 
	0x74, 0x61, 0x2e, 0x67, 0x77, 0x20, 0x20, 0x20, 0x3f, 0x3f, 
	0x20, 0x22, 0x22, 0x3b, 0xd, 0xa, 0xd, 0xa, 0x20, 0x20, 
	0x73, 0x65, 0x74, 0x48, 0x69, 0x6e, 0x74, 0x28, 0x22, 0x6e, 
	0x65, 0x74, 0x48, 0x69, 0x6e, 0x74, 0x22, 0x2c, 0x20, 0x22, 
	0x4c, 0x6f, 0x61, 0x64, 0x65, 0x64, 0x22, 0x2c, 0x20, 0x32, 
	0x29, 0x3b, 0xd, 0xa, 0x7d, 0xd, 0xa, 0xd, 0xa, 0xd, 
	0xa, 0x2f, 0x2a, 0x2a, 0xd, 0xa, 0x20, 0x2a, 0x20, 0x40, 
	0x62, 0x72, 0x69, 0x65, 0x66, 0x20, 0x56, 0x61, 0x6c, 0x69, 
	0x64, 0x61, 0x74, 0x65, 0x20, 0x61, 0x6e, 0x64, 0x20, 0x73, 
	0x61, 0x76, 0x65, 0x20, 0x6e, 0x65, 0x74, 0x77, 0x6f, 0x72, 
	0x6b, 0x20, 0x63, 0x6f, 0x6e, 0x66, 0x69, 0x67, 0x75, 0x72, 
	0x61, 0x74, 0x69, 0x6f, 0x6e, 0x20, 0x74, 0x6f, 0x20, 0x74, 
	0x68, 0x65, 0x20, 0x64, 0x65, 0x76, 0x69, 0x63, 0x65, 0x2e, 
	0xd, 0xa, 0x20, 0x2a, 0x20, 0x40, 0x72, 0x65, 0x74, 0x75, 
	0x72, 0x6e, 0x20, 0x7b, 0x50, 0x72, 0x6f, 0x6d, 0x69, 0x73, 
	0x65, 0x3c, 0x76, 0x6f, 0x69, 0x64, 0x3e, 0x7d, 0xd, 0xa, 
	0x20, 0x2a, 0xd, 0xa, 0x20, 0x2a, 0x20, 0x40, 0x64, 0x65, 
	0x74, 0x61, 0x69, 0x6c, 0x73, 0xd, 0xa, 0x20, 0x2a, 0x20, 
	0x41, 0x66, 0x74, 0x65, 0x72, 0x20, 0x61, 0x70, 0x70, 0x6c, 
	0x79, 0x69, 0x6e, 0x67, 0x20, 0x6e, 0x65, 0x74, 0x77, 0x6f, 
	0x72, 0x6b, 0x20, 0x73, 0x65, 0x74, 0x74, 0x69, 0x6e, 0x67, 
	0x73, 0x2c, 0x20, 0x74, 0x68, 0x65, 0x20, 0x64, 0x65, 0x76, 
	0x69, 0x63, 0x65, 0x20, 0x49, 0x50, 0x20, 0x6d, 0x61, 0x79, 
	0x20, 0x63, 0x68, 0x61, 0x6e, 0x67, 0x65, 0x2e, 0xd, 0xa, 
	0x20, 0x2a, 0x20, 0x54, 0x68, 0x65, 0x20, 0x55, 0x49, 0x20, 
	0x72, 0x65, 0x64, 0x69, 0x72, 0x65, 0x63, 0x74, 0x73, 0x20, 
	0x74, 0x68, 0x65, 0x20, 0x62, 0x72, 0x6f, 0x77, 0x73, 0x65, 
	0x72, 0x20, 0x74, 0x6f, 0x20, 0x74, 0x68, 0x65, 0x20, 0x6e, 
	0x65, 0x77, 0x20, 0x61, 0x64, 0x64, 0x72, 0x65, 0x73, 0x73, 
	0x20, 0x74, 0x6f, 0x20, 0x72, 0x65, 0x63, 0x6f, 0x6e, 0x6e, 
	0x65, 0x63, 0x74, 0x2e, 0xd, 0xa, 0x20, 0x2a, 0x2f, 0xd, 
	0xa, 0x61, 0x73, 0x79, 0x6e, 0x63, 0x20, 0x66, 0x75, 0x6e, 
	0x63, 0x74, 0x69, 0x6f, 0x6e, 0x20, 0x73, 0x61, 0x76, 0x65, 
	0x4e, 0x65, 0x74, 0x77, 0x6f, 0x72, 0x6b, 0x28, 0x29, 0x7b, 
	0xd, 0xa, 0xd, 0xa, 0x20, 0x20, 0x63, 0x6f, 0x6e, 0x73, 
	0x74, 0x20, 0x69, 0x70, 0x20, 0x20, 0x20, 0x3d, 0x20, 0x24, 
	0x28, 0x22, 0x69, 0x70, 0x22, 0x29, 0x2e, 0x76, 0x61, 0x6c, 
	0x75, 0x65, 0x2e, 0x74, 0x72, 0x69, 0x6d, 0x28, 0x29, 0x3b, 
	0xd, 0xa, 0x20, 0x20, 0x63, 0x6f, 0x6e, 0x73, 0x74, 0x20, 
	0x6d, 0x61, 0x73, 0x6b, 0x20, 0x3d, 0x20, 0x24, 0x28, 0x22, 
	0x6d, 0x61, 0x73, 0x6b, 0x22, 0x29, 0x2e, 0x76, 0x61, 0x6c, 
	0x75, 0x65, 0x2e, 0x74, 0x72, 0x69, 0x6d, 0x28, 0x29, 0x3b, 
	0xd, 0xa, 0x20, 0x20, 0x63, 0x6f, 0x6e, 0x73, 0x74, 0x20, 
	0x67, 0x77, 0x20, 0x20, 0x20, 0x3d, 0x20, 0x24, 0x28, 0x22, 
	0x67, 0x77, 0x22, 0x29, 0x2e, 0x76, 0x61, 0x6c, 0x75, 0x65, 
	0x2e, 0x74, 0x72, 0x69, 0x6d, 0x28, 0x29, 0x3b, 0xd, 0xa, 
	0xd, 0xa, 0x20, 0x20, 0x69, 0x66, 0x20, 0x28, 0x21, 0x69, 
	0x73, 0x49, 0x50, 0x76, 0x34, 0x28, 0x69, 0x70, 0x29, 0x29, 
	0x20, 0x20, 0x20, 0x72, 0x65, 0x74, 0x75, 0x72, 0x6e, 0x20, 
	0x73, 0x65, 0x74, 0x48, 0x69, 0x6e, 0x74, 0x28, 0x22, 0x6e, 
	0x65, 0x74, 0x48, 0x69, 0x6e, 0x74, 0x22, 0x2c, 0x20, 0x22, 
	0x49, 0x6e, 0x76, 0x61, 0x6c, 0x69, 0x64, 0x20, 0x49, 0x50, 
	0x20, 0x61, 0x64, 0x64, 0x72, 0x65, 0x73, 0x73, 0x22, 0x2c, 
	0x20, 0x33, 0x29, 0x3b, 0xd, 0xa, 0x20, 0x20, 0x69, 0x66, 
	0x20, 0x28, 0x21, 0x69, 0x73, 0x49, 0x50, 0x76, 0x34, 0x28, 
	0x6d, 0x61, 0x73, 0x6b, 0x29, 0x29, 0x20, 0x72, 0x65, 0x74, 
	0x75, 0x72, 0x6e, 0x20, 0x73, 0x65, 0x74, 0x48, 0x69, 0x6e, 
	0x74, 0x28, 0x22, 0x6e, 0x65, 0x74, 0x48, 0x69, 0x6e, 0x74, 
	0x22, 0x2c, 0x20, 0x22, 0x49, 0x6e, 0x76, 0x61, 0x6c, 0x69, 
	0x64, 0x20, 0x6e, 0x65, 0x74, 0x6d, 0x61, 0x73, 0x6b, 0x22, 
	0x2c, 0x20, 0x33, 0x29, 0x3b, 0xd, 0xa, 0x20, 0x20, 0x69, 
	0x66, 0x20, 0x28, 0x21, 0x69, 0x73, 0x49, 0x50, 0x76, 0x34, 
	0x28, 0x67, 0x77, 0x29, 0x29, 0x20, 0x20, 0x20, 0x72, 0x65, 
	0x74, 0x75, 0x72, 0x6e, 0x20, 0x73, 0x65, 0x74, 0x48, 0x69, 
	0x6e, 0x74, 0x28, 0x22, 0x6e, 0x65, 0x74, 0x48, 0x69, 0x6e, 
	0x74, 0x22, 0x2c, 0x20, 0x22, 0x49, 0x6e, 0x76, 0x61, 0x6c, 
	0x69, 0x64, 0x20, 0x67, 0x61, 0x74, 0x65, 0x77, 0x61, 0x79, 
	0x22, 0x2c, 0x20, 0x33, 0x29, 0x3b, 0xd, 0xa, 0xd, 0xa, 
	0x20, 0x20, 0x73, 0x65, 0x74, 0x48, 0x69, 0x6e, 0x74, 0x28, 
	0x22, 0x6e, 0x65, 0x74, 0x48, 0x69, 0x6e, 0x74, 0x22, 0x2c, 
	0x20, 0x22, 0x53, 0x61, 0x76, 0x69, 0x6e, 0x67, 0x2e, 0x2e, 
	0x2e, 0x22, 0x29, 0x3b, 0xd, 0xa, 0xd, 0xa, 0x20, 0x20, 
	0x61, 0x77, 0x61, 0x69, 0x74, 0x20, 0x68, 0x74, 0x74, 0x70, 
	0x50, 0x6f, 0x73, 0x74, 0x4a, 0x73, 0x6f, 0x6e, 0x28, 0x45, 
	0x50, 0x5f, 0x4e, 0x45, 0x54, 0x2c, 0x20, 0x7b, 0x20, 0x69, 
	0x70, 0x2c, 0x20, 0x6d, 0x61, 0x73, 0x6b, 0x2c, 0x20, 0x67, 
	0x77, 0x20, 0x7d, 0x29, 0x3b, 0xd, 0xa, 0xd, 0xa, 0x20, 
	0x20, 0x73, 0x65, 0x74, 0x48, 0x69, 0x6e, 0x74, 0x28, 0x22, 
	0x6e, 0x65, 0x74, 0x48, 0x69, 0x6e, 0x74, 0x22, 0x2c, 0x20, 
	0x22, 0x53, 0x61, 0x76, 0x65, 0x64, 0x2c, 0x20, 0x72, 0x65, 
	0x63, 0x6f, 0x6e, 0x6e, 0x65, 0x63, 0x74, 0x69, 0x6e, 0x67, 
	0x2e, 0x2e, 0x2e, 0x22, 0x2c, 0x20, 0x32, 0x29, 0x3b, 0xd, 
	0xa, 0xd, 0xa, 0x20, 0x20, 0x2f, 0x2a, 0x20, 0x47, 0x69, 
	0x76, 0x65, 0x20, 0x74, 0x68, 0x65, 0x20, 0x64, 0x65, 0x76, 
	0x69, 0x63, 0x65, 0x20, 0x61, 0x20, 0x6d, 0x6f, 0x6d, 0x65, 
	0x6e, 0x74, 0x20, 0x74, 0x6f, 0x20, 0x72, 0x65, 0x63, 0x6f, 
	0x6e, 0x66, 0x69, 0x67, 0x75, 0x72, 0x65, 0x20, 0x6e, 0x65, 
	0x74, 0x77, 0x6f, 0x72, 0x6b, 0x20, 0x62, 0x65, 0x66, 0x6f, 
	0x72, 0x65, 0x20, 0x72, 0x65, 0x64, 0x69, 0x72, 0x65, 0x63, 
	0x74, 0x69, 0x6e, 0x67, 0x2e, 0x20, 0x2a, 0x2f, 0xd, 0xa, 
	0x20, 0x20, 0x73, 0x65, 0x74, 0x54, 0x69, 0x6d, 0x65, 0x6f, 
	0x75, 0x74, 0x28, 0x28, 0x29, 0x20, 0x3d, 0x3e, 0x20, 0x7b, 
	0xd, 0xa, 0x20, 0x20, 0x20, 0x20, 0x77, 0x69, 0x6e, 0x64, 
	0x6f, 0x77, 0x2e, 0x6c, 0x6f, 0x63, 0x61, 0x74, 0x69, 0x6f, 
	0x6e, 0x2e, 0x68, 0x72, 0x65, 0x66, 0x20, 0x3d, 0x20, 0x60, 
	0x68, 0x74, 0x74, 0x70, 0x3a, 0x2f, 0x2f, 0x24, 0x7b, 0x69, 
	0x70, 0x7d, 0x2f, 0x73, 0x65, 0x74, 0x74, 0x69, 0x6e, 0x67, 
	0x73, 0x2e, 0x73, 0x68, 0x74, 0x6d, 0x6c, 0x60, 0x3b, 0xd, 
	0xa, 0x20, 0x20, 0x7d, 0x2c, 0x20, 0x33, 0x30, 0x30, 0x30, 
	0x29, 0x3b, 0xd, 0xa, 0x7d, 0xd, 0xa, 0xd, 0xa, 0xd, 
	0xa, 0x2f, 0x2a, 0x20, 0x3d, 0x3d, 0x3d, 0x3d, 0x3d, 0x3d, 
	0x3d, 0x3d, 0x3d, 0x3d, 0x3d, 0x3d, 0x3d, 0x3d, 0x3d, 0x3d, 
	0x3d, 0x3d, 0x3d, 0x3d, 0x3d, 0x3d, 0x3d, 0x3d, 0x3d, 0x3d, 
	0x3d, 0x3d, 0x3d, 0x3d, 0x3d, 0x3d, 0x3d, 0x3d, 0x3d, 0x3d, 
	0x3d, 0x3d, 0x3d, 0x3d, 0x3d, 0x3d, 0x3d, 0x3d, 0x3d, 0x3d, 
	0x3d, 0x3d, 0x3d, 0x3d, 0x3d, 0x3d, 0x3d, 0x3d, 0x3d, 0x3d, 
	0x3d, 0xd, 0xa, 0x20, 0x2a, 0x20, 0x41, 0x75, 0x74, 0x68, 
	0x65, 0x6e, 0x74, 0x69, 0x63, 0x61, 0x74, 0x69, 0x6f, 0x6e, 
	0x20, 0x53, 0x65, 0x63, 0x74, 0x69, 0x6f, 0x6e, 0xd, 0xa, 
	0x20, 0x2a, 0x20, 0x3d, 0x3d, 0x3d, 0x3d, 0x3d, 0x3d, 0x3d, 
	0x3d, 0x3d, 0x3d, 0x3d, 0x3d, 0x3d, 0x3d, 0x3d, 0x3d, 0x3d, 
	0x3d, 0x3d, 0x3d, 0x3d, 0x3d, 0x3d, 0x3d, 0x3d, 0x3d, 0x3d, 
	0x3d, 0x3d, 0x3d, 0x3d, 0x3d, 0x3d, 0x3d, 0x3d, 0x3d, 0x3d, 
	0x3d, 0x3d, 0x3d, 0x3d, 0x3d, 0x3d, 0x3d, 0x3d, 0x3d, 0x3d, 
	0x3d, 0x3d, 0x3d, 0x3d, 0x3d, 0x3d, 0x3d, 0x3d, 0x3d, 0x3d, 
	0x20, 0x2a, 0x2f, 0xd, 0xa, 0xd, 0xa, 0x2f, 0x2a, 0x2a, 
	0xd, 0xa, 0x20, 0x2a, 0x20, 0x40, 0x62, 0x72, 0x69, 0x65, 
	0x66, 0x20, 0x4c, 0x6f, 0x61, 0x64, 0x20, 0x61, 0x75, 0x74, 
	0x68, 0x65, 0x6e, 0x74, 0x69, 0x63, 0x61, 0x74, 0x69, 0x6f, 
	0x6e, 0x20, 0x64, 0x61, 0x74, 0x61, 0x20, 0x61, 0x6e, 0x64, 
	0x20, 0x70, 0x6f, 0x70, 0x75, 0x6c, 0x61, 0x74, 0x65, 0x20, 
	0x74, 0x68, 0x65, 0x20, 0x75, 0x73, 0x65, 0x72, 0x6e, 0x61, 
	0x6d, 0x65, 0x20, 0x66, 0x69, 0x65, 0x6c, 0x64, 0x2e, 0xd, 
	0xa, 0x20, 0x2a, 0x20, 0x40, 0x72, 0x65, 0x74, 0x75, 0x72, 
	0x6e, 0x20, 0x7b, 0x50, 0x72, 0x6f, 0x6d, 0x69, 0x73, 0x65, 
	0x3c, 0x76, 0x6f, 0x69, 0x64, 0x3e, 0x7d, 0xd, 0xa, 0x20, 
	0x2a, 0xd, 0xa, 0x20, 0x2a, 0x20, 0x40, 0x64, 0x65, 0x74, 
	0x61, 0x69, 0x6c, 0x73, 0xd, 0xa, 0x20, 0x2a, 0x20, 0x50, 
	0x61, 0x73, 0x73, 0x77, 0x6f, 0x72, 0x64, 0x20, 0x66, 0x69, 
	0x65, 0x6c, 0x64, 0x73, 0x20, 0x61, 0x72, 0x65, 0x20, 0x61, 
	0x6c, 0x77, 0x61, 0x79, 0x73, 0x20, 0x63, 0x6c, 0x65, 0x61, 
	0x72, 0x65, 0x64, 0x20, 0x74, 0x6f, 0x20, 0x61, 0x76, 0x6f, 
	0x69, 0x64, 0x20, 0x65, 0x78, 0x70, 0x6f, 0x73, 0x69, 0x6e, 
	0x67, 0x20, 0x73, 0x65, 0x63, 0x72, 0x65, 0x74, 0x73, 0x20, 
	0x69, 0x6e, 0x20, 0x74, 0x68, 0x65, 0x20, 0x55, 0x49, 0x2e, 
	0xd, 0xa, 0x20, 0x2a, 0x2f, 0xd, 0xa, 0x61, 0x73, 0x79, 
	0x6e, 0x63, 0x20, 0x66, 0x75, 0x6e, 0x63, 0x74, 0x69, 0x6f, 
	0x6e, 0x20, 0x6c, 0x6f, 0x61, 0x64, 0x41, 0x75, 0x74, 0x68, 
	0x28, 0x29, 0x7b, 0xd, 0xa, 0xd, 0xa, 0x20, 0x20, 0x73, 
	0x65, 0x74, 0x48, 0x69, 0x6e, 0x74, 0x28, 0x22, 0x61, 0x75, 
	0x74, 0x68, 0x48, 0x69, 0x6e, 0x74, 0x22, 0x2c, 0x20, 0x22, 
	0x4c, 0x6f, 0x61, 0x64, 0x69, 0x6e, 0x67, 0x2e, 0x2e, 0x2e, 
	0x22, 0x29, 0x3b, 0xd, 0xa, 0xd, 0xa, 0x20, 0x20, 0x63, 
	0x6f, 0x6e, 0x73, 0x74, 0x20, 0x64, 0x61, 0x74, 0x61, 0x20, 
	0x3d, 0x20, 0x61, 0x77, 0x61, 0x69, 0x74, 0x20, 0x68, 0x74, 
	0x74, 0x70, 0x47, 0x65, 0x74, 0x4a, 0x73, 0x6f, 0x6e, 0x28, 
	0x45, 0x50, 0x5f, 0x41, 0x55, 0x54, 0x48, 0x29, 0x3b, 0xd, 
	0xa, 0xd, 0xa, 0x20, 0x20, 0x24, 0x28, 0x22, 0x75, 0x73, 
	0x65, 0x72, 0x22, 0x29, 0x2e, 0x76, 0x61, 0x6c, 0x75, 0x65, 
	0x20, 0x20, 0x3d, 0x20, 0x64, 0x61, 0x74, 0x61, 0x2e, 0x75, 
	0x73, 0x65, 0x72, 0x20, 0x3f, 0x3f, 0x20, 0x22, 0x22, 0x3b, 
	0xd, 0xa, 0x20, 0x20, 0x24, 0x28, 0x22, 0x70, 0x61, 0x73, 
	0x73, 0x22, 0x29, 0x2e, 0x76, 0x61, 0x6c, 0x75, 0x65, 0x20, 
	0x20, 0x3d, 0x20, 0x22, 0x22, 0x3b, 0xd, 0xa, 0x20, 0x20, 
	0x24, 0x28, 0x22, 0x70, 0x61, 0x73, 0x73, 0x32, 0x22, 0x29, 
	0x2e, 0x76, 0x61, 0x6c, 0x75, 0x65, 0x20, 0x3d, 0x20, 0x22, 
	0x22, 0x3b, 0xd, 0xa, 0xd, 0xa, 0x20, 0x20, 0x73, 0x65, 
	0x74, 0x48, 0x69, 0x6e, 0x74, 0x28, 0x22, 0x61, 0x75, 0x74, 
	0x68, 0x48, 0x69, 0x6e, 0x74, 0x22, 0x2c, 0x20, 0x22, 0x4c, 
	0x6f, 0x61, 0x64, 0x65, 0x64, 0x22, 0x2c, 0x20, 0x32, 0x29, 
	0x3b, 0xd, 0xa, 0x7d, 0xd, 0xa, 0xd, 0xa, 0xd, 0xa, 
	0x2f, 0x2a, 0x2a, 0xd, 0xa, 0x20, 0x2a, 0x20, 0x40, 0x62, 
	0x72, 0x69, 0x65, 0x66, 0x20, 0x56, 0x61, 0x6c, 0x69, 0x64, 
	0x61, 0x74, 0x65, 0x20, 0x61, 0x6e, 0x64, 0x20, 0x73, 0x61, 
	0x76, 0x65, 0x20, 0x6e, 0x65, 0x77, 0x20, 0x63, 0x72, 0x65, 
	0x64, 0x65, 0x6e, 0x74, 0x69, 0x61, 0x6c, 0x73, 0x2e, 0xd, 
	0xa, 0x20, 0x2a, 0x20, 0x40, 0x72, 0x65, 0x74, 0x75, 0x72, 
	0x6e, 0x20, 0x7b, 0x50, 0x72, 0x6f, 0x6d, 0x69, 0x73, 0x65, 
	0x3c, 0x76, 0x6f, 0x69, 0x64, 0x3e, 0x7d, 0xd, 0xa, 0x20, 
	0x2a, 0x2f, 0xd, 0xa, 0x61, 0x73, 0x79, 0x6e, 0x63, 0x20, 
	0x66, 0x75, 0x6e, 0x63, 0x74, 0x69, 0x6f, 0x6e, 0x20, 0x73, 
	0x61, 0x76, 0x65, 0x41, 0x75, 0x74, 0x68, 0x28, 0x29, 0x7b, 
	0xd, 0xa, 0xd, 0xa, 0x20, 0x20, 0x63, 0x6f, 0x6e, 0x73, 
	0x74, 0x20, 0x75, 0x73, 0x65, 0x72, 0x20, 0x20, 0x3d, 0x20, 
	0x24, 0x28, 0x22, 0x75, 0x73, 0x65, 0x72, 0x22, 0x29, 0x2e, 
	0x76, 0x61, 0x6c, 0x75, 0x65, 0x2e, 0x74, 0x72, 0x69, 0x6d, 
	0x28, 0x29, 0x3b, 0xd, 0xa, 0x20, 0x20, 0x63, 0x6f, 0x6e, 
	0x73, 0x74, 0x20, 0x70, 0x61, 0x73, 0x73, 0x20, 0x20, 0x3d, 
	0x20, 0x24, 0x28, 0x22, 0x70, 0x61, 0x73, 0x73, 0x22, 0x29, 
	0x2e, 0x76, 0x61, 0x6c, 0x75, 0x65, 0x3b, 0xd, 0xa, 0x20, 
	0x20, 0x63, 0x6f, 0x6e, 0x73, 0x74, 0x20, 0x70, 0x61, 0x73, 
	0x73, 0x32, 0x20, 0x3d, 0x20, 0x24, 0x28, 0x22, 0x70, 0x61, 
	0x73, 0x73, 0x32, 0x22, 0x29, 0x2e, 0x76, 0x61, 0x6c, 0x75, 
	0x65, 0x3b, 0xd, 0xa, 0xd, 0xa, 0x20, 0x20, 0x69, 0x66, 
	0x20, 0x28, 0x75, 0x73, 0x65, 0x72, 0x2e, 0x6c, 0x65, 0x6e, 
	0x67, 0x74, 0x68, 0x20, 0x3c, 0x20, 0x31, 0x29, 0x20, 0x72, 
	0x65, 0x74, 0x75, 0x72, 0x6e, 0x20, 0x73, 0x65, 0x74, 0x48, 
	0x69, 0x6e, 0x74, 0x28, 0x22, 0x61, 0x75, 0x74, 0x68, 0x48, 
	0x69, 0x6e, 0x74, 0x22, 0x2c, 0x20, 0x22, 0x55, 0x73, 0x65, 
	0x72, 0x6e, 0x61, 0x6d, 0x65, 0x20, 0x69, 0x73, 0x20, 0x72, 
	0x65, 0x71, 0x75, 0x69, 0x72, 0x65, 0x64, 0x22, 0x2c, 0x20, 
	0x33, 0x29, 0x3b, 0xd, 0xa, 0x20, 0x20, 0x69, 0x66, 0x20, 
	0x28, 0x70, 0x61, 0x73, 0x73, 0x2e, 0x6c, 0x65, 0x6e, 0x67, 
	0x74, 0x68, 0x20, 0x3c, 0x20, 0x34, 0x29, 0x20, 0x72, 0x65, 
	0x74, 0x75, 0x72, 0x6e, 0x20, 0x73, 0x65, 0x74, 0x48, 0x69, 
	0x6e, 0x74, 0x28, 0x22, 0x61, 0x75, 0x74, 0x68, 0x48, 0x69, 
	0x6e, 0x74, 0x22, 0x2c, 0x20, 0x22, 0x50, 0x61, 0x73, 0x73, 
	0x77, 0x6f, 0x72, 0x64, 0x20, 0x6d, 0x75, 0x73, 0x74, 0x20, 
	0x62, 0x65, 0x20, 0x61, 0x74, 0x20, 0x6c, 0x65, 0x61, 0x73, 
	0x74, 0x20, 0x34, 0x20, 0x63, 0x68, 0x61, 0x72, 0x61, 0x63, 
	0x74, 0x65, 0x72, 0x73, 0x22, 0x2c, 0x20, 0x33, 0x29, 0x3b, 
	0xd, 0xa, 0x20, 0x20, 0x69, 0x66, 0x20, 0x28, 0x70, 0x61, 
	0x73, 0x73, 0x20, 0x21, 0x3d, 0x3d, 0x20, 0x70, 0x61, 0x73, 
	0x73, 0x32, 0x29, 0x20, 0x20, 0x72, 0x65, 0x74, 0x75, 0x72, 
	0x6e, 0x20, 0x73, 0x65, 0x74, 0x48, 0x69, 0x6e, 0x74, 0x28, 
	0x22, 0x61, 0x75, 0x74, 0x68, 0x48, 0x69, 0x6e, 0x74, 0x22, 
	0x2c, 0x20, 0x22, 0x50, 0x61, 0x73, 0x73, 0x77, 0x6f, 0x72, 
	0x64, 0x73, 0x20, 0x64, 0x6f, 0x20, 0x6e, 0x6f, 0x74, 0x20, 
	0x6d, 0x61, 0x74, 0x63, 0x68, 0x22, 0x2c, 0x20, 0x33, 0x29, 
	0x3b, 0xd, 0xa, 0xd, 0xa, 0x20, 0x20, 0x73, 0x65, 0x74, 
	0x48, 0x69, 0x6e, 0x74, 0x28, 0x22, 0x61, 0x75, 0x74, 0x68, 
	0x48, 0x69, 0x6e, 0x74, 0x22, 0x2c, 0x20, 0x22, 0x53, 0x61, 
	0x76, 0x69, 0x6e, 0x67, 0x2e, 0x2e, 0x2e, 0x22, 0x29, 0x3b, 
	0xd, 0xa, 0xd, 0xa, 0x20, 0x20, 0x61, 0x77, 0x61, 0x69, 
	0x74, 0x20, 0x68, 0x74, 0x74, 0x70, 0x50, 0x6f, 0x73, 0x74, 
	0x4a, 0x73, 0x6f, 0x6e, 0x28, 0x45, 0x50, 0x5f, 0x41, 0x55, 
	0x54, 0x48, 0x2c, 0x20, 0x7b, 0x20, 0x75, 0x73, 0x65, 0x72, 
	0x2c, 0x20, 0x70, 0x61, 0x73, 0x73, 0x20, 0x7d, 0x29, 0x3b, 
	0xd, 0xa, 0xd, 0xa, 0x20, 0x20, 0x73, 0x65, 0x74, 0x48, 
	0x69, 0x6e, 0x74, 0x28, 0x22, 0x61, 0x75, 0x74, 0x68, 0x48, 
	0x69, 0x6e, 0x74, 0x22, 0x2c, 0x20, 0x22, 0x53, 0x61, 0x76, 
	0x65, 0x64, 0x20, 0x28, 0x72, 0x65, 0x2d, 0x6c, 0x6f, 0x67, 
	0x69, 0x6e, 0x20, 0x6d, 0x61, 0x79, 0x20, 0x62, 0x65, 0x20, 
	0x72, 0x65, 0x71, 0x75, 0x69, 0x72, 0x65, 0x64, 0x29, 0x22, 
	0x2c, 0x20, 0x32, 0x29, 0x3b, 0xd, 0xa, 0x7d, 0xd, 0xa, 
	0xd, 0xa, 0xd, 0xa, 0x2f, 0x2a, 0x20, 0x3d, 0x3d, 0x3d, 
	0x3d, 0x3d, 0x3d, 0x3d, 0x3d, 0x3d, 0x3d, 0x3d, 0x3d, 0x3d, 
	0x3d, 0x3d, 0x3d, 0x3d, 0x3d, 0x3d, 0x3d, 0x3d, 0x3d, 0x3d, 
	0x3d, 0x3d, 0x3d, 0x3d, 0x3d, 0x3d, 0x3d, 0x3d, 0x3d, 0x3d, 
	0x3d, 0x3d, 0x3d, 0x3d, 0x3d, 0x3d, 0x3d, 0x3d, 0x3d, 0x3d, 
	0x3d, 0x3d, 0x3d, 0x3d, 0x3d, 0x3d, 0x3d, 0x3d, 0x3d, 0x3d, 
	0x3d, 0x3d, 0x3d, 0x3d, 0xd, 0xa, 0x20, 0x2a, 0x20, 0x49, 
	0x6e, 0x69, 0x74, 0x69, 0x61, 0x6c, 0x69, 0x7a, 0x61, 0x74, 
	0x69, 0x6f, 0x6e, 0xd, 0xa, 0x20, 0x2a, 0x20, 0x3d, 0x3d, 
	0x3d, 0x3d, 0x3d, 0x3d, 0x3d, 0x3d, 0x3d, 0x3d, 0x3d, 0x3d, 
	0x3d, 0x3d, 0x3d, 0x3d, 0x3d, 0x3d, 0x3d, 0x3d, 0x3d, 0x3d, 
	0x3d, 0x3d, 0x3d, 0x3d, 0x3d, 0x3d, 0x3d, 0x3d, 0x3d, 0x3d, 
	0x3d, 0x3d, 0x3d, 0x3d, 0x3d, 0x3d, 0x3d, 0x3d, 0x3d, 0x3d, 
	0x3d, 0x3d, 0x3d, 0x3d, 0x3d, 0x3d, 0x3d, 0x3d, 0x3d, 0x3d, 
	0x3d, 0x3d, 0x3d, 0x3d, 0x3d, 0x20, 0x2a, 0x2f, 0xd, 0xa, 
	0xd, 0xa, 0x2f, 0x2a, 0x2a, 0xd, 0xa, 0x20, 0x2a, 0x20, 
	0x40, 0x62, 0x72, 0x69, 0x65, 0x66, 0x20, 0x42, 0x69, 0x6e, 
	0x64, 0x20, 0x55, 0x49, 0x20, 0x65, 0x76, 0x65, 0x6e, 0x74, 
	0x73, 0x20, 0x61, 0x6e, 0x64, 0x20, 0x6c, 0x6f, 0x61, 0x64, 
	0x20, 0x69, 0x6e, 0x69, 0x74, 0x69, 0x61, 0x6c, 0x20, 0x64, 
	0x61, 0x74, 0x61, 0x20, 0x66, 0x72, 0x6f, 0x6d, 0x20, 0x74, 
	0x68, 0x65, 0x20, 0x64, 0x65, 0x76, 0x69, 0x63, 0x65, 0x2e, 
	0xd, 0xa, 0x20, 0x2a, 0x20, 0x40, 0x72, 0x65, 0x74, 0x75, 
	0x72, 0x6e, 0x20, 0x7b, 0x50, 0x72, 0x6f, 0x6d, 0x69, 0x73, 
	0x65, 0x3c, 0x76, 0x6f, 0x69, 0x64, 0x3e, 0x7d, 0xd, 0xa, 
	0x20, 0x2a, 0x2f, 0xd, 0xa, 0x61, 0x73, 0x79, 0x6e, 0x63, 
	0x20, 0x66, 0x75, 0x6e, 0x63, 0x74, 0x69, 0x6f, 0x6e, 0x20, 
	0x69, 0x6e, 0x69, 0x74, 0x28, 0x29, 0x7b, 0xd, 0xa, 0xd, 
	0xa, 0x20, 0x20, 0x24, 0x28, 0x22, 0x62, 0x74, 0x6e, 0x4e, 
	0x65, 0x74, 0x52, 0x65, 0x6c, 0x6f, 0x61, 0x64, 0x22, 0x29, 
	0xd, 0xa, 0x20, 0x20, 0x20, 0x20, 0x2e, 0x61, 0x64, 0x64, 
	0x45, 0x76, 0x65, 0x6e, 0x74, 0x4c, 0x69, 0x73, 0x74, 0x65, 
	0x6e, 0x65, 0x72, 0x28, 0x22, 0x63, 0x6c, 0x69, 0x63, 0x6b, 
	0x22, 0x2c, 0x20, 0x28, 0x29, 0x20, 0x3d, 0x3e, 0xd, 0xa, 
	0x20, 0x20, 0x20, 0x20, 0x20, 0x20, 0x6c, 0x6f, 0x61, 0x64, 
	0x4e, 0x65, 0x74, 0x77, 0x6f, 0x72, 0x6b, 0x28, 0x29, 0x2e, 
	0x63, 0x61, 0x74, 0x63, 0x68, 0x28, 0x65, 0x20, 0x3d, 0x3e, 
	0x20, 0x73, 0x65, 0x74, 0x48, 0x69, 0x6e, 0x74, 0x28, 0x22, 
	0x6e, 0x65, 0x74, 0x48, 0x69, 0x6e, 0x74, 0x22, 0x2c, 0x20, 
	0x65, 0x2e, 0x6d, 0x65, 0x73, 0x73, 0x61, 0x67, 0x65, 0x2c, 
	0x20, 0x33, 0x29, 0x29, 0x29, 0x3b, 0xd, 0xa, 0xd, 0xa, 
	0x20, 0x20, 0x24, 0x28, 0x22, 0x62, 0x74, 0x6e, 0x4e, 0x65, 
	0x74, 0x53, 0x61, 0x76, 0x65, 0x22, 0x29, 0xd, 0xa, 0x20, 
	0x20, 0x20, 0x20, 0x2e, 0x61, 0x64, 0x64, 0x45, 0x76, 0x65, 
	0x6e, 0x74, 0x4c, 0x69, 0x73, 0x74, 0x65, 0x6e, 0x65, 0x72, 
	0x28, 0x22, 0x63, 0x6c, 0x69, 0x63, 0x6b, 0x22, 0x2c, 0x20, 
	0x28, 0x29, 0x20, 0x3d, 0x3e, 0xd, 0xa, 0x20, 0x20, 0x20, 
	0x20, 0x20, 0x20, 0x73, 0x61, 0x76, 0x65, 0x4e, 0x65, 0x74, 
	0x77, 0x6f, 0x72, 0x6b, 0x28, 0x29, 0x2e, 0x63, 0x61, 0x74, 
	0x63, 0x68, 0x28, 0x65, 0x20, 0x3d, 0x3e, 0x20, 0x73, 0x65, 
	0x74, 0x48, 0x69, 0x6e, 0x74, 0x28, 0x22, 0x6e, 0x65, 0x74, 
	0x48, 0x69, 0x6e, 0x74, 0x22, 0x2c, 0x20, 0x65, 0x2e, 0x6d, 
	0x65, 0x73, 0x73, 0x61, 0x67, 0x65, 0x2c, 0x20, 0x33, 0x29, 
	0x29, 0x29, 0x3b, 0xd, 0xa, 0xd, 0xa, 0x20, 0x20, 0x24, 
	0x28, 0x22, 0x62, 0x74, 0x6e, 0x41, 0x75, 0x74, 0x68, 0x52, 
	0x65, 0x6c, 0x6f, 0x61, 0x64, 0x22, 0x29, 0xd, 0xa, 0x20, 
	0x20, 0x20, 0x20, 0x2e, 0x61, 0x64, 0x64, 0x45, 0x76, 0x65, 
	0x6e, 0x74, 0x4c, 0x69, 0x73, 0x74, 0x65, 0x6e, 0x65, 0x72, 
	0x28, 0x22, 0x63, 0x6c, 0x69, 0x63, 0x6b, 0x22, 0x2c, 0x20, 
	0x28, 0x29, 0x20, 0x3d, 0x3e, 0xd, 0xa, 0x20, 0x20, 0x20, 
	0x20, 0x20, 0x20, 0x6c, 0x6f, 0x61, 0x64, 0x41, 0x75, 0x74, 
	0x68, 0x28, 0x29, 0x2e, 0x63, 0x61, 0x74, 0x63, 0x68, 0x28, 
	0x65, 0x20, 0x3d, 0x3e, 0x20, 0x73, 0x65, 0x74, 0x48, 0x69, 
	0x6e, 0x74, 0x28, 0x22, 0x61, 0x75, 0x74, 0x68, 0x48, 0x69, 
	0x6e, 0x74, 0x22, 0x2c, 0x20, 0x65, 0x2e, 0x6d, 0x65, 0x73, 
	0x73, 0x61, 0x67, 0x65, 0x2c, 0x20, 0x33, 0x29, 0x29, 0x29, 
	0x3b, 0xd, 0xa, 0xd, 0xa, 0x20, 0x20, 0x24, 0x28, 0x22, 
	0x62, 0x74, 0x6e, 0x41, 0x75, 0x74, 0x68, 0x53, 0x61, 0x76, 
	0x65, 0x22, 0x29, 0xd, 0xa, 0x20, 0x20, 0x20, 0x20, 0x2e, 
	0x61, 0x64, 0x64, 0x45, 0x76, 0x65, 0x6e, 0x74, 0x4c, 0x69, 
	0x73, 0x74, 0x65, 0x6e, 0x65, 0x72, 0x28, 0x22, 0x63, 0x6c, 
	0x69, 0x63, 0x6b, 0x22, 0x2c, 0x20, 0x28, 0x29, 0x20, 0x3d, 
	0x3e, 0xd, 0xa, 0x20, 0x20, 0x20, 0x20, 0x20, 0x20, 0x73, 
	0x61, 0x76, 0x65, 0x41, 0x75, 0x74, 0x68, 0x28, 0x29, 0x2e, 
	0x63, 0x61, 0x74, 0x63, 0x68, 0x28, 0x65, 0x20, 0x3d, 0x3e, 
	0x20, 0x73, 0x65, 0x74, 0x48, 0x69, 0x6e, 0x74, 0x28, 0x22, 
	0x61, 0x75, 0x74, 0x68, 0x48, 0x69, 0x6e, 0x74, 0x22, 0x2c, 
	0x20, 0x65, 0x2e, 0x6d, 0x65, 0x73, 0x73, 0x61, 0x67, 0x65, 
	0x2c, 0x20, 0x33, 0x29, 0x29, 0x29, 0x3b, 0xd, 0xa, 0xd, 
	0xa, 0x20, 0x20, 0x2f, 0x2a, 0x20, 0x49, 0x6e, 0x69, 0x74, 
	0x69, 0x61, 0x6c, 0x20, 0x70, 0x61, 0x67, 0x65, 0x20, 0x6c, 
	0x6f, 0x61, 0x64, 0x3a, 0x20, 0x70, 0x6f, 0x70, 0x75, 0x6c, 
	0x61, 0x74, 0x65, 0x20, 0x62, 0x6f, 0x74, 0x68, 0x20, 0x73, 
	0x65, 0x63, 0x74, 0x69, 0x6f, 0x6e, 0x73, 0x2e, 0x20, 0x2a, 
	0x2f, 0xd, 0xa, 0x20, 0x20, 0x74, 0x72, 0x79, 0x7b, 0xd, 
	0xa, 0x20, 0x20, 0x20, 0x20, 0x61, 0x77, 0x61, 0x69, 0x74, 
	0x20, 0x6c, 0x6f, 0x61, 0x64, 0x4e, 0x65, 0x74, 0x77, 0x6f, 
	0x72, 0x6b, 0x28, 0x29, 0x3b, 0xd, 0xa, 0x20, 0x20, 0x20, 
	0x20, 0x61, 0x77, 0x61, 0x69, 0x74, 0x20, 0x6c, 0x6f, 0x61, 
	0x64, 0x41, 0x75, 0x74, 0x68, 0x28, 0x29, 0x3b, 0xd, 0xa, 
	0x20, 0x20, 0x7d, 0xd, 0xa, 0x20, 0x20, 0x63, 0x61, 0x74, 
	0x63, 0x68, 0x20, 0x28, 0x65, 0x29, 0x7b, 0xd, 0xa, 0x20, 
	0x20, 0x20, 0x20, 0x2f, 0x2a, 0x20, 0x4e, 0x6f, 0x6e, 0x2d, 
	0x66, 0x61, 0x74, 0x61, 0x6c, 0x3a, 0x20, 0x69, 0x6e, 0x64, 
	0x69, 0x76, 0x69, 0x64, 0x75, 0x61, 0x6c, 0x20, 0x61, 0x63, 
	0x74, 0x69, 0x6f, 0x6e, 0x73, 0x20, 0x73, 0x74, 0x69, 0x6c, 
	0x6c, 0x20, 0x77, 0x6f, 0x72, 0x6b, 0x20, 0x28, 0x52, 0x65, 
	0x6c, 0x6f, 0x61, 0x64, 0x2f, 0x53, 0x61, 0x76, 0x65, 0x29, 
	0x20, 0x77, 0x69, 0x74, 0x68, 0x20, 0x70, 0x65, 0x72, 0x2d, 
	0x73, 0x65, 0x63, 0x74, 0x69, 0x6f, 0x6e, 0x20, 0x65, 0x72, 
	0x72, 0x6f, 0x72, 0x73, 0x2e, 0x20, 0x2a, 0x2f, 0xd, 0xa, 
	0x20, 0x20, 0x7d, 0xd, 0xa, 0x7d, 0xd, 0xa, 0xd, 0xa, 
	0xd, 0xa, 0x2f, 0x2a, 0x2a, 0x20, 0x40, 0x62, 0x72, 0x69, 
	0x65, 0x66, 0x20, 0x45, 0x6e, 0x74, 0x72, 0x79, 0x20, 0x70, 
	0x6f, 0x69, 0x6e, 0x74, 0x2e, 0x20, 0x2a, 0x2f, 0xd, 0xa, 
	0x69, 0x6e, 0x69, 0x74, 0x28, 0x29, 0x3b, };

static const unsigned char data_settings_shtml[] = {
	/* /settings.shtml */
	0x2f, 0x73, 0x65, 0x74, 0x74, 0x69, 0x6e, 0x67, 0x73, 0x2e, 0x73, 0x68, 0x74, 0x6d, 0x6c, 0,
	0x48, 0x54, 0x54, 0x50, 0x2f, 0x31, 0x2e, 0x30, 0x20, 0x32, 
	0x30, 0x30, 0x20, 0x4f, 0x4b, 0xd, 0xa, 0x53, 0x65, 0x72, 
	0x76, 0x65, 0x72, 0x3a, 0x20, 0x6c, 0x77, 0x49, 0x50, 0x2f, 
	0x70, 0x72, 0x65, 0x2d, 0x30, 0x2e, 0x36, 0x20, 0x28, 0x68, 
	0x74, 0x74, 0x70, 0x3a, 0x2f, 0x2f, 0x77, 0x77, 0x77, 0x2e, 
	0x73, 0x69, 0x63, 0x73, 0x2e, 0x73, 0x65, 0x2f, 0x7e, 0x61, 
	0x64, 0x61, 0x6d, 0x2f, 0x6c, 0x77, 0x69, 0x70, 0x2f, 0x29, 
	0xd, 0xa, 0x43, 0x6f, 0x6e, 0x74, 0x65, 0x6e, 0x74, 0x2d, 
	0x74, 0x79, 0x70, 0x65, 0x3a, 0x20, 0x74, 0x65, 0x78, 0x74, 
	0x2f, 0x68, 0x74, 0x6d, 0x6c, 0xd, 0xa, 0xd, 0xa, 0x3c, 
	0x21, 0x64, 0x6f, 0x63, 0x74, 0x79, 0x70, 0x65, 0x20, 0x68, 
	0x74, 0x6d, 0x6c, 0x3e, 0xd, 0xa, 0x3c, 0x68, 0x74, 0x6d, 
	0x6c, 0x20, 0x6c, 0x61, 0x6e, 0x67, 0x3d, 0x22, 0x70, 0x6c, 
	0x22, 0x3e, 0xd, 0xa, 0x3c, 0x68, 0x65, 0x61, 0x64, 0x3e, 
	0xd, 0xa, 0x20, 0x20, 0x3c, 0x6d, 0x65, 0x74, 0x61, 0x20, 
	0x63, 0x68, 0x61, 0x72, 0x73, 0x65, 0x74, 0x3d, 0x22, 0x75, 
	0x74, 0x66, 0x2d, 0x38, 0x22, 0x20, 0x2f, 0x3e, 0xd, 0xa, 
	0x20, 0x20, 0x3c, 0x6d, 0x65, 0x74, 0x61, 0x20, 0x6e, 0x61, 
	0x6d, 0x65, 0x3d, 0x22, 0x76, 0x69, 0x65, 0x77, 0x70, 0x6f, 
	0x72, 0x74, 0x22, 0x20, 0x63, 0x6f, 0x6e, 0x74, 0x65, 0x6e, 
	0x74, 0x3d, 0x22, 0x77, 0x69, 0x64, 0x74, 0x68, 0x3d, 0x64, 
	0x65, 0x76, 0x69, 0x63, 0x65, 0x2d, 0x77, 0x69, 0x64, 0x74, 
	0x68, 0x2c, 0x69, 0x6e, 0x69, 0x74, 0x69, 0x61, 0x6c, 0x2d, 
	0x73, 0x63, 0x61, 0x6c, 0x65, 0x3d, 0x31, 0x22, 0x20, 0x2f, 
	0x3e, 0xd, 0xa, 0x20, 0x20, 0x3c, 0x74, 0x69, 0x74, 0x6c, 
	0x65, 0x3e, 0x53, 0x54, 0x4d, 0x33, 0x32, 0x20, 0x53, 0x65, 
	0x74, 0x74, 0x69, 0x6e, 0x67, 0x73, 0x3c, 0x2f, 0x74, 0x69, 
	0x74, 0x6c, 0x65, 0x3e, 0xd, 0xa, 0xd, 0xa, 0x20, 0x20, 
	0x3c, 0x21, 0x2d, 0x2d, 0x20, 0x42, 0x61, 0x73, 0x65, 0x20, 
	0x74, 0x68, 0x65, 0x6d, 0x65, 0x20, 0x28, 0x63, 0x6f, 0x6c, 
	0x6f, 0x72, 0x73, 0x2c, 0x20, 0x62, 0x61, 0x63, 0x6b, 0x67, 
	0x72, 0x6f, 0x75, 0x6e, 0x64, 0x2c, 0x20, 0x74, 0x79, 0x70, 
	0x6f, 0x67, 0x72, 0x61, 0x70, 0x68, 0x79, 0x29, 0x20, 0x2d, 
	0x2d, 0x3e, 0xd, 0xa, 0x20, 0x20, 0x3c, 0x6c, 0x69, 0x6e, 
	0x6b, 0x20, 0x72, 0x65, 0x6c, 0x3d, 0x22, 0x73, 0x74, 0x79, 
	0x6c, 0x65, 0x73, 0x68, 0x65, 0x65, 0x74, 0x22, 0x20, 0x68, 
	0x72, 0x65, 0x66, 0x3d, 0x22, 0x73, 0x74, 0x79, 0x6c, 0x65, 
	0x2e, 0x63, 0x73, 0x73, 0x22, 0x20, 0x2f, 0x3e, 0xd, 0xa, 
	0xd, 0xa, 0x20, 0x20, 0x3c, 0x21, 0x2d, 0x2d, 0x20, 0x50, 
	0x61, 0x67, 0x65, 0x2d, 0x73, 0x70, 0x65, 0x63, 0x69, 0x66, 
	0x69, 0x63, 0x20, 0x6c, 0x61, 0x79, 0x6f, 0x75, 0x74, 0x20, 
	0x26, 0x20, 0x63, 0x6f, 0x6d, 0x70, 0x6f, 0x6e, 0x65, 0x6e, 
	0x74, 0x73, 0x20, 0x2d, 0x2d, 0x3e, 0xd, 0xa, 0x20, 0x20, 
	0x3c, 0x6c, 0x69, 0x6e, 0x6b, 0x20, 0x72, 0x65, 0x6c, 0x3d, 
	0x22, 0x73, 0x74, 0x79, 0x6c, 0x65, 0x73, 0x68, 0x65, 0x65, 
	0x74, 0x22, 0x20, 0x68, 0x72, 0x65, 0x66, 0x3d, 0x22, 0x73, 
	0x74, 0x79, 0x6c, 0x65, 0x5f, 0x73, 0x65, 0x74, 0x74, 0x69, 
	0x6e, 0x67, 0x73, 0x2e, 0x63, 0x73, 0x73, 0x22, 0x20, 0x2f, 
	0x3e, 0xd, 0xa, 0xd, 0xa, 0x20, 0x20, 0x3c, 0x21, 0x2d, 
	0x2d, 0x20, 0x54, 0x6f, 0x70, 0x20, 0x6e, 0x61, 0x76, 0x69, 
	0x67, 0x61, 0x74, 0x69, 0x6f, 0x6e, 0x20, 0x2d, 0x2d, 0x3e, 
	0xd, 0xa, 0x20, 0x20, 0x3c, 0x6c, 0x69, 0x6e, 0x6b, 0x20, 
	0x72, 0x65, 0x6c, 0x3d, 0x22, 0x73, 0x74, 0x79, 0x6c, 0x65, 
	0x73, 0x68, 0x65, 0x65, 0x74, 0x22, 0x20, 0x68, 0x72, 0x65, 
	0x66, 0x3d, 0x22, 0x73, 0x74, 0x79, 0x6c, 0x65, 0x5f, 0x6e, 
	0x61, 0x76, 0x62, 0x61, 0x72, 0x2e, 0x63, 0x73, 0x73, 0x22, 
	0x20, 0x2f, 0x3e, 0xd, 0xa, 0x3c, 0x2f, 0x68, 0x65, 0x61, 
	0x64, 0x3e, 0xd, 0xa, 0xd, 0xa, 0x3c, 0x62, 0x6f, 0x64, 
	0x79, 0x3e, 0xd, 0xa, 0xd, 0xa, 0x20, 0x20, 0x3c, 0x21, 
	0x2d, 0x2d, 0x20, 0x46, 0x69, 0x78, 0x65, 0x64, 0x20, 0x6e, 
	0x61, 0x76, 0x69, 0x67, 0x61, 0x74, 0x69, 0x6f, 0x6e, 0x20, 
	0x62, 0x61, 0x72, 0x20, 0x28, 0x73, 0x68, 0x61, 0x72, 0x65, 
	0x64, 0x20, 0x61, 0x63, 0x72, 0x6f, 0x73, 0x73, 0x20, 0x70, 
	0x61, 0x67, 0x65, 0x73, 0x29, 0x20, 0x2d, 0x2d, 0x3e, 0xd, 
	0xa, 0x20, 0x20, 0x3c, 0x6e, 0x61, 0x76, 0x20, 0x63, 0x6c, 
	0x61, 0x73, 0x73, 0x3d, 0x22, 0x6e, 0x61, 0x76, 0x62, 0x61, 
	0x72, 0x22, 0x3e, 0xd, 0xa, 0x20, 0x20, 0x20, 0x20, 0x3c, 
	0x75, 0x6c, 0x20, 0x63, 0x6c, 0x61, 0x73, 0x73, 0x3d, 0x22, 
	0x6e, 0x61, 0x76, 0x2d, 0x6c, 0x69, 0x73, 0x74, 0x22, 0x3e, 
	0xd, 0xa, 0x20, 0x20, 0x20, 0x20, 0x20, 0x20, 0x3c, 0x6c, 
	0x69, 0x20, 0x63, 0x6c, 0x61, 0x73, 0x73, 0x3d, 0x22, 0x6e, 
	0x61, 0x76, 0x2d, 0x69, 0x74, 0x65, 0x6d, 0x22, 0x3e, 0x3c, 
	0x61, 0x20, 0x68, 0x72, 0x65, 0x66, 0x3d, 0x22, 0x64, 0x61, 
	0x73, 0x68, 0x62, 0x6f, 0x61, 0x72, 0x64, 0x2e, 0x73, 0x68, 
	0x74, 0x6d, 0x6c, 0x22, 0x3e, 0x44, 0x61, 0x73, 0x68, 0x62, 
	0x6f, 0x61, 0x72, 0x64, 0x3c, 0x2f, 0x61, 0x3e, 0x3c, 0x2f, 
	0x6c, 0x69, 0x3e, 0xd, 0xa, 0x20, 0x20, 0x20, 0x20, 0x20, 
	0x20, 0x3c, 0x6c, 0x69, 0x20, 0x63, 0x6c, 0x61, 0x73, 0x73, 
	0x3d, 0x22, 0x6e, 0x61, 0x76, 0x2d, 0x69, 0x74, 0x65, 0x6d, 
	0x20, 0x6e, 0x61, 0x76, 0x2d, 0x69, 0x74, 0x65, 0x6d, 0x2d, 
	0x61, 0x63, 0x74, 0x69, 0x76, 0x65, 0x22, 0x3e, 0x3c, 0x61, 
	0x20, 0x68, 0x72, 0x65, 0x66, 0x3d, 0x22, 0x73, 0x65, 0x74, 
	0x74, 0x69, 0x6e, 0x67, 0x73, 0x2e, 0x73, 0x68, 0x74, 0x6d, 
	0x6c, 0x22, 0x3e, 0x53, 0x65, 0x74, 0x74, 0x69, 0x6e, 0x67, 
	0x73, 0x3c, 0x2f, 0x61, 0x3e, 0x3c, 0x2f, 0x6c, 0x69, 0x3e, 
	0xd, 0xa, 0x20, 0x20, 0x20, 0x20, 0x20, 0x20, 0x3c, 0x6c, 
	0x69, 0x20, 0x63, 0x6c, 0x61, 0x73, 0x73, 0x3d, 0x22, 0x6e, 
	0x61, 0x76, 0x2d, 0x69, 0x74, 0x65, 0x6d, 0x20, 0x6e, 0x61, 
	0x76, 0x2d, 0x69, 0x74, 0x65, 0x6d, 0x2d, 0x6c, 0x6f, 0x67, 
	0x6f, 0x75, 0x74, 0x22, 0x3e, 0x3c, 0x61, 0x20, 0x68, 0x72, 
	0x65, 0x66, 0x3d, 0x22, 0x6c, 0x6f, 0x67, 0x6f, 0x75, 0x74, 
	0x2e, 0x68, 0x74, 0x6d, 0x22, 0x3e, 0x4c, 0x6f, 0x67, 0x20, 
	0x6f, 0x75, 0x74, 0x3c, 0x2f, 0x61, 0x3e, 0x3c, 0x2f, 0x6c, 
	0x69, 0x3e, 0xd, 0xa, 0x20, 0x20, 0x20, 0x20, 0x3c, 0x2f, 
	0x75, 0x6c, 0x3e, 0xd, 0xa, 0x20, 0x20, 0x3c, 0x2f, 0x6e, 
	0x61, 0x76, 0x3e, 0xd, 0xa, 0xd, 0xa, 0x20, 0x20, 0x3c, 
	0x21, 0x2d, 0x2d, 0x20, 0x4d, 0x61, 0x69, 0x6e, 0x20, 0x70, 
	0x61, 0x67, 0x65, 0x20, 0x63, 0x6f, 0x6e, 0x74, 0x65, 0x6e, 
	0x74, 0x20, 0x2d, 0x2d, 0x3e, 0xd, 0xa, 0x20, 0x20, 0x3c, 
	0x6d, 0x61, 0x69, 0x6e, 0x20, 0x63, 0x6c, 0x61, 0x73, 0x73, 
	0x3d, 0x22, 0x77, 0x72, 0x61, 0x70, 0x22, 0x3e, 0xd, 0xa, 
	0xd, 0xa, 0x20, 0x20, 0x20, 0x20, 0x3c, 0x21, 0x2d, 0x2d, 
	0x20, 0x53, 0x70, 0x61, 0x63, 0x65, 0x72, 0x20, 0x74, 0x6f, 
	0x20, 0x70, 0x72, 0x65, 0x76, 0x65, 0x6e, 0x74, 0x20, 0x63, 
	0x6f, 0x6e, 0x74, 0x65, 0x6e, 0x74, 0x20, 0x66, 0x72, 0x6f, 
	0x6d, 0x20, 0x68, 0x69, 0x64, 0x69, 0x6e, 0x67, 0x20, 0x75, 
	0x6e, 0x64, 0x65, 0x72, 0x20, 0x66, 0x69, 0x78, 0x65, 0x64, 
	0x20, 0x6e, 0x61, 0x76, 0x62, 0x61, 0x72, 0x20, 0x2d, 0x2d, 
	0x3e, 0xd, 0xa, 0x20, 0x20, 0x20, 0x20, 0x3c, 0x64, 0x69, 
	0x76, 0x20, 0x63, 0x6c, 0x61, 0x73, 0x73, 0x3d, 0x22, 0x6e, 
	0x61, 0x76, 0x2d, 0x73, 0x70, 0x61, 0x63, 0x65, 0x72, 0x22, 
	0x20, 0x61, 0x72, 0x69, 0x61, 0x2d, 0x68, 0x69, 0x64, 0x64, 
	0x65, 0x6e, 0x3d, 0x22, 0x74, 0x72, 0x75, 0x65, 0x22, 0x3e, 
	0x3c, 0x2f, 0x64, 0x69, 0x76, 0x3e, 0xd, 0xa, 0xd, 0xa, 
	0x20, 0x20, 0x20, 0x20, 0x3c, 0x21, 0x2d, 0x2d, 0x20, 0x50, 
	0x61, 0x67, 0x65, 0x20, 0x68, 0x65, 0x61, 0x64, 0x65, 0x72, 
	0x3a, 0x20, 0x74, 0x69, 0x74, 0x6c, 0x65, 0x20, 0x2b, 0x20, 
	0x63, 0x6f, 0x6e, 0x6e, 0x65, 0x63, 0x74, 0x69, 0x6f, 0x6e, 
	0x20, 0x73, 0x74, 0x61, 0x74, 0x75, 0x73, 0x20, 0x2d, 0x2d, 
	0x3e, 0xd, 0xa, 0x20, 0x20, 0x20, 0x20, 0x3c, 0x68, 0x65, 
	0x61, 0x64, 0x65, 0x72, 0x20, 0x63, 0x6c, 0x61, 0x73, 0x73, 
	0x3d, 0x22, 0x70, 0x61, 0x67, 0x65, 0x2d, 0x68, 0x65, 0x61, 
	0x64, 0x22, 0x3e, 0xd, 0xa, 0x20, 0x20, 0x20, 0x20, 0x20, 
	0x20, 0x3c, 0x68, 0x31, 0x3e, 0x53, 0x65, 0x74, 0x74, 0x69, 
	0x6e, 0x67, 0x73, 0x3c, 0x2f, 0x68, 0x31, 0x3e, 0xd, 0xa, 
	0x20, 0x20, 0x20, 0x20, 0x3c, 0x2f, 0x68, 0x65, 0x61, 0x64, 
	0x65, 0x72, 0x3e, 0xd, 0xa, 0xd, 0xa, 0x20, 0x20, 0x20, 
	0x20, 0x3c, 0x21, 0x2d, 0x2d, 0x20, 0x54, 0x77, 0x6f, 0x2d, 
	0x63, 0x6f, 0x6c, 0x75, 0x6d, 0x6e, 0x20, 0x6c, 0x61, 0x79, 
	0x6f, 0x75, 0x74, 0x20, 0x28, 0x72, 0x65, 0x73, 0x70, 0x6f, 
	0x6e, 0x73, 0x69, 0x76, 0x65, 0x20, 0x2d, 0x3e, 0x20, 0x31, 
	0x20, 0x63, 0x6f, 0x6c, 0x75, 0x6d, 0x6e, 0x20, 0x6f, 0x6e, 
	0x20, 0x73, 0x6d, 0x61, 0x6c, 0x6c, 0x65, 0x72, 0x20, 0x73, 
	0x63, 0x72, 0x65, 0x65, 0x6e, 0x73, 0x29, 0x20, 0x2d, 0x2d, 
	0x3e, 0xd, 0xa, 0x20, 0x20, 0x20, 0x20, 0x3c, 0x73, 0x65, 
	0x63, 0x74, 0x69, 0x6f, 0x6e, 0x20, 0x63, 0x6c, 0x61, 0x73, 
	0x73, 0x3d, 0x22, 0x67, 0x72, 0x69, 0x64, 0x22, 0x3e, 0xd, 
	0xa, 0xd, 0xa, 0x20, 0x20, 0x20, 0x20, 0x20, 0x20, 0x3c, 
	0x21, 0x2d, 0x2d, 0x20, 0x4e, 0x45, 0x54, 0x57, 0x4f, 0x52, 
	0x4b, 0x20, 0x53, 0x45, 0x54, 0x54, 0x49, 0x4e, 0x47, 0x53, 
	0x20, 0x2d, 0x2d, 0x3e, 0xd, 0xa, 0x20, 0x20, 0x20, 0x20, 
	0x20, 0x20, 0x3c, 0x64, 0x69, 0x76, 0x20, 0x63, 0x6c, 0x61, 
	0x73, 0x73, 0x3d, 0x22, 0x63, 0x61, 0x72, 0x64, 0x22, 0x3e, 
	0xd, 0xa, 0x20, 0x20, 0x20, 0x20, 0x20, 0x20, 0x20, 0x20, 
	0x3c, 0x64, 0x69, 0x76, 0x20, 0x63, 0x6c, 0x61, 0x73, 0x73, 
	0x3d, 0x22, 0x63, 0x61, 0x72, 0x64, 0x2d, 0x68, 0x65, 0x61, 
	0x64, 0x22, 0x3e, 0xd, 0xa, 0x20, 0x20, 0x20, 0x20, 0x20, 
	0x20, 0x20, 0x20, 0x20, 0x20, 0x3c, 0x64, 0x69, 0x76, 0x3e, 
	0xd, 0xa, 0x20, 0x20, 0x20, 0x20, 0x20, 0x20, 0x20, 0x20, 
	0x20, 0x20, 0x20, 0x20, 0x3c, 0x64, 0x69, 0x76, 0x20, 0x63, 
	0x6c, 0x61, 0x73, 0x73, 0x3d, 0x22, 0x74, 0x69, 0x74, 0x6c, 
	0x65, 0x22, 0x3e, 0x4e, 0x65, 0x74, 0x77, 0x6f, 0x72, 0x6b, 
	0x3c, 0x2f, 0x64, 0x69, 0x76, 0x3e, 0xd, 0xa, 0x20, 0x20, 
	0x20, 0x20, 0x20, 0x20, 0x20, 0x20, 0x20, 0x20, 0x20, 0x20, 
	0x3c, 0x64, 0x69, 0x76, 0x20, 0x63, 0x6c, 0x61, 0x73, 0x73, 
	0x3d, 0x22, 0x73, 0x75, 0x62, 0x74, 0x69, 0x74, 0x6c, 0x65, 
	0x22, 0x3e, 0x49, 0x50, 0x20, 0x63, 0x6f, 0x6e, 0x66, 0x69, 
	0x67, 0x75, 0x72, 0x61, 0x74, 0x69, 0x6f, 0x6e, 0x3c, 0x2f, 
	0x64, 0x69, 0x76, 0x3e, 0xd, 0xa, 0x20, 0x20, 0x20, 0x20, 
	0x20, 0x20, 0x20, 0x20, 0x20, 0x20, 0x3c, 0x2f, 0x64, 0x69, 
	0x76, 0x3e, 0xd, 0xa, 0xd, 0xa, 0x20, 0x20, 0x20, 0x20, 
	0x20, 0x20, 0x20, 0x20, 0x20, 0x20, 0x3c, 0x21, 0x2d, 0x2d, 
	0x20, 0x41, 0x50, 0x49, 0x20, 0x65, 0x6e, 0x64, 0x70, 0x6f, 
	0x69, 0x6e, 0x74, 0x20, 0x6c, 0x61, 0x62, 0x65, 0x6c, 0x20, 
	0x28, 0x76, 0x69, 0x73, 0x75, 0x61, 0x6c, 0x20, 0x68, 0x69, 
	0x6e, 0x74, 0x20, 0x66, 0x6f, 0x72, 0x20, 0x65, 0x6d, 0x62, 
	0x65, 0x64, 0x64, 0x65, 0x64, 0x2f, 0x52, 0x45, 0x53, 0x54, 
	0x29, 0x20, 0x2d, 0x2d, 0x3e, 0xd, 0xa, 0x20, 0x20, 0x20, 
	0x20, 0x20, 0x20, 0x20, 0x20, 0x20, 0x20, 0x3c, 0x64, 0x69, 
	0x76, 0x20, 0x63, 0x6c, 0x61, 0x73, 0x73, 0x3d, 0x22, 0x62, 
	0x61, 0x64, 0x67, 0x65, 0x20, 0x6d, 0x6f, 0x6e, 0x6f, 0x22, 
	0x3e, 0x2f, 0x61, 0x70, 0x69, 0x2f, 0x6e, 0x65, 0x74, 0x3c, 
	0x2f, 0x64, 0x69, 0x76, 0x3e, 0xd, 0xa, 0x20, 0x20, 0x20, 
	0x20, 0x20, 0x20, 0x20, 0x20, 0x3c, 0x2f, 0x64, 0x69, 0x76, 
	0x3e, 0xd, 0xa, 0xd, 0xa, 0x20, 0x20, 0x20, 0x20, 0x20, 
	0x20, 0x20, 0x20, 0x3c, 0x64, 0x69, 0x76, 0x20, 0x63, 0x6c, 
	0x61, 0x73, 0x73, 0x3d, 0x22, 0x66, 0x6f, 0x72, 0x6d, 0x22, 
	0x3e, 0xd, 0xa, 0x20, 0x20, 0x20, 0x20, 0x20, 0x20, 0x20, 
	0x20, 0x20, 0x20, 0x3c, 0x6c, 0x61, 0x62, 0x65, 0x6c, 0x20, 
	0x63, 0x6c, 0x61, 0x73, 0x73, 0x3d, 0x22, 0x66, 0x69, 0x65, 
	0x6c, 0x64, 0x22, 0x3e, 0xd, 0xa, 0x20, 0x20, 0x20, 0x20, 
	0x20, 0x20, 0x20, 0x20, 0x20, 0x20, 0x20, 0x20, 0x3c, 0x73, 
	0x70, 0x61, 0x6e, 0x3e, 0x49, 0x50, 0x20, 0x61, 0x64, 0x64, 
	0x72, 0x65, 0x73, 0x73, 0x3c, 0x2f, 0x73, 0x70, 0x61, 0x6e, 
	0x3e, 0xd, 0xa, 0x20, 0x20, 0x20, 0x20, 0x20, 0x20, 0x20, 
	0x20, 0x20, 0x20, 0x20, 0x20, 0x3c, 0x69, 0x6e, 0x70, 0x75, 
	0x74, 0x20, 0x63, 0x6c, 0x61, 0x73, 0x73, 0x3d, 0x22, 0x69, 
	0x6e, 0x70, 0x75, 0x74, 0x22, 0x20, 0x69, 0x64, 0x3d, 0x22, 
	0x69, 0x70, 0x22, 0x20, 0x70, 0x6c, 0x61, 0x63, 0x65, 0x68, 
	0x6f, 0x6c, 0x64, 0x65, 0x72, 0x3d, 0x22, 0x31, 0x39, 0x32, 
	0x2e, 0x31, 0x36, 0x38, 0x2e, 0x31, 0x2e, 0x32, 0x35, 0x30, 
	0x22, 0x20, 0x69, 0x6e, 0x70, 0x75, 0x74, 0x6d, 0x6f, 0x64, 
	0x65, 0x3d, 0x22, 0x64, 0x65, 0x63, 0x69, 0x6d, 0x61, 0x6c, 
	0x22, 0x20, 0x61, 0x75, 0x74, 0x6f, 0x63, 0x6f, 0x6d, 0x70, 
	0x6c, 0x65, 0x74, 0x65, 0x3d, 0x22, 0x6f, 0x66, 0x66, 0x22, 
	0x20, 0x2f, 0x3e, 0xd, 0xa, 0x20, 0x20, 0x20, 0x20, 0x20, 
	0x20, 0x20, 0x20, 0x20, 0x20, 0x3c, 0x2f, 0x6c, 0x61, 0x62, 
	0x65, 0x6c, 0x3e, 0xd, 0xa, 0xd, 0xa, 0x20, 0x20, 0x20, 
	0x20, 0x20, 0x20, 0x20, 0x20, 0x20, 0x20, 0x3c, 0x6c, 0x61, 
	0x62, 0x65, 0x6c, 0x20, 0x63, 0x6c, 0x61, 0x73, 0x73, 0x3d, 
	0x22, 0x66, 0x69, 0x65, 0x6c, 0x64, 0x22, 0x3e, 0xd, 0xa, 
	0x20, 0x20, 0x20, 0x20, 0x20, 0x20, 0x20, 0x20, 0x20, 0x20, 
	0x20, 0x20, 0x3c, 0x73, 0x70, 0x61, 0x6e, 0x3e, 0x4e, 0x65, 
	0x74, 0x6d, 0x61, 0x73, 0x6b, 0x3c, 0x2f, 0x73, 0x70, 0x61, 
	0x6e, 0x3e, 0xd, 0xa, 0x20, 0x20, 0x20, 0x20, 0x20, 0x20, 
	0x20, 0x20, 0x20, 0x20, 0x20, 0x20, 0x3c, 0x69, 0x6e, 0x70, 
	0x75, 0x74, 0x20, 0x63, 0x6c, 0x61, 0x73, 0x73, 0x3d, 0x22, 
	0x69, 0x6e, 0x70, 0x75, 0x74, 0x22, 0x20, 0x69, 0x64, 0x3d, 
	0x22, 0x6d, 0x61, 0x73, 0x6b, 0x22, 0x20, 0x70, 0x6c, 0x61, 
	0x63, 0x65, 0x68, 0x6f, 0x6c, 0x64, 0x65, 0x72, 0x3d, 0x22, 
	0x32, 0x35, 0x35, 0x2e, 0x32, 0x35, 0x35, 0x2e, 0x32, 0x35, 
	0x35, 0x2e, 0x30, 0x22, 0x20, 0x69, 0x6e, 0x70, 0x75, 0x74, 
	0x6d, 0x6f, 0x64, 0x65, 0x3d, 0x22, 0x64, 0x65, 0x63, 0x69, 
	0x6d, 0x61, 0x6c, 0x22, 0x20, 0x61, 0x75, 0x74, 0x6f, 0x63, 
	0x6f, 0x6d, 0x70, 0x6c, 0x65, 0x74, 0x65, 0x3d, 0x22, 0x6f, 
	0x66, 0x66, 0x22, 0x20, 0x2f, 0x3e, 0xd, 0xa, 0x20, 0x20, 
	0x20, 0x20, 0x20, 0x20, 0x20, 0x20, 0x20, 0x20, 0x3c, 0x2f, 
	0x6c, 0x61, 0x62, 0x65, 0x6c, 0x3e, 0xd, 0xa, 0xd, 0xa, 
	0x20, 0x20, 0x20, 0x20, 0x20, 0x20, 0x20, 0x20, 0x20, 0x20, 
	0x3c, 0x6c, 0x61, 0x62, 0x65, 0x6c, 0x20, 0x63, 0x6c, 0x61, 
	0x73, 0x73, 0x3d, 0x22, 0x66, 0x69, 0x65, 0x6c, 0x64, 0x22, 
	0x3e, 0xd, 0xa, 0x20, 0x20, 0x20, 0x20, 0x20, 0x20, 0x20, 
	0x20, 0x20, 0x20, 0x20, 0x20, 0x3c, 0x73, 0x70, 0x61, 0x6e, 
	0x3e, 0x47, 0x61, 0x74, 0x65, 0x77, 0x61, 0x79, 0x3c, 0x2f, 
	0x73, 0x70, 0x61, 0x6e, 0x3e, 0xd, 0xa, 0x20, 0x20, 0x20, 
	0x20, 0x20, 0x20, 0x20, 0x20, 0x20, 0x20, 0x20, 0x20, 0x3c, 
	0x69, 0x6e, 0x70, 0x75, 0x74, 0x20, 0x63, 0x6c, 0x61, 0x73, 
	0x73, 0x3d, 0x22, 0x69, 0x6e, 0x70, 0x75, 0x74, 0x22, 0x20, 
	0x69, 0x64, 0x3d, 0x22, 0x67, 0x77, 0x22, 0x20, 0x70, 0x6c, 
	0x61, 0x63, 0x65, 0x68, 0x6f, 0x6c, 0x64, 0x65, 0x72, 0x3d, 
	0x22, 0x31, 0x39, 0x32, 0x2e, 0x31, 0x36, 0x38, 0x2e, 0x31, 
	0x2e, 0x31, 0x22, 0x20, 0x69, 0x6e, 0x70, 0x75, 0x74, 0x6d, 
	0x6f, 0x64, 0x65, 0x3d, 0x22, 0x64, 0x65, 0x63, 0x69, 0x6d, 
	0x61, 0x6c, 0x22, 0x20, 0x61, 0x75, 0x74, 0x6f, 0x63, 0x6f, 
	0x6d, 0x70, 0x6c, 0x65, 0x74, 0x65, 0x3d, 0x22, 0x6f, 0x66, 
	0x66, 0x22, 0x20, 0x2f, 0x3e, 0xd, 0xa, 0x20, 0x20, 0x20, 
	0x20, 0x20, 0x20, 0x20, 0x20, 0x20, 0x20, 0x3c, 0x2f, 0x6c, 
	0x61, 0x62, 0x65, 0x6c, 0x3e, 0xd, 0xa, 0xd, 0xa, 0x20, 
	0x20, 0x20, 0x20, 0x20, 0x20, 0x20, 0x20, 0x20, 0x20, 0x3c, 
	0x64, 0x69, 0x76, 0x20, 0x63, 0x6c, 0x61, 0x73, 0x73, 0x3d, 
	0x22, 0x61, 0x63, 0x74, 0x69, 0x6f, 0x6e, 0x73, 0x22, 0x3e, 
	0xd, 0xa, 0x20, 0x20, 0x20, 0x20, 0x20, 0x20, 0x20, 0x20, 
	0x20, 0x20, 0x20, 0x20, 0x3c, 0x62, 0x75, 0x74, 0x74, 0x6f, 
	0x6e, 0x20, 0x63, 0x6c, 0x61, 0x73, 0x73, 0x3d, 0x22, 0x62, 
	0x74, 0x6e, 0x20, 0x62, 0x74, 0x6e, 0x2d, 0x67, 0x68, 0x6f, 
	0x73, 0x74, 0x22, 0x20, 0x69, 0x64, 0x3d, 0x22, 0x62, 0x74, 
	0x6e, 0x4e, 0x65, 0x74, 0x52, 0x65, 0x6c, 0x6f, 0x61, 0x64, 
	0x22, 0x20, 0x74, 0x79, 0x70, 0x65, 0x3d, 0x22, 0x62, 0x75, 
	0x74, 0x74, 0x6f, 0x6e, 0x22, 0x3e, 0x52, 0x65, 0x6c, 0x6f, 
	0x61, 0x64, 0x3c, 0x2f, 0x62, 0x75, 0x74, 0x74, 0x6f, 0x6e, 
	0x3e, 0xd, 0xa, 0x20, 0x20, 0x20, 0x20, 0x20, 0x20, 0x20, 
	0x20, 0x20, 0x20, 0x20, 0x20, 0x3c, 0x62, 0x75, 0x74, 0x74, 
	0x6f, 0x6e, 0x20, 0x63, 0x6c, 0x61, 0x73, 0x73, 0x3d, 0x22, 
	0x62, 0x74, 0x6e, 0x22, 0x20, 0x69, 0x64, 0x3d, 0x22, 0x62, 
	0x74, 0x6e, 0x4e, 0x65, 0x74, 0x53, 0x61, 0x76, 0x65, 0x22, 
	0x20, 0x74, 0x79, 0x70, 0x65, 0x3d, 0x22, 0x62, 0x75, 0x74, 
	0x74, 0x6f, 0x6e, 0x22, 0x3e, 0x53, 0x61, 0x76, 0x65, 0x3c, 
	0x2f, 0x62, 0x75, 0x74, 0x74, 0x6f, 0x6e, 0x3e, 0xd, 0xa, 
	0x20, 0x20, 0x20, 0x20, 0x20, 0x20, 0x20, 0x20, 0x20, 0x20, 
	0x3c, 0x2f, 0x64, 0x69, 0x76, 0x3e, 0xd, 0xa, 0xd, 0xa, 
	0x20, 0x20, 0x20, 0x20, 0x20, 0x20, 0x20, 0x20, 0x20, 0x20, 
	0x3c, 0x21, 0x2d, 0x2d, 0x20, 0x49, 0x6e, 0x6c, 0x69, 0x6e, 
	0x65, 0x20, 0x66, 0x65, 0x65, 0x64, 0x62, 0x61, 0x63, 0x6b, 
	0x20, 0x66, 0x72, 0x6f, 0x6d, 0x20, 0x4a, 0x53, 0x20, 0x28, 
	0x6c, 0x6f, 0x61, 0x64, 0x2f, 0x73, 0x61, 0x76, 0x65, 0x20, 
	0x73, 0x74, 0x61, 0x74, 0x75, 0x73, 0x29, 0x20, 0x2d, 0x2d, 
	0x3e, 0xd, 0xa, 0x20, 0x20, 0x20, 0x20, 0x20, 0x20, 0x20, 
	0x20, 0x20, 0x20, 0x3c, 0x64, 0x69, 0x76, 0x20, 0x63, 0x6c, 
	0x61, 0x73, 0x73, 0x3d, 0x22, 0x68, 0x69, 0x6e, 0x74, 0x20, 
	0x6d, 0x6f, 0x6e, 0x6f, 0x22, 0x20, 0x69, 0x64, 0x3d, 0x22, 
	0x6e, 0x65, 0x74, 0x48, 0x69, 0x6e, 0x74, 0x22, 0x3e, 0x3c, 
	0x2f, 0x64, 0x69, 0x76, 0x3e, 0xd, 0xa, 0x20, 0x20, 0x20, 
	0x20, 0x20, 0x20, 0x20, 0x20, 0x3c, 0x2f, 0x64, 0x69, 0x76, 
	0x3e, 0xd, 0xa, 0x20, 0x20, 0x20, 0x20, 0x20, 0x20, 0x3c, 
	0x2f, 0x64, 0x69, 0x76, 0x3e, 0xd, 0xa, 0xd, 0xa, 0x20, 
	0x20, 0x20, 0x20, 0x20, 0x20, 0x3c, 0x21, 0x2d, 0x2d, 0x20, 
	0x43, 0x52, 0x45, 0x44, 0x45, 0x4e, 0x54, 0x49, 0x41, 0x4c, 
	0x53, 0x20, 0x53, 0x45, 0x54, 0x54, 0x49, 0x4e, 0x47, 0x53, 
	0x20, 0x2d, 0x2d, 0x3e, 0xd, 0xa, 0x20, 0x20, 0x20, 0x20, 
	0x20, 0x20, 0x3c, 0x64, 0x69, 0x76, 0x20, 0x63, 0x6c, 0x61, 
	0x73, 0x73, 0x3d, 0x22, 0x63, 0x61, 0x72, 0x64, 0x22, 0x3e, 
	0xd, 0xa, 0x20, 0x20, 0x20, 0x20, 0x20, 0x20, 0x20, 0x20, 
	0x3c, 0x64, 0x69, 0x76, 0x20, 0x63, 0x6c, 0x61, 0x73, 0x73, 
	0x3d, 0x22, 0x63, 0x61, 0x72, 0x64, 0x2d, 0x68, 0x65, 0x61, 
	0x64, 0x22, 0x3e, 0xd, 0xa, 0x20, 0x20, 0x20, 0x20, 0x20, 
	0x20, 0x20, 0x20, 0x20, 0x20, 0x3c, 0x64, 0x69, 0x76, 0x3e, 
	0xd, 0xa, 0x20, 0x20, 0x20, 0x20, 0x20, 0x20, 0x20, 0x20, 
	0x20, 0x20, 0x20, 0x20, 0x3c, 0x64, 0x69, 0x76, 0x20, 0x63, 
	0x6c, 0x61, 0x73, 0x73, 0x3d, 0x22, 0x74, 0x69, 0x74, 0x6c, 
	0x65, 0x22, 0x3e, 0x43, 0x72, 0x65, 0x64, 0x65, 0x6e, 0x74, 
	0x69, 0x61, 0x6c, 0x73, 0x3c, 0x2f, 0x64, 0x69, 0x76, 0x3e, 
	0xd, 0xa, 0x20, 0x20, 0x20, 0x20, 0x20, 0x20, 0x20, 0x20, 
	0x20, 0x20, 0x20, 0x20, 0x3c, 0x64, 0x69, 0x76, 0x20, 0x63, 
	0x6c, 0x61, 0x73, 0x73, 0x3d, 0x22, 0x73, 0x75, 0x62, 0x74, 
	0x69, 0x74, 0x6c, 0x65, 0x22, 0x3e, 0x43, 0x68, 0x61, 0x6e, 
	0x67, 0x65, 0x20, 0x75, 0x73, 0x65, 0x72, 0x6e, 0x61, 0x6d, 
	0x65, 0x20, 0x2f, 0x20, 0x70, 0x61, 0x73, 0x73, 0x77, 0x6f, 
	0x72, 0x64, 0x3c, 0x2f, 0x64, 0x69, 0x76, 0x3e, 0xd, 0xa, 
	0x20, 0x20, 0x20, 0x20, 0x20, 0x20, 0x20, 0x20, 0x20, 0x20, 
	0x3c, 0x2f, 0x64, 0x69, 0x76, 0x3e, 0xd, 0xa, 0xd, 0xa, 
	0x20, 0x20, 0x20, 0x20, 0x20, 0x20, 0x20, 0x20, 0x20, 0x20, 
	0x3c, 0x21, 0x2d, 0x2d, 0x20, 0x41, 0x50, 0x49, 0x20, 0x65, 
	0x6e, 0x64, 0x70, 0x6f, 0x69, 0x6e, 0x74, 0x20, 0x6c, 0x61, 
	0x62, 0x65, 0x6c, 0x20, 0x2d, 0x2d, 0x3e, 0xd, 0xa, 0x20, 
	0x20, 0x20, 0x20, 0x20, 0x20, 0x20, 0x20, 0x20, 0x20, 0x3c, 
	0x64, 0x69, 0x76, 0x20, 0x63, 0x6c, 0x61, 0x73, 0x73, 0x3d, 
	0x22, 0x62, 0x61, 0x64, 0x67, 0x65, 0x20, 0x6d, 0x6f, 0x6e, 
	0x6f, 0x22, 0x3e, 0x2f, 0x61, 0x70, 0x69, 0x2f, 0x61, 0x75, 
	0x74, 0x68, 0x3c, 0x2f, 0x64, 0x69, 0x76, 0x3e, 0xd, 0xa, 
	0x20, 0x20, 0x20, 0x20, 0x20, 0x20, 0x20, 0x20, 0x3c, 0x2f, 
	0x64, 0x69, 0x76, 0x3e, 0xd, 0xa, 0xd, 0xa, 0x20, 0x20, 
	0x20, 0x20, 0x20, 0x20, 0x20, 0x20, 0x3c, 0x64, 0x69, 0x76, 
	0x20, 0x63, 0x6c, 0x61, 0x73, 0x73, 0x3d, 0x22, 0x66, 0x6f, 
	0x72, 0x6d, 0x22, 0x3e, 0xd, 0xa, 0x20, 0x20, 0x20, 0x20, 
	0x20, 0x20, 0x20, 0x20, 0x20, 0x20, 0x3c, 0x6c, 0x61, 0x62, 
	0x65, 0x6c, 0x20, 0x63, 0x6c, 0x61, 0x73, 0x73, 0x3d, 0x22, 
	0x66, 0x69, 0x65, 0x6c, 0x64, 0x22, 0x3e, 0xd, 0xa, 0x20, 
	0x20, 0x20, 0x20, 0x20, 0x20, 0x20, 0x20, 0x20, 0x20, 0x20, 
	0x20, 0x3c, 0x73, 0x70, 0x61, 0x6e, 0x3e, 0x4e, 0x65, 0x77, 
	0x20, 0x75, 0x73, 0x65, 0x72, 0x6e, 0x61, 0x6d, 0x65, 0x3c, 
	0x2f, 0x73, 0x70, 0x61, 0x6e, 0x3e, 0xd, 0xa, 0x20, 0x20, 
	0x20, 0x20, 0x20, 0x20, 0x20, 0x20, 0x20, 0x20, 0x20, 0x20, 
	0x3c, 0x69, 0x6e, 0x70, 0x75, 0x74, 0x20, 0x63, 0x6c, 0x61, 
	0x73, 0x73, 0x3d, 0x22, 0x69, 0x6e, 0x70, 0x75, 0x74, 0x22, 
	0x20, 0x69, 0x64, 0x3d, 0x22, 0x75, 0x73, 0x65, 0x72, 0x22, 
	0x20, 0x70, 0x6c, 0x61, 0x63, 0x65, 0x68, 0x6f, 0x6c, 0x64, 
	0x65, 0x72, 0x3d, 0x22, 0x61, 0x64, 0x6d, 0x69, 0x6e, 0x22, 
	0x20, 0x61, 0x75, 0x74, 0x6f, 0x63, 0x6f, 0x6d, 0x70, 0x6c, 
	0x65, 0x74, 0x65, 0x3d, 0x22, 0x6f, 0x66, 0x66, 0x22, 0x20, 
	0x2f, 0x3e, 0xd, 0xa, 0x20, 0x20, 0x20, 0x20, 0x20, 0x20, 
	0x20, 0x20, 0x20, 0x20, 0x3c, 0x2f, 0x6c, 0x61, 0x62, 0x65, 
	0x6c, 0x3e, 0xd, 0xa, 0xd, 0xa, 0x20, 0x20, 0x20, 0x20, 
	0x20, 0x20, 0x20, 0x20, 0x20, 0x20, 0x3c, 0x6c, 0x61, 0x62, 
	0x65, 0x6c, 0x20, 0x63, 0x6c, 0x61, 0x73, 0x73, 0x3d, 0x22, 
	0x66, 0x69, 0x65, 0x6c, 0x64, 0x22, 0x3e, 0xd, 0xa, 0x20, 
	0x20, 0x20, 0x20, 0x20, 0x20, 0x20, 0x20, 0x20, 0x20, 0x20, 
	0x20, 0x3c, 0x73, 0x70, 0x61, 0x6e, 0x3e, 0x4e, 0x65, 0x77, 
	0x20, 0x70, 0x61, 0x73, 0x73, 0x77, 0x6f, 0x72, 0x64, 0x3c, 
	0x2f, 0x73, 0x70, 0x61, 0x6e, 0x3e, 0xd, 0xa, 0x20, 0x20, 
	0x20, 0x20, 0x20, 0x20, 0x20, 0x20, 0x20, 0x20, 0x20, 0x20, 
	0x3c, 0x69, 0x6e, 0x70, 0x75, 0x74, 0x20, 0x63, 0x6c, 0x61, 
	0x73, 0x73, 0x3d, 0x22, 0x69, 0x6e, 0x70, 0x75, 0x74, 0x22, 
	0x20, 0x69, 0x64, 0x3d, 0x22, 0x70, 0x61, 0x73, 0x73, 0x22, 
	0x20, 0x70, 0x6c, 0x61, 0x63, 0x65, 0x68, 0x6f, 0x6c, 0x64, 
	0x65, 0x72, 0x3d, 0x22, 0xe2, 0x80, 0xa2, 0xe2, 0x80, 0xa2, 
	0xe2, 0x80, 0xa2, 0xe2, 0x80, 0xa2, 0xe2, 0x80, 0xa2, 0xe2, 
	0x80, 0xa2, 0xe2, 0x80, 0xa2, 0xe2, 0x80, 0xa2, 0x22, 0x20, 
	0x74, 0x79, 0x70, 0x65, 0x3d, 0x22, 0x70, 0x61, 0x73, 0x73, 
	0x77, 0x6f, 0x72, 0x64, 0x22, 0x20, 0x61, 0x75, 0x74, 0x6f, 
	0x63, 0x6f, 0x6d, 0x70, 0x6c, 0x65, 0x74, 0x65, 0x3d, 0x22, 
	0x6e, 0x65, 0x77, 0x2d, 0x70, 0x61, 0x73, 0x73, 0x77, 0x6f, 
	0x72, 0x64, 0x22, 0x20, 0x2f, 0x3e, 0xd, 0xa, 0x20, 0x20, 
	0x20, 0x20, 0x20, 0x20, 0x20, 0x20, 0x20, 0x20, 0x3c, 0x2f, 
	0x6c, 0x61, 0x62, 0x65, 0x6c, 0x3e, 0xd, 0xa, 0xd, 0xa, 
	0x20, 0x20, 0x20, 0x20, 0x20, 0x20, 0x20, 0x20, 0x20, 0x20, 
	0x3c, 0x6c, 0x61, 0x62, 0x65, 0x6c, 0x20, 0x63, 0x6c, 0x61, 
	0x73, 0x73, 0x3d, 0x22, 0x66, 0x69, 0x65, 0x6c, 0x64, 0x22, 
	0x3e, 0xd, 0xa, 0x20, 0x20, 0x20, 0x20, 0x20, 0x20, 0x20, 
	0x20, 0x20, 0x20, 0x20, 0x20, 0x3c, 0x73, 0x70, 0x61, 0x6e, 
	0x3e, 0x43, 0x6f, 0x6e, 0x66, 0x69, 0x72, 0x6d, 0x20, 0x70, 
	0x61, 0x73, 0x73, 0x77, 0x6f, 0x72, 0x64, 0x3c, 0x2f, 0x73, 
	0x70, 0x61, 0x6e, 0x3e, 0xd, 0xa, 0x20, 0x20, 0x20, 0x20, 
	0x20, 0x20, 0x20, 0x20, 0x20, 0x20, 0x20, 0x20, 0x3c, 0x69, 
	0x6e, 0x70, 0x75, 0x74, 0x20, 0x63, 0x6c, 0x61, 0x73, 0x73, 
	0x3d, 0x22, 0x69, 0x6e, 0x70, 0x75, 0x74, 0x22, 0x20, 0x69, 
	0x64, 0x3d, 0x22, 0x70, 0x61, 0x73, 0x73, 0x32, 0x22, 0x20, 
	0x70, 0x6c, 0x61, 0x63, 0x65, 0x68, 0x6f, 0x6c, 0x64, 0x65, 
	0x72, 0x3d, 0x22, 0xe2, 0x80, 0xa2, 0xe2, 0x80, 0xa2, 0xe2, 
	0x80, 0xa2, 0xe2, 0x80, 0xa2, 0xe2, 0x80, 0xa2, 0xe2, 0x80, 
	0xa2, 0xe2, 0x80, 0xa2, 0xe2, 0x80, 0xa2, 0x22, 0x20, 0x74, 
	0x79, 0x70, 0x65, 0x3d, 0x22, 0x70, 0x61, 0x73, 0x73, 0x77, 
	0x6f, 0x72, 0x64, 0x22, 0x20, 0x61, 0x75, 0x74, 0x6f, 0x63, 
	0x6f, 0x6d, 0x70, 0x6c, 0x65, 0x74, 0x65, 0x3d, 0x22, 0x6e, 
	0x65, 0x77, 0x2d, 0x70, 0x61, 0x73, 0x73, 0x77, 0x6f, 0x72, 
	0x64, 0x22, 0x20, 0x2f, 0x3e, 0xd, 0xa, 0x20, 0x20, 0x20, 
	0x20, 0x20, 0x20, 0x20, 0x20, 0x20, 0x20, 0x3c, 0x2f, 0x6c, 
	0x61, 0x62, 0x65, 0x6c, 0x3e, 0xd, 0xa, 0xd, 0xa, 0x20, 
	0x20, 0x20, 0x20, 0x20, 0x20, 0x20, 0x20, 0x20, 0x20, 0x3c, 
	0x64, 0x69, 0x76, 0x20, 0x63, 0x6c, 0x61, 0x73, 0x73, 0x3d, 
	0x22, 0x61, 0x63, 0x74, 0x69, 0x6f, 0x6e, 0x73, 0x22, 0x3e, 
	0xd, 0xa, 0x20, 0x20, 0x20, 0x20, 0x20, 0x20, 0x20, 0x20, 
	0x20, 0x20, 0x20, 0x20, 0x3c, 0x62, 0x75, 0x74, 0x74, 0x6f, 
	0x6e, 0x20, 0x63, 0x6c, 0x61, 0x73, 0x73, 0x3d, 0x22, 0x62, 
	0x74, 0x6e, 0x20, 0x62, 0x74, 0x6e, 0x2d, 0x67, 0x68, 0x6f, 
	0x73, 0x74, 0x22, 0x20, 0x69, 0x64, 0x3d, 0x22, 0x62, 0x74, 
	0x6e, 0x41, 0x75, 0x74, 0x68, 0x52, 0x65, 0x6c, 0x6f, 0x61, 
	0x64, 0x22, 0x20, 0x74, 0x79, 0x70, 0x65, 0x3d, 0x22, 0x62, 
	0x75, 0x74, 0x74, 0x6f, 0x6e, 0x22, 0x3e, 0x52, 0x65, 0x6c, 
	0x6f, 0x61, 0x64, 0x3c, 0x2f, 0x62, 0x75, 0x74, 0x74, 0x6f, 
	0x6e, 0x3e, 0xd, 0xa, 0x20, 0x20, 0x20, 0x20, 0x20, 0x20, 
	0x20, 0x20, 0x20, 0x20, 0x20, 0x20, 0x3c, 0x62, 0x75, 0x74, 
	0x74, 0x6f, 0x6e, 0x20, 0x63, 0x6c, 0x61, 0x73, 0x73, 0x3d, 
	0x22, 0x62, 0x74, 0x6e, 0x22, 0x20, 0x69, 0x64, 0x3d, 0x22, 
	0x62, 0x74, 0x6e, 0x41, 0x75, 0x74, 0x68, 0x53, 0x61, 0x76, 
	0x65, 0x22, 0x20, 0x74, 0x79, 0x70, 0x65, 0x3d, 0x22, 0x62, 
	0x75, 0x74, 0x74, 0x6f, 0x6e, 0x22, 0x3e, 0x53, 0x61, 0x76, 
	0x65, 0x3c, 0x2f, 0x62, 0x75, 0x74, 0x74, 0x6f, 0x6e, 0x3e, 
	0xd, 0xa, 0x20, 0x20, 0x20, 0x20, 0x20, 0x20, 0x20, 0x20, 
	0x20, 0x20, 0x3c, 0x2f, 0x64, 0x69, 0x76, 0x3e, 0xd, 0xa, 
	0xd, 0xa, 0x20, 0x20, 0x20, 0x20, 0x20, 0x20, 0x20, 0x20, 
	0x20, 0x20, 0x3c, 0x21, 0x2d, 0x2d, 0x20, 0x49, 0x6e, 0x6c, 
	0x69, 0x6e, 0x65, 0x20, 0x66, 0x65, 0x65, 0x64, 0x62, 0x61, 
	0x63, 0x6b, 0x20, 0x66, 0x72, 0x6f, 0x6d, 0x20, 0x4a, 0x53, 
	0x20, 0x28, 0x76, 0x61, 0x6c, 0x69, 0x64, 0x61, 0x74, 0x69, 
	0x6f, 0x6e, 0x20, 0x2f, 0x20, 0x41, 0x50, 0x49, 0x20, 0x72, 
	0x65, 0x73, 0x70, 0x6f, 0x6e, 0x73, 0x65, 0x29, 0x20, 0x2d, 
	0x2d, 0x3e, 0xd, 0xa, 0x20, 0x20, 0x20, 0x20, 0x20, 0x20, 
	0x20, 0x20, 0x20, 0x20, 0x3c, 0x64, 0x69, 0x76, 0x20, 0x63, 
	0x6c, 0x61, 0x73, 0x73, 0x3d, 0x22, 0x68, 0x69, 0x6e, 0x74, 
	0x20, 0x6d, 0x6f, 0x6e, 0x6f, 0x22, 0x20, 0x69, 0x64, 0x3d, 
	0x22, 0x61, 0x75, 0x74, 0x68, 0x48, 0x69, 0x6e, 0x74, 0x22, 
	0x3e, 0x3c, 0x2f, 0x64, 0x69, 0x76, 0x3e, 0xd, 0xa, 0x20, 
	0x20, 0x20, 0x20, 0x20, 0x20, 0x20, 0x20, 0x3c, 0x2f, 0x64, 
	0x69, 0x76, 0x3e, 0xd, 0xa, 0x20, 0x20, 0x20, 0x20, 0x20, 
	0x20, 0x3c, 0x2f, 0x64, 0x69, 0x76, 0x3e, 0xd, 0xa, 0xd, 
	0xa, 0x20, 0x20, 0x20, 0x20, 0x3c, 0x2f, 0x73, 0x65, 0x63, 
	0x74, 0x69, 0x6f, 0x6e, 0x3e, 0xd, 0xa, 0x20, 0x20, 0x3c, 
	0x2f, 0x6d, 0x61, 0x69, 0x6e, 0x3e, 0xd, 0xa, 0xd, 0xa, 
	0x20, 0x20, 0x3c, 0x21, 0x2d, 0x2d, 0x20, 0x50, 0x61, 0x67, 
	0x65, 0x20, 0x6c, 0x6f, 0x67, 0x69, 0x63, 0x20, 0x28, 0x41, 
	0x50, 0x49, 0x20, 0x63, 0x61, 0x6c, 0x6c, 0x73, 0x20, 0x2b, 
	0x20, 0x66, 0x6f, 0x72, 0x6d, 0x20, 0x68, 0x61, 0x6e, 0x64, 
	0x6c, 0x69, 0x6e, 0x67, 0x29, 0x20, 0x2d, 0x2d, 0x3e, 0xd, 
	0xa, 0x20, 0x20, 0x3c, 0x73, 0x63, 0x72, 0x69, 0x70, 0x74, 
	0x20, 0x73, 0x72, 0x63, 0x3d, 0x22, 0x73, 0x65, 0x74, 0x74, 
	0x69, 0x6e, 0x67, 0x73, 0x2e, 0x6a, 0x73, 0x22, 0x3e, 0x3c, 
	0x2f, 0x73, 0x63, 0x72, 0x69, 0x70, 0x74, 0x3e, 0xd, 0xa, 
	0xd, 0xa, 0x3c, 0x2f, 0x62, 0x6f, 0x64, 0x79, 0x3e, 0xd, 
	0xa, 0x3c, 0x2f, 0x68, 0x74, 0x6d, 0x6c, 0x3e, };

static const unsigned char data_style_css[] = {
	/* /style.css */
	0x2f, 0x73, 0x74, 0x79, 0x6c, 0x65, 0x2e, 0x63, 0x73, 0x73, 0,
	0x48, 0x54, 0x54, 0x50, 0x2f, 0x31, 0x2e, 0x30, 0x20, 0x32, 
	0x30, 0x30, 0x20, 0x4f, 0x4b, 0xd, 0xa, 0x53, 0x65, 0x72, 
	0x76, 0x65, 0x72, 0x3a, 0x20, 0x6c, 0x77, 0x49, 0x50, 0x2f, 
	0x70, 0x72, 0x65, 0x2d, 0x30, 0x2e, 0x36, 0x20, 0x28, 0x68, 
	0x74, 0x74, 0x70, 0x3a, 0x2f, 0x2f, 0x77, 0x77, 0x77, 0x2e, 
	0x73, 0x69, 0x63, 0x73, 0x2e, 0x73, 0x65, 0x2f, 0x7e, 0x61, 
	0x64, 0x61, 0x6d, 0x2f, 0x6c, 0x77, 0x69, 0x70, 0x2f, 0x29, 
	0xd, 0xa, 0x43, 0x6f, 0x6e, 0x74, 0x65, 0x6e, 0x74, 0x2d, 
	0x74, 0x79, 0x70, 0x65, 0x3a, 0x20, 0x74, 0x65, 0x78, 0x74, 
	0x2f, 0x63, 0x73, 0x73, 0xd, 0xa, 0xd, 0xa, 0x2f, 0x2a, 
	0x2a, 0xd, 0xa, 0x20, 0x2a, 0x20, 0x73, 0x74, 0x79, 0x6c, 
	0x65, 0x2e, 0x63, 0x73, 0x73, 0xd, 0xa, 0x20, 0x2a, 0x20, 
	0x47, 0x6c, 0x6f, 0x62, 0x61, 0x6c, 0x20, 0x62, 0x61, 0x73, 
	0x65, 0x20, 0x73, 0x74, 0x79, 0x6c, 0x65, 0x73, 0x20, 0x2b, 
	0x20, 0x74, 0x68, 0x65, 0x6d, 0x65, 0x20, 0x76, 0x61, 0x72, 
	0x69, 0x61, 0x62, 0x6c, 0x65, 0x73, 0x20, 0x66, 0x6f, 0x72, 
	0x20, 0x53, 0x54, 0x4d, 0x33, 0x32, 0x20, 0x65, 0x6d, 0x62, 
	0x65, 0x64, 0x64, 0x65, 0x64, 0x20, 0x64, 0x61, 0x73, 0x68, 
	0x62, 0x6f, 0x61, 0x72, 0x64, 0x20, 0x55, 0x49, 0x2e, 0xd, 
	0xa, 0x20, 0x2a, 0x2f, 0xd, 0xa, 0xd, 0xa, 0x3a, 0x72, 
	0x6f, 0x6f, 0x74, 0x7b, 0xd, 0xa, 0x20, 0x20, 0x2f, 0x2a, 
	0x20, 0x54, 0x68, 0x65, 0x6d, 0x65, 0x20, 0x2a, 0x2f, 0xd, 
	0xa, 0x20, 0x20, 0x2d, 0x2d, 0x62, 0x67, 0x31, 0x3a, 0x20, 
	0x23, 0x30, 0x62, 0x31, 0x30, 0x32, 0x30, 0x3b, 0xd, 0xa, 
	0x20, 0x20, 0x2d, 0x2d, 0x62, 0x67, 0x32, 0x3a, 0x20, 0x23, 
	0x31, 0x31, 0x31, 0x61, 0x33, 0x33, 0x3b, 0xd, 0xa, 0xd, 
	0xa, 0x20, 0x20, 0x2f, 0x2a, 0x20, 0x53, 0x75, 0x72, 0x66, 
	0x61, 0x63, 0x65, 0x73, 0x20, 0x2a, 0x2f, 0xd, 0xa, 0x20, 
	0x20, 0x2d, 0x2d, 0x63, 0x61, 0x72, 0x64, 0x3a, 0x20, 0x72, 
	0x67, 0x62, 0x61, 0x28, 0x31, 0x38, 0x2c, 0x20, 0x32, 0x36, 
	0x2c, 0x20, 0x35, 0x31, 0x2c, 0x20, 0x30, 0x2e, 0x38, 0x30, 
	0x29, 0x3b, 0xd, 0xa, 0xd, 0xa, 0x20, 0x20, 0x2f, 0x2a, 
	0x20, 0x54, 0x79, 0x70, 0x6f, 0x67, 0x72, 0x61, 0x70, 0x68, 
	0x79, 0x20, 0x2f, 0x20, 0x55, 0x49, 0x20, 0x2a, 0x2f, 0xd, 
	0xa, 0x20, 0x20, 0x2d, 0x2d, 0x74, 0x65, 0x78, 0x74, 0x3a, 
	0x20, 0x23, 0x65, 0x38, 0x65, 0x63, 0x66, 0x66, 0x3b, 0xd, 
	0xa, 0x20, 0x20, 0x2d, 0x2d, 0x6d, 0x75, 0x74, 0x65, 0x64, 
	0x3a, 0x20, 0x23, 0x61, 0x65, 0x62, 0x37, 0x65, 0x36, 0x3b, 
	0xd, 0xa, 0x20, 0x20, 0x2d, 0x2d, 0x73, 0x74, 0x72, 0x6f, 
	0x6b, 0x65, 0x3a, 0x20, 0x23, 0x32, 0x61, 0x33, 0x35, 0x35, 
	0x66, 0x3b, 0xd, 0xa, 0xd, 0xa, 0x20, 0x20, 0x2f, 0x2a, 
	0x20, 0x45, 0x66, 0x66, 0x65, 0x63, 0x74, 0x73, 0x20, 0x2a, 
	0x2f, 0xd, 0xa, 0x20, 0x20, 0x2d, 0x2d, 0x73, 0x68, 0x61, 
	0x64, 0x6f, 0x77, 0x3a, 0x20, 0x30, 0x20, 0x31, 0x32, 0x70, 
	0x78, 0x20, 0x34, 0x30, 0x70, 0x78, 0x20, 0x72, 0x67, 0x62, 
	0x61, 0x28, 0x30, 0x2c, 0x20, 0x30, 0x2c, 0x20, 0x30, 0x2c, 
	0x20, 0x30, 0x2e, 0x33, 0x35, 0x29, 0x3b, 0xd, 0xa, 0xd, 
	0xa, 0x20, 0x20, 0x2f, 0x2a, 0x20, 0x4c, 0x61, 0x79, 0x6f, 
	0x75, 0x74, 0x20, 0x2a, 0x2f, 0xd, 0xa, 0x20, 0x20, 0x2d, 
	0x2d, 0x70, 0x61, 0x67, 0x65, 0x2d, 0x6d, 0x61, 0x78, 0x3a, 
	0x20, 0x39, 0x38, 0x30, 0x70, 0x78, 0x3b, 0xd, 0xa, 0x20, 
	0x20, 0x2d, 0x2d, 0x70, 0x61, 0x67, 0x65, 0x2d, 0x70, 0x61, 
	0x64, 0x3a, 0x20, 0x32, 0x34, 0x70, 0x78, 0x3b, 0xd, 0xa, 
	0xd, 0xa, 0x20, 0x20, 0x2f, 0x2a, 0x20, 0x4e, 0x61, 0x76, 
	0x62, 0x61, 0x72, 0x20, 0x73, 0x70, 0x61, 0x63, 0x69, 0x6e, 
	0x67, 0x20, 0x28, 0x66, 0x69, 0x78, 0x65, 0x64, 0x20, 0x68, 
	0x65, 0x61, 0x64, 0x65, 0x72, 0x29, 0x20, 0x2a, 0x2f, 0xd, 
	0xa, 0x20, 0x20, 0x2d, 0x2d, 0x6e, 0x61, 0x76, 0x2d, 0x68, 
	0x65, 0x69, 0x67, 0x68, 0x74, 0x3a, 0x20, 0x36, 0x30, 0x70, 
	0x78, 0x3b, 0x20, 0x20, 0x20, 0x20, 0x20, 0x20, 0x20, 0x2f, 
	0x2a, 0x20, 0x61, 0x70, 0x70, 0x72, 0x6f, 0x78, 0x69, 0x6d, 
	0x61, 0x74, 0x65, 0x20, 0x76, 0x69, 0x73, 0x75, 0x61, 0x6c, 
	0x20, 0x68, 0x65, 0x69, 0x67, 0x68, 0x74, 0x20, 0x2a, 0x2f, 
	0xd, 0xa, 0x20, 0x20, 0x2d, 0x2d, 0x6e, 0x61, 0x76, 0x2d, 
	0x67, 0x61, 0x70, 0x3a, 0x20, 0x31, 0x38, 0x70, 0x78, 0x3b, 
	0x20, 0x20, 0x20, 0x20, 0x20, 0x20, 0x20, 0x20, 0x20, 0x20, 
	0x2f, 0x2a, 0x20, 0x64, 0x69, 0x73, 0x74, 0x61, 0x6e, 0x63, 
	0x65, 0x20, 0x66, 0x72, 0x6f, 0x6d, 0x20, 0x74, 0x6f, 0x70, 
	0x20, 0x2a, 0x2f, 0xd, 0xa, 0x7d, 0xd, 0xa, 0xd, 0xa, 
	0x2a, 0x7b, 0x20, 0x62, 0x6f, 0x78, 0x2d, 0x73, 0x69, 0x7a, 
	0x69, 0x6e, 0x67, 0x3a, 0x20, 0x62, 0x6f, 0x72, 0x64, 0x65, 
	0x72, 0x2d, 0x62, 0x6f, 0x78, 0x3b, 0x20, 0x7d, 0xd, 0xa, 
	0xd, 0xa, 0x62, 0x6f, 0x64, 0x79, 0x7b, 0xd, 0xa, 0x20, 
	0x20, 0x6d, 0x61, 0x72, 0x67, 0x69, 0x6e, 0x3a, 0x20, 0x30, 
	0x3b, 0xd, 0xa, 0x20, 0x20, 0x6d, 0x69, 0x6e, 0x2d, 0x68, 
	0x65, 0x69, 0x67, 0x68, 0x74, 0x3a, 0x20, 0x31, 0x30, 0x30, 
	0x76, 0x68, 0x3b, 0xd, 0xa, 0x20, 0x20, 0x63, 0x6f, 0x6c, 
	0x6f, 0x72, 0x3a, 0x20, 0x76, 0x61, 0x72, 0x28, 0x2d, 0x2d, 
	0x74, 0x65, 0x78, 0x74, 0x29, 0x3b, 0xd, 0xa, 0xd, 0xa, 
	0x20, 0x20, 0x66, 0x6f, 0x6e, 0x74, 0x2d, 0x66, 0x61, 0x6d, 
	0x69, 0x6c, 0x79, 0x3a, 0x20, 0x75, 0x69, 0x2d, 0x73, 0x61, 
	0x6e, 0x73, 0x2d, 0x73, 0x65, 0x72, 0x69, 0x66, 0x2c, 0x20, 
	0x73, 0x79, 0x73, 0x74, 0x65, 0x6d, 0x2d, 0x75, 0x69, 0x2c, 
	0x20, 0x2d, 0x61, 0x70, 0x70, 0x6c, 0x65, 0x2d, 0x73, 0x79, 
	0x73, 0x74, 0x65, 0x6d, 0x2c, 0x20, 0x53, 0x65, 0x67, 0x6f, 
	0x65, 0x20, 0x55, 0x49, 0x2c, 0x20, 0x52, 0x6f, 0x62, 0x6f, 
	0x74, 0x6f, 0x2c, 0x20, 0x41, 0x72, 0x69, 0x61, 0x6c, 0x3b, 
	0xd, 0xa, 0xd, 0xa, 0x20, 0x20, 0x2f, 0x2a, 0x20, 0x42, 
	0x61, 0x63, 0x6b, 0x67, 0x72, 0x6f, 0x75, 0x6e, 0x64, 0x20, 
	0x2a, 0x2f, 0xd, 0xa, 0x20, 0x20, 0x62, 0x61, 0x63, 0x6b, 
	0x67, 0x72, 0x6f, 0x75, 0x6e, 0x64, 0x3a, 0xd, 0xa, 0x20, 
	0x20, 0x20, 0x20, 0x72, 0x61, 0x64, 0x69, 0x61, 0x6c, 0x2d, 
	0x67, 0x72, 0x61, 0x64, 0x69, 0x65, 0x6e, 0x74, 0x28, 0x31, 
	0x32, 0x30, 0x30, 0x70, 0x78, 0x20, 0x36, 0x30, 0x30, 0x70, 
	0x78, 0x20, 0x61, 0x74, 0x20, 0x32, 0x30, 0x25, 0x20, 0x31, 
	0x30, 0x25, 0x2c, 0x20, 0x72, 0x67, 0x62, 0x61, 0x28, 0x33, 
	0x35, 0x2c, 0x20, 0x34, 0x38, 0x2c, 0x20, 0x31, 0x30, 0x37, 
	0x2c, 0x20, 0x30, 0x2e, 0x32, 0x37, 0x29, 0x2c, 0x20, 0x74, 
	0x72, 0x61, 0x6e, 0x73, 0x70, 0x61, 0x72, 0x65, 0x6e, 0x74, 
	0x20, 0x36, 0x30, 0x25, 0x29, 0x2c, 0xd, 0xa, 0x20, 0x20, 
	0x20, 0x20, 0x72, 0x61, 0x64, 0x69, 0x61, 0x6c, 0x2d, 0x67, 
	0x72, 0x61, 0x64, 0x69, 0x65, 0x6e, 0x74, 0x28, 0x31, 0x30, 
	0x30, 0x30, 0x70, 0x78, 0x20, 0x35, 0x30, 0x30, 0x70, 0x78, 
	0x20, 0x61, 0x74, 0x20, 0x39, 0x30, 0x25, 0x20, 0x32, 0x30, 
	0x25, 0x2c, 0x20, 0x72, 0x67, 0x62, 0x61, 0x28, 0x32, 0x38, 
	0x2c, 0x20, 0x31, 0x33, 0x38, 0x2c, 0x20, 0x31, 0x36, 0x35, 
	0x2c, 0x20, 0x30, 0x2e, 0x32, 0x37, 0x29, 0x2c, 0x20, 0x74, 
	0x72, 0x61, 0x6e, 0x73, 0x70, 0x61, 0x72, 0x65, 0x6e, 0x74, 
	0x20, 0x36, 0x30, 0x25, 0x29, 0x2c, 0xd, 0xa, 0x20, 0x20, 
	0x20, 0x20, 0x6c, 0x69, 0x6e, 0x65, 0x61, 0x72, 0x2d, 0x67, 
	0x72, 0x61, 0x64, 0x69, 0x65, 0x6e, 0x74, 0x28, 0x31, 0x38, 
	0x30, 0x64, 0x65, 0x67, 0x2c, 0x20, 0x76, 0x61, 0x72, 0x28, 
	0x2d, 0x2d, 0x62, 0x67, 0x31, 0x29, 0x2c, 0x20, 0x76, 0x61, 
	0x72, 0x28, 0x2d, 0x2d, 0x62, 0x67, 0x32, 0x29, 0x29, 0x3b, 
	0xd, 0xa, 0xd, 0xa, 0x20, 0x20, 0x2f, 0x2a, 0x20, 0x43, 
	0x65, 0x6e, 0x74, 0x65, 0x72, 0x20, 0x63, 0x6f, 0x6e, 0x74, 
	0x65, 0x6e, 0x74, 0x20, 0x68, 0x6f, 0x72, 0x69, 0x7a, 0x6f, 
	0x6e, 0x74, 0x61, 0x6c, 0x6c, 0x79, 0x2c, 0x20, 0x6b, 0x65, 
	0x65, 0x70, 0x20, 0x61, 0x20, 0x63, 0x6f, 0x6d, 0x66, 0x6f, 
	0x72, 0x74, 0x61, 0x62, 0x6c, 0x65, 0x20, 0x76, 0x65, 0x72, 
	0x74, 0x69, 0x63, 0x61, 0x6c, 0x20, 0x66, 0x6c, 0x6f, 0x77, 
	0x20, 0x2a, 0x2f, 0xd, 0xa, 0x20, 0x20, 0x64, 0x69, 0x73, 
	0x70, 0x6c, 0x61, 0x79, 0x3a, 0x20, 0x66, 0x6c, 0x65, 0x78, 
	0x3b, 0xd, 0xa, 0x20, 0x20, 0x6a, 0x75, 0x73, 0x74, 0x69, 
	0x66, 0x79, 0x2d, 0x63, 0x6f, 0x6e, 0x74, 0x65, 0x6e, 0x74, 
	0x3a, 0x20, 0x63, 0x65, 0x6e, 0x74, 0x65, 0x72, 0x3b, 0xd, 
	0xa, 0x20, 0x20, 0x61, 0x6c, 0x69, 0x67, 0x6e, 0x2d, 0x69, 
	0x74, 0x65, 0x6d, 0x73, 0x3a, 0x20, 0x66, 0x6c, 0x65, 0x78, 
	0x2d, 0x73, 0x74, 0x61, 0x72, 0x74, 0x3b, 0xd, 0xa, 0xd, 
	0xa, 0x20, 0x20, 0x2f, 0x2a, 0x20, 0x4d, 0x61, 0x6b, 0x65, 
	0x20, 0x72, 0x6f, 0x6f, 0x6d, 0x20, 0x66, 0x6f, 0x72, 0x20, 
	0x66, 0x69, 0x78, 0x65, 0x64, 0x20, 0x6e, 0x61, 0x76, 0x62, 
	0x61, 0x72, 0x20, 0x2b, 0x20, 0x6b, 0x65, 0x65, 0x70, 0x20, 
	0x63, 0x6f, 0x6e, 0x73, 0x69, 0x73, 0x74, 0x65, 0x6e, 0x74, 
	0x20, 0x70, 0x61, 0x67, 0x65, 0x20, 0x70, 0x61, 0x64, 0x64, 
	0x69, 0x6e, 0x67, 0x20, 0x2a, 0x2f, 0xd, 0xa, 0x20, 0x20, 
	0x70, 0x61, 0x64, 0x64, 0x69, 0x6e, 0x67, 0x3a, 0x20, 0x63, 
	0x61, 0x6c, 0x63, 0x28, 0x76, 0x61, 0x72, 0x28, 0x2d, 0x2d, 
	0x70, 0x61, 0x67, 0x65, 0x2d, 0x70, 0x61, 0x64, 0x29, 0x20, 
	0x2b, 0x20, 0x76, 0x61, 0x72, 0x28, 0x2d, 0x2d, 0x6e, 0x61, 
	0x76, 0x2d, 0x68, 0x65, 0x69, 0x67, 0x68, 0x74, 0x29, 0x20, 
	0x2b, 0x20, 0x76, 0x61, 0x72, 0x28, 0x2d, 0x2d, 0x6e, 0x61, 
	0x76, 0x2d, 0x67, 0x61, 0x70, 0x29, 0x29, 0x20, 0x76, 0x61, 
	0x72, 0x28, 0x2d, 0x2d, 0x70, 0x61, 0x67, 0x65, 0x2d, 0x70, 
	0x61, 0x64, 0x29, 0x20, 0x76, 0x61, 0x72, 0x28, 0x2d, 0x2d, 
	0x70, 0x61, 0x67, 0x65, 0x2d, 0x70, 0x61, 0x64, 0x29, 0x3b, 
	0xd, 0xa, 0x7d, };

static const unsigned char data_style_dashboard_css[] = {
	/* /style_dashboard.css */
	0x2f, 0x73, 0x74, 0x79, 0x6c, 0x65, 0x5f, 0x64, 0x61, 0x73, 0x68, 0x62, 0x6f, 0x61, 0x72, 0x64, 0x2e, 0x63, 0x73, 0x73, 0,
	0x48, 0x54, 0x54, 0x50, 0x2f, 0x31, 0x2e, 0x30, 0x20, 0x32, 
	0x30, 0x30, 0x20, 0x4f, 0x4b, 0xd, 0xa, 0x53, 0x65, 0x72, 
	0x76, 0x65, 0x72, 0x3a, 0x20, 0x6c, 0x77, 0x49, 0x50, 0x2f, 
	0x70, 0x72, 0x65, 0x2d, 0x30, 0x2e, 0x36, 0x20, 0x28, 0x68, 
	0x74, 0x74, 0x70, 0x3a, 0x2f, 0x2f, 0x77, 0x77, 0x77, 0x2e, 
	0x73, 0x69, 0x63, 0x73, 0x2e, 0x73, 0x65, 0x2f, 0x7e, 0x61, 
	0x64, 0x61, 0x6d, 0x2f, 0x6c, 0x77, 0x69, 0x70, 0x2f, 0x29, 
	0xd, 0xa, 0x43, 0x6f, 0x6e, 0x74, 0x65, 0x6e, 0x74, 0x2d, 
	0x74, 0x79, 0x70, 0x65, 0x3a, 0x20, 0x74, 0x65, 0x78, 0x74, 
	0x2f, 0x63, 0x73, 0x73, 0xd, 0xa, 0xd, 0xa, 0x2f, 0x2a, 
	0x2a, 0xd, 0xa, 0x20, 0x2a, 0x20, 0x73, 0x74, 0x79, 0x6c, 
	0x65, 0x5f, 0x64, 0x61, 0x73, 0x68, 0x62, 0x6f, 0x61, 0x72, 
	0x64, 0x2e, 0x63, 0x73, 0x73, 0xd, 0xa, 0x20, 0x2a, 0x20, 
	0x44, 0x61, 0x73, 0x68, 0x62, 0x6f, 0x61, 0x72, 0x64, 0x20, 
	0x70, 0x61, 0x67, 0x65, 0x20, 0x6c, 0x61, 0x79, 0x6f, 0x75, 
	0x74, 0x20, 0x2b, 0x20, 0x67, 0x61, 0x75, 0x67, 0x65, 0x20, 
	0x63, 0x61, 0x72, 0x64, 0x73, 0x20, 0x28, 0x53, 0x54, 0x4d, 
	0x33, 0x32, 0x20, 0x44, 0x48, 0x54, 0x32, 0x32, 0x20, 0x64, 
	0x65, 0x6d, 0x6f, 0x20, 0x55, 0x49, 0x29, 0x2e, 0xd, 0xa, 
	0x20, 0x2a, 0xd, 0xa, 0x20, 0x2a, 0x20, 0x4e, 0x6f, 0x74, 
	0x65, 0x73, 0x3a, 0xd, 0xa, 0x20, 0x2a, 0x20, 0x2d, 0x20, 
	0x43, 0x6f, 0x6c, 0x6f, 0x72, 0x73, 0x20, 0x28, 0x65, 0x2e, 
	0x67, 0x2e, 0x20, 0x2d, 0x2d, 0x63, 0x61, 0x72, 0x64, 0x2c, 
	0x20, 0x2d, 0x2d, 0x6d, 0x75, 0x74, 0x65, 0x64, 0x2c, 0x20, 
	0x2d, 0x2d, 0x73, 0x68, 0x61, 0x64, 0x6f, 0x77, 0x2c, 0x20, 
	0x2d, 0x2d, 0x73, 0x74, 0x72, 0x6f, 0x6b, 0x65, 0x29, 0x20, 
	0x61, 0x72, 0x65, 0x20, 0x65, 0x78, 0x70, 0x65, 0x63, 0x74, 
	0x65, 0x64, 0xd, 0xa, 0x20, 0x2a, 0x20, 0x20, 0x20, 0x74, 
	0x6f, 0x20, 0x62, 0x65, 0x20, 0x64, 0x65, 0x66, 0x69, 0x6e, 
	0x65, 0x64, 0x20, 0x69, 0x6e, 0x20, 0x74, 0x68, 0x65, 0x20, 
	0x67, 0x6c, 0x6f, 0x62, 0x61, 0x6c, 0x20, 0x73, 0x74, 0x79, 
	0x6c, 0x65, 0x73, 0x68, 0x65, 0x65, 0x74, 0x20, 0x28, 0x73, 
	0x74, 0x79, 0x6c, 0x65, 0x2e, 0x63, 0x73, 0x73, 0x29, 0x2e, 
	0xd, 0xa, 0x20, 0x2a, 0x20, 0x2d, 0x20, 0x54, 0x68, 0x69, 
	0x73, 0x20, 0x66, 0x69, 0x6c, 0x65, 0x20, 0x66, 0x6f, 0x63, 
	0x75, 0x73, 0x65, 0x73, 0x20, 0x6f, 0x6e, 0x6c, 0x79, 0x20, 
	0x6f, 0x6e, 0x20, 0x64, 0x61, 0x73, 0x68, 0x62, 0x6f, 0x61, 
	0x72, 0x64, 0x2d, 0x73, 0x70, 0x65, 0x63, 0x69, 0x66, 0x69, 
	0x63, 0x20, 0x63, 0x6f, 0x6d, 0x70, 0x6f, 0x6e, 0x65, 0x6e, 
	0x74, 0x73, 0x2e, 0xd, 0xa, 0x20, 0x2a, 0x2f, 0xd, 0xa, 
	0xd, 0xa, 0x2f, 0x2a, 0x20, 0x3d, 0x3d, 0x3d, 0x3d, 0x3d, 
	0x3d, 0x3d, 0x3d, 0x3d, 0x3d, 0x3d, 0x3d, 0x3d, 0x3d, 0x3d, 
	0x3d, 0x3d, 0x3d, 0x3d, 0x3d, 0x3d, 0x3d, 0x3d, 0x3d, 0x3d, 
	0x3d, 0x3d, 0x3d, 0x3d, 0x3d, 0xd, 0xa, 0x20, 0x20, 0x20, 
	0x4c, 0x61, 0x79, 0x6f, 0x75, 0x74, 0x20, 0x77, 0x72, 0x61, 
	0x70, 0x70, 0x65, 0x72, 0x20, 0x2b, 0x20, 0x68, 0x65, 0x61, 
	0x64, 0x65, 0x72, 0x20, 0x72, 0x6f, 0x77, 0xd, 0xa, 0x20, 
	0x20, 0x20, 0x3d, 0x3d, 0x3d, 0x3d, 0x3d, 0x3d, 0x3d, 0x3d, 
	0x3d, 0x3d, 0x3d, 0x3d, 0x3d, 0x3d, 0x3d, 0x3d, 0x3d, 0x3d, 
	0x3d, 0x3d, 0x3d, 0x3d, 0x3d, 0x3d, 0x3d, 0x3d, 0x3d, 0x3d, 
	0x3d, 0x3d, 0x20, 0x2a, 0x2f, 0xd, 0xa, 0xd, 0xa, 0x2e, 
	0x77, 0x72, 0x61, 0x70, 0x7b, 0xd, 0xa, 0x20, 0x20, 0x2f, 
	0x2a, 0x20, 0x43, 0x65, 0x6e, 0x74, 0x65, 0x72, 0x20, 0x63, 
	0x6f, 0x6e, 0x74, 0x65, 0x6e, 0x74, 0x20, 0x77, 0x69, 0x74, 
	0x68, 0x20, 0x61, 0x20, 0x63, 0x6f, 0x6d, 0x66, 0x6f, 0x72, 
	0x74, 0x61, 0x62, 0x6c, 0x65, 0x20, 0x6d, 0x61, 0x78, 0x69, 
	0x6d, 0x75, 0x6d, 0x20, 0x77, 0x69, 0x64, 0x74, 0x68, 0x20, 
	0x2a, 0x2f, 0xd, 0xa, 0x20, 0x20, 0x77, 0x69, 0x64, 0x74, 
	0x68, 0x3a, 0x20, 0x6d, 0x69, 0x6e, 0x28, 0x39, 0x38, 0x30, 
	0x70, 0x78, 0x2c, 0x20, 0x31, 0x30, 0x30, 0x25, 0x29, 0x3b, 
	0x20, 0xd, 0xa, 0x20, 0x20, 0x70, 0x61, 0x64, 0x64, 0x69, 
	0x6e, 0x67, 0x2d, 0x74, 0x6f, 0x70, 0x3a, 0x20, 0x39, 0x32, 
	0x70, 0x78, 0x3b, 0xd, 0xa, 0x7d, 0xd, 0xa, 0xd, 0xa, 
	0x2f, 0x2a, 0x20, 0x2d, 0x2d, 0x2d, 0x2d, 0x2d, 0x2d, 0x2d, 
	0x2d, 0x2d, 0x2d, 0x20, 0x48, 0x65, 0x61, 0x64, 0x65, 0x72, 
	0x20, 0x72, 0x6f, 0x77, 0x20, 0x2d, 0x2d, 0x2d, 0x2d, 0x2d, 
	0x2d, 0x2d, 0x2d, 0x2d, 0x2d, 0x20, 0x2a, 0x2f, 0xd, 0xa, 
	0x2e, 0x70, 0x61, 0x67, 0x65, 0x2d, 0x68, 0x65, 0x61, 0x64, 
	0x7b, 0xd, 0xa, 0x20, 0x20, 0x64, 0x69, 0x73, 0x70, 0x6c, 
	0x61, 0x79, 0x3a, 0x20, 0x66, 0x6c, 0x65, 0x78, 0x3b, 0xd, 
	0xa, 0x20, 0x20, 0x61, 0x6c, 0x69, 0x67, 0x6e, 0x2d, 0x69, 
	0x74, 0x65, 0x6d, 0x73, 0x3a, 0x20, 0x66, 0x6c, 0x65, 0x78, 
	0x2d, 0x65, 0x6e, 0x64, 0x3b, 0xd, 0xa, 0x20, 0x20, 0x6a, 
	0x75, 0x73, 0x74, 0x69, 0x66, 0x79, 0x2d, 0x63, 0x6f, 0x6e, 
	0x74, 0x65, 0x6e, 0x74, 0x3a, 0x20, 0x73, 0x70, 0x61, 0x63, 
	0x65, 0x2d, 0x62, 0x65, 0x74, 0x77, 0x65, 0x65, 0x6e, 0x3b, 
	0xd, 0xa, 0x20, 0x20, 0x67, 0x61, 0x70, 0x3a, 0x20, 0x31, 
	0x34, 0x70, 0x78, 0x3b, 0xd, 0xa, 0x20, 0x20, 0x6d, 0x61, 
	0x72, 0x67, 0x69, 0x6e, 0x2d, 0x62, 0x6f, 0x74, 0x74, 0x6f, 
	0x6d, 0x3a, 0x20, 0x31, 0x38, 0x70, 0x78, 0x3b, 0xd, 0xa, 
	0x7d, 0xd, 0xa, 0xd, 0xa, 0x68, 0x65, 0x61, 0x64, 0x65, 
	0x72, 0x7b, 0xd, 0xa, 0x20, 0x20, 0x64, 0x69, 0x73, 0x70, 
	0x6c, 0x61, 0x79, 0x3a, 0x20, 0x66, 0x6c, 0x65, 0x78, 0x3b, 
	0xd, 0xa, 0x20, 0x20, 0x67, 0x61, 0x70, 0x3a, 0x20, 0x31, 
	0x34, 0x70, 0x78, 0x3b, 0xd, 0xa, 0x20, 0x20, 0x61, 0x6c, 
	0x69, 0x67, 0x6e, 0x2d, 0x69, 0x74, 0x65, 0x6d, 0x73, 0x3a, 
	0x20, 0x66, 0x6c, 0x65, 0x78, 0x2d, 0x65, 0x6e, 0x64, 0x3b, 
	0xd, 0xa, 0x20, 0x20, 0x6a, 0x75, 0x73, 0x74, 0x69, 0x66, 
	0x79, 0x2d, 0x63, 0x6f, 0x6e, 0x74, 0x65, 0x6e, 0x74, 0x3a, 
	0x20, 0x73, 0x70, 0x61, 0x63, 0x65, 0x2d, 0x62, 0x65, 0x74, 
	0x77, 0x65, 0x65, 0x6e, 0x3b, 0xd, 0xa, 0x20, 0x20, 0x6d, 
	0x61, 0x72, 0x67, 0x69, 0x6e, 0x2d, 0x62, 0x6f, 0x74, 0x74, 
	0x6f, 0x6d, 0x3a, 0x20, 0x31, 0x38, 0x70, 0x78, 0x3b, 0xd, 
	0xa, 0x7d, 0xd, 0xa, 0xd, 0xa, 0xd, 0xa, 0x2f, 0x2a, 
	0x20, 0x4f, 0x70, 0x74, 0x69, 0x6f, 0x6e, 0x61, 0x6c, 0x20, 
	0x73, 0x75, 0x62, 0x74, 0x69, 0x74, 0x6c, 0x65, 0x20, 0x28, 
	0x6e, 0x6f, 0x74, 0x20, 0x61, 0x6c, 0x77, 0x61, 0x79, 0x73, 
	0x20, 0x70, 0x72, 0x65, 0x73, 0x65, 0x6e, 0x74, 0x20, 0x6f, 
	0x6e, 0x20, 0x74, 0x68, 0x65, 0x20, 0x64, 0x61, 0x73, 0x68, 
	0x62, 0x6f, 0x61, 0x72, 0x64, 0x29, 0x20, 0x2a, 0x2f, 0xd, 
	0xa, 0x2e, 0x73, 0x75, 0x62, 0x7b, 0xd, 0xa, 0x20, 0x20, 
	0x6d, 0x61, 0x72, 0x67, 0x69, 0x6e, 0x3a, 0x20, 0x36, 0x70, 
	0x78, 0x20, 0x30, 0x20, 0x30, 0x3b, 0xd, 0xa, 0x20, 0x20, 
	0x63, 0x6f, 0x6c, 0x6f, 0x72, 0x3a, 0x20, 0x76, 0x61, 0x72, 
	0x28, 0x2d, 0x2d, 0x6d, 0x75, 0x74, 0x65, 0x64, 0x29, 0x3b, 
	0xd, 0xa, 0x20, 0x20, 0x66, 0x6f, 0x6e, 0x74, 0x2d, 0x73, 
	0x69, 0x7a, 0x65, 0x3a, 0x20, 0x31, 0x33, 0x70, 0x78, 0x3b, 
	0xd, 0xa, 0x7d, 0xd, 0xa, 0xd, 0xa, 0xd, 0xa, 0x2f, 
	0x2a, 0x20, 0x3d, 0x3d, 0x3d, 0x3d, 0x3d, 0x3d, 0x3d, 0x3d, 
	0x3d, 0x3d, 0x3d, 0x3d, 0x3d, 0x3d, 0x3d, 0x3d, 0x3d, 0x3d, 
	0x3d, 0x3d, 0x3d, 0x3d, 0x3d, 0x3d, 0x3d, 0x3d, 0x3d, 0x3d, 
	0x3d, 0x3d, 0xd, 0xa, 0x20, 0x20, 0x20, 0x43, 0x6f, 0x6e, 
	0x6e, 0x65, 0x63, 0x74, 0x69, 0x6f, 0x6e, 0x20, 0x73, 0x74, 
	0x61, 0x74, 0x75, 0x73, 0x20, 0x63, 0x68, 0x69, 0x70, 0xd, 
	0xa, 0x20, 0x20, 0x20, 0x3d, 0x3d, 0x3d, 0x3d, 0x3d, 0x3d, 
	0x3d, 0x3d, 0x3d, 0x3d, 0x3d, 0x3d, 0x3d, 0x3d, 0x3d, 0x3d, 
	0x3d, 0x3d, 0x3d, 0x3d, 0x3d, 0x3d, 0x3d, 0x3d, 0x3d, 0x3d, 
	0x3d, 0x3d, 0x3d, 0x3d, 0x20, 0x2a, 0x2f, 0xd, 0xa, 0xd, 
	0xa, 0x2e, 0x73, 0x74, 0x61, 0x74, 0x75, 0x73, 0x7b, 0xd, 
	0xa, 0x20, 0x20, 0x64, 0x69, 0x73, 0x70, 0x6c, 0x61, 0x79, 
	0x3a, 0x20, 0x66, 0x6c, 0x65, 0x78, 0x3b, 0xd, 0xa, 0x20, 
	0x20, 0x67, 0x61, 0x70, 0x3a, 0x20, 0x31, 0x30, 0x70, 0x78, 
	0x3b, 0xd, 0xa, 0x20, 0x20, 0x61, 0x6c, 0x69, 0x67, 0x6e, 
	0x2d, 0x69, 0x74, 0x65, 0x6d, 0x73, 0x3a, 0x20, 0x63, 0x65, 
	0x6e, 0x74, 0x65, 0x72, 0x3b, 0xd, 0xa, 0xd, 0xa, 0x20, 
	0x20, 0x63, 0x6f, 0x6c, 0x6f, 0x72, 0x3a, 0x20, 0x76, 0x61, 
	0x72, 0x28, 0x2d, 0x2d, 0x6d, 0x75, 0x74, 0x65, 0x64, 0x29, 
	0x3b, 0xd, 0xa, 0x20, 0x20, 0x66, 0x6f, 0x6e, 0x74, 0x2d, 
	0x73, 0x69, 0x7a, 0x65, 0x3a, 0x20, 0x31, 0x33, 0x70, 0x78, 
	0x3b, 0xd, 0xa, 0xd, 0xa, 0x20, 0x20, 0x70, 0x61, 0x64, 
	0x64, 0x69, 0x6e, 0x67, 0x3a, 0x20, 0x31, 0x30, 0x70, 0x78, 
	0x20, 0x31, 0x32, 0x70, 0x78, 0x3b, 0xd, 0xa, 0x20, 0x20, 
	0x62, 0x6f, 0x72, 0x64, 0x65, 0x72, 0x3a, 0x20, 0x31, 0x70, 
	0x78, 0x20, 0x73, 0x6f, 0x6c, 0x69, 0x64, 0x20, 0x72, 0x67, 
	0x62, 0x61, 0x28, 0x34, 0x32, 0x2c, 0x20, 0x35, 0x33, 0x2c, 
	0x20, 0x39, 0x35, 0x2c, 0x20, 0x30, 0x2e, 0x34, 0x29, 0x3b, 
	0xd, 0xa, 0x20, 0x20, 0x62, 0x6f, 0x72, 0x64, 0x65, 0x72, 
	0x2d, 0x72, 0x61, 0x64, 0x69, 0x75, 0x73, 0x3a, 0x20, 0x31, 
	0x34, 0x70, 0x78, 0x3b, 0xd, 0xa, 0xd, 0xa, 0x20, 0x20, 
	0x2f, 0x2a, 0x20, 0x53, 0x65, 0x6d, 0x69, 0x2d, 0x74, 0x72, 
	0x61, 0x6e, 0x73, 0x70, 0x61, 0x72, 0x65, 0x6e, 0x74, 0x20, 
	0x22, 0x67, 0x6c, 0x61, 0x73, 0x73, 0x22, 0x20, 0x65, 0x66, 
	0x66, 0x65, 0x63, 0x74, 0x20, 0x2a, 0x2f, 0xd, 0xa, 0x20, 
	0x20, 0x62, 0x61, 0x63, 0x6b, 0x67, 0x72, 0x6f, 0x75, 0x6e, 
	0x64, 0x3a, 0x20, 0x72, 0x67, 0x62, 0x61, 0x28, 0x31, 0x35, 
	0x2c, 0x20, 0x32, 0x33, 0x2c, 0x20, 0x35, 0x30, 0x2c, 0x20, 
	0x30, 0x2e, 0x36, 0x37, 0x29, 0x3b, 0xd, 0xa, 0x7d, 0xd, 
	0xa, 0xd, 0xa, 0x2f, 0x2a, 0x20, 0x55, 0x73, 0x65, 0x20, 
	0x62, 0x6c, 0x75, 0x72, 0x20, 0x6f, 0x6e, 0x6c, 0x79, 0x20, 
	0x77, 0x68, 0x65, 0x6e, 0x20, 0x73, 0x75, 0x70, 0x70, 0x6f, 
	0x72, 0x74, 0x65, 0x64, 0x20, 0x28, 0x63, 0x6c, 0x65, 0x61, 
	0x6e, 0x20, 0x66, 0x61, 0x6c, 0x6c, 0x62, 0x61, 0x63, 0x6b, 
	0x20, 0x6f, 0x74, 0x68, 0x65, 0x72, 0x77, 0x69, 0x73, 0x65, 
	0x29, 0x20, 0x2a, 0x2f, 0xd, 0xa, 0x40, 0x73, 0x75, 0x70, 
	0x70, 0x6f, 0x72, 0x74, 0x73, 0x20, 0x28, 0x28, 0x2d, 0x77, 
	0x65, 0x62, 0x6b, 0x69, 0x74, 0x2d, 0x62, 0x61, 0x63, 0x6b, 
	0x64, 0x72, 0x6f, 0x70, 0x2d, 0x66, 0x69, 0x6c, 0x74, 0x65, 
	0x72, 0x3a, 0x20, 0x62, 0x6c, 0x75, 0x72, 0x28, 0x31, 0x30, 
	0x70, 0x78, 0x29, 0x29, 0x20, 0x6f, 0x72, 0x20, 0x28, 0x62, 
	0x61, 0x63, 0x6b, 0x64, 0x72, 0x6f, 0x70, 0x2d, 0x66, 0x69, 
	0x6c, 0x74, 0x65, 0x72, 0x3a, 0x20, 0x62, 0x6c, 0x75, 0x72, 
	0x28, 0x31, 0x30, 0x70, 0x78, 0x29, 0x29, 0x29, 0x7b, 0xd, 
	0xa, 0x20, 0x20, 0x2e, 0x73, 0x74, 0x61, 0x74, 0x75, 0x73, 
	0x7b, 0xd, 0xa, 0x20, 0x20, 0x20, 0x20, 0x2d, 0x77, 0x65, 
	0x62, 0x6b, 0x69, 0x74, 0x2d, 0x62, 0x61, 0x63, 0x6b, 0x64, 
	0x72, 0x6f, 0x70, 0x2d, 0x66, 0x69, 0x6c, 0x74, 0x65, 0x72, 
	0x3a, 0x20, 0x62, 0x6c, 0x75, 0x72, 0x28, 0x31, 0x30, 0x70, 
	0x78, 0x29, 0x3b, 0xd, 0xa, 0x20, 0x20, 0x20, 0x20, 0x62, 
	0x61, 0x63, 0x6b, 0x64, 0x72, 0x6f, 0x70, 0x2d, 0x66, 0x69, 
	0x6c, 0x74, 0x65, 0x72, 0x3a, 0x20, 0x62, 0x6c, 0x75, 0x72, 
	0x28, 0x31, 0x30, 0x70, 0x78, 0x29, 0x3b, 0xd, 0xa, 0x20, 
	0x20, 0x7d, 0xd, 0xa, 0x7d, 0xd, 0xa, 0xd, 0xa, 0x2e, 
	0x64, 0x6f, 0x74, 0x7b, 0xd, 0xa, 0x20, 0x20, 0x77, 0x69, 
	0x64, 0x74, 0x68, 0x3a, 0x20, 0x31, 0x30, 0x70, 0x78, 0x3b, 
	0xd, 0xa, 0x20, 0x20, 0x68, 0x65, 0x69, 0x67, 0x68, 0x74, 
	0x3a, 0x20, 0x31, 0x30, 0x70, 0x78, 0x3b, 0xd, 0xa, 0x20, 
	0x20, 0x62, 0x6f, 0x72, 0x64, 0x65, 0x72, 0x2d, 0x72, 0x61, 
	0x64, 0x69, 0x75, 0x73, 0x3a, 0x20, 0x35, 0x30, 0x25, 0x3b, 
	0xd, 0xa, 0x7d, 0xd, 0xa, 0xd, 0xa, 0x2e, 0x64, 0x6f, 
	0x74, 0x2e, 0x6f, 0x6b, 0x7b, 0x20, 0x20, 0x62, 0x61, 0x63, 
	0x6b, 0x67, 0x72, 0x6f, 0x75, 0x6e, 0x64, 0x3a, 0x20, 0x23, 
	0x32, 0x36, 0x64, 0x30, 0x37, 0x63, 0x3b, 0x20, 0x7d, 0xd, 
	0xa, 0x2e, 0x64, 0x6f, 0x74, 0x2e, 0x62, 0x61, 0x64, 0x7b, 
	0x20, 0x62, 0x61, 0x63, 0x6b, 0x67, 0x72, 0x6f, 0x75, 0x6e, 
	0x64, 0x3a, 0x20, 0x23, 0x66, 0x66, 0x35, 0x63, 0x37, 0x61, 
	0x3b, 0x20, 0x7d, 0xd, 0xa, 0xd, 0xa, 0xd, 0xa, 0x2f, 
	0x2a, 0x20, 0x3d, 0x3d, 0x3d, 0x3d, 0x3d, 0x3d, 0x3d, 0x3d, 
	0x3d, 0x3d, 0x3d, 0x3d, 0x3d, 0x3d, 0x3d, 0x3d, 0x3d, 0x3d, 
	0x3d, 0x3d, 0x3d, 0x3d, 0x3d, 0x3d, 0x3d, 0x3d, 0x3d, 0x3d, 
	0x3d, 0x3d, 0xd, 0xa, 0x20, 0x20, 0x20, 0x43, 0x61, 0x72, 
	0x64, 0x73, 0x20, 0x67, 0x72, 0x69, 0x64, 0xd, 0xa, 0x20, 
	0x20, 0x20, 0x3d, 0x3d, 0x3d, 0x3d, 0x3d, 0x3d, 0x3d, 0x3d, 
	0x3d, 0x3d, 0x3d, 0x3d, 0x3d, 0x3d, 0x3d, 0x3d, 0x3d, 0x3d, 
	0x3d, 0x3d, 0x3d, 0x3d, 0x3d, 0x3d, 0x3d, 0x3d, 0x3d, 0x3d, 
	0x3d, 0x3d, 0x20, 0x2a, 0x2f, 0xd, 0xa, 0xd, 0xa, 0x2e, 
	0x67, 0x72, 0x69, 0x64, 0x7b, 0xd, 0xa, 0x20, 0x20, 0x64, 
	0x69, 0x73, 0x70, 0x6c, 0x61, 0x79, 0x3a, 0x20, 0x67, 0x72, 
	0x69, 0x64, 0x3b, 0xd, 0xa, 0x20, 0x20, 0x67, 0x72, 0x69, 
	0x64, 0x2d, 0x74, 0x65, 0x6d, 0x70, 0x6c, 0x61, 0x74, 0x65, 
	0x2d, 0x63, 0x6f, 0x6c, 0x75, 0x6d, 0x6e, 0x73, 0x3a, 0x20, 
	0x72, 0x65, 0x70, 0x65, 0x61, 0x74, 0x28, 0x32, 0x2c, 0x20, 
	0x6d, 0x69, 0x6e, 0x6d, 0x61, 0x78, 0x28, 0x30, 0x2c, 0x20, 
	0x31, 0x66, 0x72, 0x29, 0x29, 0x3b, 0xd, 0xa, 0x20, 0x20, 
	0x67, 0x61, 0x70, 0x3a, 0x20, 0x31, 0x36, 0x70, 0x78, 0x3b, 
	0xd, 0xa, 0x7d, 0xd, 0xa, 0xd, 0xa, 0x2f, 0x2a, 0x20, 
	0x53, 0x69, 0x6e, 0x67, 0x6c, 0x65, 0x2d, 0x63, 0x6f, 0x6c, 
	0x75, 0x6d, 0x6e, 0x20, 0x6c, 0x61, 0x79, 0x6f, 0x75, 0x74, 
	0x20, 0x66, 0x6f, 0x72, 0x20, 0x73, 0x6d, 0x61, 0x6c, 0x6c, 
	0x65, 0x72, 0x20, 0x73, 0x63, 0x72, 0x65, 0x65, 0x6e, 0x73, 
	0x20, 0x2a, 0x2f, 0xd, 0xa, 0x40, 0x6d, 0x65, 0x64, 0x69, 
	0x61, 0x20, 0x28, 0x6d, 0x61, 0x78, 0x2d, 0x77, 0x69, 0x64, 
	0x74, 0x68, 0x3a, 0x20, 0x37, 0x38, 0x30, 0x70, 0x78, 0x29, 
	0x7b, 0xd, 0xa, 0x20, 0x20, 0x2e, 0x67, 0x72, 0x69, 0x64, 
	0x7b, 0x20, 0x67, 0x72, 0x69, 0x64, 0x2d, 0x74, 0x65, 0x6d, 
	0x70, 0x6c, 0x61, 0x74, 0x65, 0x2d, 0x63, 0x6f, 0x6c, 0x75, 
	0x6d, 0x6e, 0x73, 0x3a, 0x20, 0x31, 0x66, 0x72, 0x3b, 0x20, 
	0x7d, 0xd, 0xa, 0x7d, 0xd, 0xa, 0xd, 0xa, 0x2e, 0x63, 
	0x61, 0x72, 0x64, 0x7b, 0xd, 0xa, 0x20, 0x20, 0x70, 0x6f, 
	0x73, 0x69, 0x74, 0x69, 0x6f, 0x6e, 0x3a, 0x20, 0x72, 0x65, 
	0x6c, 0x61, 0x74, 0x69, 0x76, 0x65, 0x3b, 0xd, 0xa, 0x20, 
	0x20, 0x6f, 0x76, 0x65, 0x72, 0x66, 0x6c, 0x6f, 0x77, 0x3a, 
	0x20, 0x68, 0x69, 0x64, 0x64, 0x65, 0x6e, 0x3b, 0xd, 0xa, 
	0xd, 0xa, 0x20, 0x20, 0x62, 0x61, 0x63, 0x6b, 0x67, 0x72, 
	0x6f, 0x75, 0x6e, 0x64, 0x3a, 0x20, 0x76, 0x61, 0x72, 0x28, 
	0x2d, 0x2d, 0x63, 0x61, 0x72, 0x64, 0x29, 0x3b, 0xd, 0xa, 
	0x20, 0x20, 0x62, 0x6f, 0x72, 0x64, 0x65, 0x72, 0x3a, 0x20, 
	0x31, 0x70, 0x78, 0x20, 0x73, 0x6f, 0x6c, 0x69, 0x64, 0x20, 
	0x72, 0x67, 0x62, 0x61, 0x28, 0x34, 0x32, 0x2c, 0x20, 0x35, 
	0x33, 0x2c, 0x20, 0x39, 0x35, 0x2c, 0x20, 0x30, 0x2e, 0x34, 
	0x29, 0x3b, 0xd, 0xa, 0x20, 0x20, 0x62, 0x6f, 0x72, 0x64, 
	0x65, 0x72, 0x2d, 0x72, 0x61, 0x64, 0x69, 0x75, 0x73, 0x3a, 
	0x20, 0x32, 0x32, 0x70, 0x78, 0x3b, 0xd, 0xa, 0xd, 0xa, 
	0x20, 0x20, 0x70, 0x61, 0x64, 0x64, 0x69, 0x6e, 0x67, 0x3a, 
	0x20, 0x31, 0x38, 0x70, 0x78, 0x20, 0x31, 0x38, 0x70, 0x78, 
	0x20, 0x31, 0x34, 0x70, 0x78, 0x3b, 0xd, 0xa, 0x20, 0x20, 
	0x62, 0x6f, 0x78, 0x2d, 0x73, 0x68, 0x61, 0x64, 0x6f, 0x77, 
	0x3a, 0x20, 0x76, 0x61, 0x72, 0x28, 0x2d, 0x2d, 0x73, 0x68, 
	0x61, 0x64, 0x6f, 0x77, 0x29, 0x3b, 0xd, 0xa, 0x7d, 0xd, 
	0xa, 0xd, 0xa, 0x2f, 0x2a, 0x20, 0x53, 0x6f, 0x66, 0x74, 
	0x20, 0x62, 0x61, 0x63, 0x6b, 0x67, 0x72, 0x6f, 0x75, 0x6e, 
	0x64, 0x20, 0x68, 0x69, 0x67, 0x68, 0x6c, 0x69, 0x67, 0x68, 
	0x74, 0x73, 0x20, 0x28, 0x70, 0x75, 0x72, 0x65, 0x6c, 0x79, 
	0x20, 0x76, 0x69, 0x73, 0x75, 0x61, 0x6c, 0x29, 0x20, 0x2a, 
	0x2f, 0xd, 0xa, 0x2e, 0x63, 0x61, 0x72, 0x64, 0x3a, 0x3a, 
	0x62, 0x65, 0x66, 0x6f, 0x72, 0x65, 0x7b, 0xd, 0xa, 0x20, 
	0x20, 0x63, 0x6f, 0x6e, 0x74, 0x65, 0x6e, 0x74, 0x3a, 0x20, 
	0x22, 0x22, 0x3b, 0xd, 0xa, 0x20, 0x20, 0x70, 0x6f, 0x73, 
	0x69, 0x74, 0x69, 0x6f, 0x6e, 0x3a, 0x20, 0x61, 0x62, 0x73, 
	0x6f, 0x6c, 0x75, 0x74, 0x65, 0x3b, 0xd, 0xa, 0x20, 0x20, 
	0x69, 0x6e, 0x73, 0x65, 0x74, 0x3a, 0x20, 0x2d, 0x32, 0x70, 
	0x78, 0x3b, 0xd, 0xa, 0xd, 0xa, 0x20, 0x20, 0x62, 0x61, 
	0x63, 0x6b, 0x67, 0x72, 0x6f, 0x75, 0x6e, 0x64, 0x3a, 0xd, 
	0xa, 0x20, 0x20, 0x20, 0x20, 0x72, 0x61, 0x64, 0x69, 0x61, 
	0x6c, 0x2d, 0x67, 0x72, 0x61, 0x64, 0x69, 0x65, 0x6e, 0x74, 
	0x28, 0x35, 0x30, 0x30, 0x70, 0x78, 0x20, 0x32, 0x30, 0x30, 
	0x70, 0x78, 0x20, 0x61, 0x74, 0x20, 0x33, 0x30, 0x25, 0x20, 
	0x30, 0x25, 0x2c, 0x20, 0x72, 0x67, 0x62, 0x61, 0x28, 0x35, 
	0x38, 0x2c, 0x20, 0x31, 0x30, 0x33, 0x2c, 0x20, 0x32, 0x35, 
	0x35, 0x2c, 0x20, 0x30, 0x2e, 0x31, 0x33, 0x29, 0x2c, 0x20, 
	0x74, 0x72, 0x61, 0x6e, 0x73, 0x70, 0x61, 0x72, 0x65, 0x6e, 
	0x74, 0x20, 0x36, 0x30, 0x25, 0x29, 0x2c, 0xd, 0xa, 0x20, 
	0x20, 0x20, 0x20, 0x72, 0x61, 0x64, 0x69, 0x61, 0x6c, 0x2d, 
	0x67, 0x72, 0x61, 0x64, 0x69, 0x65, 0x6e, 0x74, 0x28, 0x34, 
	0x30, 0x30, 0x70, 0x78, 0x20, 0x31, 0x38, 0x30, 0x70, 0x78, 
	0x20, 0x61, 0x74, 0x20, 0x38, 0x30, 0x25, 0x20, 0x31, 0x30, 
	0x25, 0x2c, 0x20, 0x72, 0x67, 0x62, 0x61, 0x28, 0x32, 0x30, 
	0x2c, 0x20, 0x32, 0x34, 0x30, 0x2c, 0x20, 0x32, 0x35, 0x35, 
	0x2c, 0x20, 0x30, 0x2e, 0x31, 0x33, 0x29, 0x2c, 0x20, 0x74, 
	0x72, 0x61, 0x6e, 0x73, 0x70, 0x61, 0x72, 0x65, 0x6e, 0x74, 
	0x20, 0x35, 0x35, 0x25, 0x29, 0x3b, 0xd, 0xa, 0xd, 0xa, 
	0x20, 0x20, 0x70, 0x6f, 0x69, 0x6e, 0x74, 0x65, 0x72, 0x2d, 
	0x65, 0x76, 0x65, 0x6e, 0x74, 0x73, 0x3a, 0x20, 0x6e, 0x6f, 
	0x6e, 0x65, 0x3b, 0xd, 0xa, 0x7d, 0xd, 0xa, 0xd, 0xa, 
	0x2f, 0x2a, 0x20, 0x45, 0x6e, 0x73, 0x75, 0x72, 0x65, 0x20, 
	0x63, 0x6f, 0x6e, 0x74, 0x65, 0x6e, 0x74, 0x20, 0x72, 0x65, 
	0x6e, 0x64, 0x65, 0x72, 0x73, 0x20, 0x61, 0x62, 0x6f, 0x76, 
	0x65, 0x20, 0x74, 0x68, 0x65, 0x20, 0x64, 0x65, 0x63, 0x6f, 
	0x72, 0x61, 0x74, 0x69, 0x76, 0x65, 0x20, 0x67, 0x72, 0x61, 
	0x64, 0x69, 0x65, 0x6e, 0x74, 0x20, 0x2a, 0x2f, 0xd, 0xa, 
	0x2e, 0x63, 0x61, 0x72, 0x64, 0x20, 0x3e, 0x20, 0x2a, 0x7b, 
	0xd, 0xa, 0x20, 0x20, 0x70, 0x6f, 0x73, 0x69, 0x74, 0x69, 
	0x6f, 0x6e, 0x3a, 0x20, 0x72, 0x65, 0x6c, 0x61, 0x74, 0x69, 
	0x76, 0x65, 0x3b, 0xd, 0xa, 0x20, 0x20, 0x7a, 0x2d, 0x69, 
	0x6e, 0x64, 0x65, 0x78, 0x3a, 0x20, 0x31, 0x3b, 0xd, 0xa, 
	0x7d, 0xd, 0xa, 0xd, 0xa, 0x2e, 0x74, 0x6f, 0x70, 0x72, 
	0x6f, 0x77, 0x7b, 0xd, 0xa, 0x20, 0x20, 0x64, 0x69, 0x73, 
	0x70, 0x6c, 0x61, 0x79, 0x3a, 0x20, 0x66, 0x6c, 0x65, 0x78, 
	0x3b, 0xd, 0xa, 0x20, 0x20, 0x6a, 0x75, 0x73, 0x74, 0x69, 
	0x66, 0x79, 0x2d, 0x63, 0x6f, 0x6e, 0x74, 0x65, 0x6e, 0x74, 
	0x3a, 0x20, 0x73, 0x70, 0x61, 0x63, 0x65, 0x2d, 0x62, 0x65, 
	0x74, 0x77, 0x65, 0x65, 0x6e, 0x3b, 0xd, 0xa, 0x20, 0x20, 
	0x61, 0x6c, 0x69, 0x67, 0x6e, 0x2d, 0x69, 0x74, 0x65, 0x6d, 
	0x73, 0x3a, 0x20, 0x63, 0x65, 0x6e, 0x74, 0x65, 0x72, 0x3b, 
	0xd, 0xa, 0x20, 0x20, 0x6d, 0x61, 0x72, 0x67, 0x69, 0x6e, 
	0x2d, 0x62, 0x6f, 0x74, 0x74, 0x6f, 0x6d, 0x3a, 0x20, 0x38, 
	0x70, 0x78, 0x3b, 0xd, 0xa, 0x7d, 0xd, 0xa, 0xd, 0xa, 
	0x2e, 0x6c, 0x61, 0x62, 0x65, 0x6c, 0x7b, 0xd, 0xa, 0x20, 
	0x20, 0x66, 0x6f, 0x6e, 0x74, 0x2d, 0x77, 0x65, 0x69, 0x67, 
	0x68, 0x74, 0x3a, 0x20, 0x36, 0x35, 0x30, 0x3b, 0xd, 0xa, 
	0x20, 0x20, 0x6c, 0x65, 0x74, 0x74, 0x65, 0x72, 0x2d, 0x73, 
	0x70, 0x61, 0x63, 0x69, 0x6e, 0x67, 0x3a, 0x20, 0x2e, 0x32, 
	0x70, 0x78, 0x3b, 0xd, 0xa, 0x7d, 0xd, 0xa, 0xd, 0xa, 
	0x2e, 0x62, 0x61, 0x64, 0x67, 0x65, 0x7b, 0xd, 0xa, 0x20, 
	0x20, 0x66, 0x6f, 0x6e, 0x74, 0x2d, 0x73, 0x69, 0x7a, 0x65, 
	0x3a, 0x20, 0x31, 0x32, 0x70, 0x78, 0x3b, 0xd, 0xa, 0x20, 
	0x20, 0x63, 0x6f, 0x6c, 0x6f, 0x72, 0x3a, 0x20, 0x76, 0x61, 
	0x72, 0x28, 0x2d, 0x2d, 0x6d, 0x75, 0x74, 0x65, 0x64, 0x29, 
	0x3b, 0xd, 0xa, 0xd, 0xa, 0x20, 0x20, 0x62, 0x6f, 0x72, 
	0x64, 0x65, 0x72, 0x3a, 0x20, 0x31, 0x70, 0x78, 0x20, 0x73, 
	0x6f, 0x6c, 0x69, 0x64, 0x20, 0x72, 0x67, 0x62, 0x61, 0x28, 
	0x34, 0x32, 0x2c, 0x20, 0x35, 0x33, 0x2c, 0x20, 0x39, 0x35, 
	0x2c, 0x20, 0x30, 0x2e, 0x34, 0x29, 0x3b, 0xd, 0xa, 0x20, 
	0x20, 0x62, 0x61, 0x63, 0x6b, 0x67, 0x72, 0x6f, 0x75, 0x6e, 
	0x64, 0x3a, 0x20, 0x72, 0x67, 0x62, 0x61, 0x28, 0x31, 0x35, 
	0x2c, 0x20, 0x32, 0x33, 0x2c, 0x20, 0x35, 0x30, 0x2c, 0x20, 
	0x30, 0x2e, 0x36, 0x37, 0x29, 0x3b, 0xd, 0xa, 0xd, 0xa, 
	0x20, 0x20, 0x70, 0x61, 0x64, 0x64, 0x69, 0x6e, 0x67, 0x3a, 
	0x20, 0x36, 0x70, 0x78, 0x20, 0x31, 0x30, 0x70, 0x78, 0x3b, 
	0xd, 0xa, 0x20, 0x20, 0x62, 0x6f, 0x72, 0x64, 0x65, 0x72, 
	0x2d, 0x72, 0x61, 0x64, 0x69, 0x75, 0x73, 0x3a, 0x20, 0x39, 
	0x39, 0x39, 0x70, 0x78, 0x3b, 0xd, 0xa, 0x7d, 0xd, 0xa, 
	0xd, 0xa, 0xd, 0xa, 0x2f, 0x2a, 0x20, 0x3d, 0x3d, 0x3d, 
	0x3d, 0x3d, 0x3d, 0x3d, 0x3d, 0x3d, 0x3d, 0x3d, 0x3d, 0x3d, 
	0x3d, 0x3d, 0x3d, 0x3d, 0x3d, 0x3d, 0x3d, 0x3d, 0x3d, 0x3d, 
	0x3d, 0x3d, 0x3d, 0x3d, 0x3d, 0x3d, 0x3d, 0xd, 0xa, 0x20, 
	0x20, 0x20, 0x47, 0x61, 0x75, 0x67, 0x65, 0x20, 0x61, 0x72, 
	0x65, 0x61, 0x20, 0x2b, 0x20, 0x72, 0x65, 0x61, 0x64, 0x6f, 
	0x75, 0x74, 0x73, 0xd, 0xa, 0x20, 0x20, 0x20, 0x3d, 0x3d, 
	0x3d, 0x3d, 0x3d, 0x3d, 0x3d, 0x3d, 0x3d, 0x3d, 0x3d, 0x3d, 
	0x3d, 0x3d, 0x3d, 0x3d, 0x3d, 0x3d, 0x3d, 0x3d, 0x3d, 0x3d, 
	0x3d, 0x3d, 0x3d, 0x3d, 0x3d, 0x3d, 0x3d, 0x3d, 0x20, 0x2a, 
	0x2f, 0xd, 0xa, 0xd, 0xa, 0x2e, 0x67, 0x61, 0x75, 0x67, 
	0x65, 0x7b, 0xd, 0xa, 0x20, 0x20, 0x77, 0x69, 0x64, 0x74, 
	0x68, 0x3a, 0x20, 0x31, 0x30, 0x30, 0x25, 0x3b, 0xd, 0xa, 
	0x20, 0x20, 0x64, 0x69, 0x73, 0x70, 0x6c, 0x61, 0x79, 0x3a, 
	0x20, 0x66, 0x6c, 0x65, 0x78, 0x3b, 0xd, 0xa, 0x20, 0x20, 
	0x6a, 0x75, 0x73, 0x74, 0x69, 0x66, 0x79, 0x2d, 0x63, 0x6f, 
	0x6e, 0x74, 0x65, 0x6e, 0x74, 0x3a, 0x20, 0x63, 0x65, 0x6e, 
	0x74, 0x65, 0x72, 0x3b, 0xd, 0xa, 0x20, 0x20, 0x61, 0x6c, 
	0x69, 0x67, 0x6e, 0x2d, 0x69, 0x74, 0x65, 0x6d, 0x73, 0x3a, 
	0x20, 0x63, 0x65, 0x6e, 0x74, 0x65, 0x72, 0x3b, 0xd, 0xa, 
	0x20, 0x20, 0x70, 0x61, 0x64, 0x64, 0x69, 0x6e, 0x67, 0x3a, 
	0x20, 0x38, 0x70, 0x78, 0x20, 0x30, 0x20, 0x32, 0x70, 0x78, 
	0x3b, 0xd, 0xa, 0x7d, 0xd, 0xa, 0xd, 0xa, 0x2f, 0x2a, 
	0x20, 0x4b, 0x65, 0x65, 0x70, 0x20, 0x53, 0x56, 0x47, 0x20, 
	0x72, 0x65, 0x73, 0x70, 0x6f, 0x6e, 0x73, 0x69, 0x76, 0x65, 
	0x20, 0x28, 0x61, 0x76, 0x6f, 0x69, 0x64, 0x20, 0x68, 0x61, 
	0x72, 0x64, 0x63, 0x6f, 0x64, 0x69, 0x6e, 0x67, 0x20, 0x77, 
	0x69, 0x64, 0x74, 0x68, 0x20, 0x69, 0x6e, 0x20, 0x48, 0x54, 
	0x4d, 0x4c, 0x29, 0x20, 0x2a, 0x2f, 0xd, 0xa, 0x2e, 0x67, 
	0x61, 0x75, 0x67, 0x65, 0x53, 0x76, 0x67, 0x7b, 0xd, 0xa, 
	0x20, 0x20, 0x77, 0x69, 0x64, 0x74, 0x68, 0x3a, 0x20, 0x6d, 
	0x69, 0x6e, 0x28, 0x33, 0x32, 0x30, 0x70, 0x78, 0x2c, 0x20, 
	0x31, 0x30, 0x30, 0x25, 0x29, 0x3b, 0xd, 0xa, 0x20, 0x20, 
	0x68, 0x65, 0x69, 0x67, 0x68, 0x74, 0x3a, 0x20, 0x61, 0x75, 
	0x74, 0x6f, 0x3b, 0xd, 0xa, 0x20, 0x20, 0x64, 0x69, 0x73, 
	0x70, 0x6c, 0x61, 0x79, 0x3a, 0x20, 0x62, 0x6c, 0x6f, 0x63, 
	0x6b, 0x3b, 0xd, 0xa, 0x7d, 0xd, 0xa, 0xd, 0xa, 0x2e, 
	0x62, 0x69, 0x67, 0x7b, 0xd, 0xa, 0x20, 0x20, 0x74, 0x65, 
	0x78, 0x74, 0x2d, 0x61, 0x6c, 0x69, 0x67, 0x6e, 0x3a, 0x20, 
	0x63, 0x65, 0x6e, 0x74, 0x65, 0x72, 0x3b, 0xd, 0xa, 0x20, 
	0x20, 0x6d, 0x61, 0x72, 0x67, 0x69, 0x6e, 0x2d, 0x74, 0x6f, 
	0x70, 0x3a, 0x20, 0x2d, 0x36, 0x70, 0x78, 0x3b, 0xd, 0xa, 
	0xd, 0xa, 0x20, 0x20, 0x66, 0x6f, 0x6e, 0x74, 0x2d, 0x73, 
	0x69, 0x7a, 0x65, 0x3a, 0x20, 0x34, 0x34, 0x70, 0x78, 0x3b, 
	0xd, 0xa, 0x20, 0x20, 0x66, 0x6f, 0x6e, 0x74, 0x2d, 0x77, 
	0x65, 0x69, 0x67, 0x68, 0x74, 0x3a, 0x20, 0x37, 0x35, 0x30, 
	0x3b, 0xd, 0xa, 0x20, 0x20, 0x6c, 0x65, 0x74, 0x74, 0x65, 
	0x72, 0x2d, 0x73, 0x70, 0x61, 0x63, 0x69, 0x6e, 0x67, 0x3a, 
	0x20, 0x2d, 0x2e, 0x38, 0x70, 0x78, 0x3b, 0xd, 0xa, 0x20, 
	0x20, 0x6c, 0x69, 0x6e, 0x65, 0x2d, 0x68, 0x65, 0x69, 0x67, 
	0x68, 0x74, 0x3a, 0x20, 0x31, 0x2e, 0x30, 0x35, 0x3b, 0xd, 
	0xa, 0x7d, 0xd, 0xa, 0xd, 0xa, 0x2e, 0x75, 0x6e, 0x69, 
	0x74, 0x7b, 0xd, 0xa, 0x20, 0x20, 0x66, 0x6f, 0x6e, 0x74, 
	0x2d, 0x73, 0x69, 0x7a, 0x65, 0x3a, 0x20, 0x31, 0x36, 0x70, 
	0x78, 0x3b, 0xd, 0xa, 0x20, 0x20, 0x63, 0x6f, 0x6c, 0x6f, 
	0x72, 0x3a, 0x20, 0x76, 0x61, 0x72, 0x28, 0x2d, 0x2d, 0x6d, 
	0x75, 0x74, 0x65, 0x64, 0x29, 0x3b, 0xd, 0xa, 0x20, 0x20, 
	0x66, 0x6f, 0x6e, 0x74, 0x2d, 0x77, 0x65, 0x69, 0x67, 0x68, 
	0x74, 0x3a, 0x20, 0x36, 0x30, 0x30, 0x3b, 0xd, 0xa, 0x20, 
	0x20, 0x6d, 0x61, 0x72, 0x67, 0x69, 0x6e, 0x2d, 0x6c, 0x65, 
	0x66, 0x74, 0x3a, 0x20, 0x36, 0x70, 0x78, 0x3b, 0xd, 0xa, 
	0x7d, 0xd, 0xa, 0xd, 0xa, 0x2e, 0x73, 0x6d, 0x61, 0x6c, 
	0x6c, 0x7b, 0xd, 0xa, 0x20, 0x20, 0x74, 0x65, 0x78, 0x74, 
	0x2d, 0x61, 0x6c, 0x69, 0x67, 0x6e, 0x3a, 0x20, 0x63, 0x65, 
	0x6e, 0x74, 0x65, 0x72, 0x3b, 0xd, 0xa, 0x20, 0x20, 0x63, 
	0x6f, 0x6c, 0x6f, 0x72, 0x3a, 0x20, 0x76, 0x61, 0x72, 0x28, 
	0x2d, 0x2d, 0x6d, 0x75, 0x74, 0x65, 0x64, 0x29, 0x3b, 0xd, 
	0xa, 0x20, 0x20, 0x6d, 0x61, 0x72, 0x67, 0x69, 0x6e, 0x2d, 
	0x74, 0x6f, 0x70, 0x3a, 0x20, 0x32, 0x70, 0x78, 0x3b, 0xd, 
	0xa, 0x20, 0x20, 0x66, 0x6f, 0x6e, 0x74, 0x2d, 0x73, 0x69, 
	0x7a, 0x65, 0x3a, 0x20, 0x31, 0x33, 0x70, 0x78, 0x3b, 0xd, 
	0xa, 0x7d, 0xd, 0xa, 0xd, 0xa, 0x2f, 0x2a, 0x20, 0x55, 
	0x74, 0x69, 0x6c, 0x69, 0x74, 0x79, 0x3a, 0x20, 0x6d, 0x6f, 
	0x6e, 0x6f, 0x73, 0x70, 0x61, 0x63, 0x65, 0x64, 0x20, 0x74, 
	0x65, 0x78, 0x74, 0x20, 0x28, 0x65, 0x2e, 0x67, 0x2e, 0x20, 
	0x66, 0x6f, 0x72, 0x20, 0x72, 0x61, 0x6e, 0x67, 0x65, 0x73, 
	0x2f, 0x62, 0x61, 0x64, 0x67, 0x65, 0x73, 0x29, 0x20, 0x2a, 
	0x2f, 0xd, 0xa, 0x2e, 0x6d, 0x6f, 0x6e, 0x6f, 0x7b, 0xd, 
	0xa, 0x20, 0x20, 0x66, 0x6f, 0x6e, 0x74, 0x2d, 0x66, 0x61, 
	0x6d, 0x69, 0x6c, 0x79, 0x3a, 0x20, 0x75, 0x69, 0x2d, 0x6d, 
	0x6f, 0x6e, 0x6f, 0x73, 0x70, 0x61, 0x63, 0x65, 0x2c, 0x20, 
	0x53, 0x46, 0x4d, 0x6f, 0x6e, 0x6f, 0x2d, 0x52, 0x65, 0x67, 
	0x75, 0x6c, 0x61, 0x72, 0x2c, 0x20, 0x4d, 0x65, 0x6e, 0x6c, 
	0x6f, 0x2c, 0x20, 0x43, 0x6f, 0x6e, 0x73, 0x6f, 0x6c, 0x61, 
	0x73, 0x2c, 0x20, 0x6d, 0x6f, 0x6e, 0x6f, 0x73, 0x70, 0x61, 
	0x63, 0x65, 0x3b, 0xd, 0xa, 0x7d, };

static const unsigned char data_style_loginform_css[] = {
	/* /style_loginform.css */
	0x2f, 0x73, 0x74, 0x79, 0x6c, 0x65, 0x5f, 0x6c, 0x6f, 0x67, 0x69, 0x6e, 0x66, 0x6f, 0x72, 0x6d, 0x2e, 0x63, 0x73, 0x73, 0,
	0x48, 0x54, 0x54, 0x50, 0x2f, 0x31, 0x2e, 0x30, 0x20, 0x32, 
	0x30, 0x30, 0x20, 0x4f, 0x4b, 0xd, 0xa, 0x53, 0x65, 0x72, 
	0x76, 0x65, 0x72, 0x3a, 0x20, 0x6c, 0x77, 0x49, 0x50, 0x2f, 
	0x70, 0x72, 0x65, 0x2d, 0x30, 0x2e, 0x36, 0x20, 0x28, 0x68, 
	0x74, 0x74, 0x70, 0x3a, 0x2f, 0x2f, 0x77, 0x77, 0x77, 0x2e, 
	0x73, 0x69, 0x63, 0x73, 0x2e, 0x73, 0x65, 0x2f, 0x7e, 0x61, 
	0x64, 0x61, 0x6d, 0x2f, 0x6c, 0x77, 0x69, 0x70, 0x2f, 0x29, 
	0xd, 0xa, 0x43, 0x6f, 0x6e, 0x74, 0x65, 0x6e, 0x74, 0x2d, 
	0x74, 0x79, 0x70, 0x65, 0x3a, 0x20, 0x74, 0x65, 0x78, 0x74, 
	0x2f, 0x63, 0x73, 0x73, 0xd, 0xa, 0xd, 0xa, 0x2f, 0x2a, 
	0x2a, 0xd, 0xa, 0x20, 0x2a, 0x20, 0x73, 0x74, 0x79, 0x6c, 
	0x65, 0x5f, 0x6c, 0x6f, 0x67, 0x69, 0x6e, 0x66, 0x6f, 0x72, 
	0x6d, 0x2e, 0x63, 0x73, 0x73, 0xd, 0xa, 0x20, 0x2a, 0xd, 
	0xa, 0x20, 0x2a, 0x20, 0x53, 0x74, 0x79, 0x6c, 0x65, 0x73, 
	0x20, 0x66, 0x6f, 0x72, 0x20, 0x74, 0x68, 0x65, 0x20, 0x6c, 
	0x6f, 0x67, 0x69, 0x6e, 0x20, 0x70, 0x61, 0x67, 0x65, 0x20, 
	0x75, 0x73, 0x65, 0x64, 0x20, 0x62, 0x79, 0x20, 0x74, 0x68, 
	0x65, 0x20, 0x53, 0x54, 0x4d, 0x33, 0x32, 0x20, 0x65, 0x6d, 
	0x62, 0x65, 0x64, 0x64, 0x65, 0x64, 0x20, 0x77, 0x65, 0x62, 
	0x20, 0x69, 0x6e, 0x74, 0x65, 0x72, 0x66, 0x61, 0x63, 0x65, 
	0x2e, 0xd, 0xa, 0x20, 0x2a, 0xd, 0xa, 0x20, 0x2a, 0x20, 
	0x54, 0x68, 0x65, 0x20, 0x6c, 0x61, 0x79, 0x6f, 0x75, 0x74, 
	0x20, 0x63, 0x65, 0x6e, 0x74, 0x65, 0x72, 0x73, 0x20, 0x61, 
	0x20, 0x63, 0x61, 0x72, 0x64, 0x2d, 0x62, 0x61, 0x73, 0x65, 
	0x64, 0x20, 0x6c, 0x6f, 0x67, 0x69, 0x6e, 0x20, 0x66, 0x6f, 
	0x72, 0x6d, 0x20, 0x63, 0x6f, 0x6e, 0x74, 0x61, 0x69, 0x6e, 
	0x69, 0x6e, 0x67, 0x20, 0x75, 0x73, 0x65, 0x72, 0x6e, 0x61, 
	0x6d, 0x65, 0x20, 0x61, 0x6e, 0x64, 0xd, 0xa, 0x20, 0x2a, 
	0x20, 0x70, 0x61, 0x73, 0x73, 0x77, 0x6f, 0x72, 0x64, 0x20, 
	0x69, 0x6e, 0x70, 0x75, 0x74, 0x73, 0x20, 0x61, 0x6c, 0x6f, 
	0x6e, 0x67, 0x20, 0x77, 0x69, 0x74, 0x68, 0x20, 0x61, 0x20, 
	0x73, 0x75, 0x62, 0x6d, 0x69, 0x74, 0x20, 0x62, 0x75, 0x74, 
	0x74, 0x6f, 0x6e, 0x2e, 0x20, 0x54, 0x68, 0x65, 0x20, 0x76, 
	0x69, 0x73, 0x75, 0x61, 0x6c, 0x20, 0x73, 0x74, 0x79, 0x6c, 
	0x65, 0x20, 0x66, 0x6f, 0x6c, 0x6c, 0x6f, 0x77, 0x73, 0xd, 
	0xa, 0x20, 0x2a, 0x20, 0x74, 0x68, 0x65, 0x20, 0x73, 0x61, 
	0x6d, 0x65, 0x20, 0x64, 0x61, 0x72, 0x6b, 0x20, 0x74, 0x68, 
	0x65, 0x6d, 0x65, 0x20, 0x75, 0x73, 0x65, 0x64, 0x20, 0x61, 
	0x63, 0x72, 0x6f, 0x73, 0x73, 0x20, 0x74, 0x68, 0x65, 0x20, 
	0x64, 0x61, 0x73, 0x68, 0x62, 0x6f, 0x61, 0x72, 0x64, 0x20, 
	0x61, 0x6e, 0x64, 0x20, 0x73, 0x65, 0x74, 0x74, 0x69, 0x6e, 
	0x67, 0x73, 0x20, 0x70, 0x61, 0x67, 0x65, 0x73, 0x2e, 0xd, 
	0xa, 0x20, 0x2a, 0xd, 0xa, 0x20, 0x2a, 0x20, 0x52, 0x65, 
	0x73, 0x70, 0x6f, 0x6e, 0x73, 0x69, 0x62, 0x69, 0x6c, 0x69, 
	0x74, 0x69, 0x65, 0x73, 0x20, 0x6f, 0x66, 0x20, 0x74, 0x68, 
	0x69, 0x73, 0x20, 0x73, 0x74, 0x79, 0x6c, 0x65, 0x73, 0x68, 
	0x65, 0x65, 0x74, 0x3a, 0xd, 0xa, 0x20, 0x2a, 0x20, 0x2d, 
	0x20, 0x43, 0x65, 0x6e, 0x74, 0x65, 0x72, 0x20, 0x74, 0x68, 
	0x65, 0x20, 0x6c, 0x6f, 0x67, 0x69, 0x6e, 0x20, 0x63, 0x61, 
	0x72, 0x64, 0x20, 0x6f, 0x6e, 0x20, 0x74, 0x68, 0x65, 0x20, 
	0x70, 0x61, 0x67, 0x65, 0xd, 0xa, 0x20, 0x2a, 0x20, 0x2d, 
	0x20, 0x44, 0x65, 0x66, 0x69, 0x6e, 0x65, 0x20, 0x74, 0x68, 
	0x65, 0x20, 0x76, 0x69, 0x73, 0x75, 0x61, 0x6c, 0x20, 0x61, 
	0x70, 0x70, 0x65, 0x61, 0x72, 0x61, 0x6e, 0x63, 0x65, 0x20, 
	0x6f, 0x66, 0x20, 0x74, 0x68, 0x65, 0x20, 0x6c, 0x6f, 0x67, 
	0x69, 0x6e, 0x20, 0x66, 0x6f, 0x72, 0x6d, 0xd, 0xa, 0x20, 
	0x2a, 0x20, 0x2d, 0x20, 0x53, 0x74, 0x79, 0x6c, 0x65, 0x20, 
	0x69, 0x6e, 0x70, 0x75, 0x74, 0x20, 0x66, 0x69, 0x65, 0x6c, 
	0x64, 0x73, 0x20, 0x61, 0x6e, 0x64, 0x20, 0x69, 0x6e, 0x74, 
	0x65, 0x72, 0x61, 0x63, 0x74, 0x69, 0x76, 0x65, 0x20, 0x73, 
	0x74, 0x61, 0x74, 0x65, 0x73, 0x20, 0x28, 0x66, 0x6f, 0x63, 
	0x75, 0x73, 0x2f, 0x68, 0x6f, 0x76, 0x65, 0x72, 0x29, 0xd, 
	0xa, 0x20, 0x2a, 0x20, 0x2d, 0x20, 0x50, 0x72, 0x6f, 0x76, 
	0x69, 0x64, 0x65, 0x20, 0x61, 0x20, 0x73, 0x74, 0x79, 0x6c, 
	0x65, 0x64, 0x20, 0x73, 0x75, 0x62, 0x6d, 0x69, 0x74, 0x20, 
	0x62, 0x75, 0x74, 0x74, 0x6f, 0x6e, 0xd, 0xa, 0x20, 0x2a, 
	0x20, 0x2d, 0x20, 0x44, 0x69, 0x73, 0x70, 0x6c, 0x61, 0x79, 
	0x20, 0x6c, 0x6f, 0x67, 0x69, 0x6e, 0x20, 0x65, 0x72, 0x72, 
	0x6f, 0x72, 0x20, 0x6d, 0x65, 0x73, 0x73, 0x61, 0x67, 0x65, 
	0x73, 0xd, 0xa, 0x20, 0x2a, 0xd, 0xa, 0x20, 0x2a, 0x20, 
	0x54, 0x68, 0x69, 0x73, 0x20, 0x66, 0x69, 0x6c, 0x65, 0x20, 
	0x63, 0x6f, 0x6e, 0x74, 0x61, 0x69, 0x6e, 0x73, 0x20, 0x6f, 
	0x6e, 0x6c, 0x79, 0x20, 0x73, 0x74, 0x79, 0x6c, 0x65, 0x73, 
	0x20, 0x72, 0x65, 0x71, 0x75, 0x69, 0x72, 0x65, 0x64, 0x20, 
	0x62, 0x79, 0x20, 0x74, 0x68, 0x65, 0x20, 0x6c, 0x6f, 0x67, 
	0x69, 0x6e, 0x20, 0x70, 0x61, 0x67, 0x65, 0x2e, 0xd, 0xa, 
	0x20, 0x2a, 0x20, 0x55, 0x6e, 0x75, 0x73, 0x65, 0x64, 0x20, 
	0x63, 0x6f, 0x6d, 0x70, 0x6f, 0x6e, 0x65, 0x6e, 0x74, 0x73, 
	0x20, 0x77, 0x65, 0x72, 0x65, 0x20, 0x69, 0x6e, 0x74, 0x65, 
	0x6e, 0x74, 0x69, 0x6f, 0x6e, 0x61, 0x6c, 0x6c, 0x79, 0x20, 
	0x72, 0x65, 0x6d, 0x6f, 0x76, 0x65, 0x64, 0x20, 0x74, 0x6f, 
	0x20, 0x6b, 0x65, 0x65, 0x70, 0x20, 0x74, 0x68, 0x65, 0x20, 
	0x63, 0x6f, 0x64, 0x65, 0x62, 0x61, 0x73, 0x65, 0xd, 0xa, 
	0x20, 0x2a, 0x20, 0x6d, 0x69, 0x6e, 0x69, 0x6d, 0x61, 0x6c, 
	0x20, 0x61, 0x6e, 0x64, 0x20, 0x63, 0x6c, 0x65, 0x61, 0x72, 
	0x20, 0x66, 0x6f, 0x72, 0x20, 0x6d, 0x61, 0x69, 0x6e, 0x74, 
	0x65, 0x6e, 0x61, 0x6e, 0x63, 0x65, 0x20, 0x61, 0x6e, 0x64, 
	0x20, 0x70, 0x6f, 0x72, 0x74, 0x66, 0x6f, 0x6c, 0x69, 0x6f, 
	0x20, 0x70, 0x72, 0x65, 0x73, 0x65, 0x6e, 0x74, 0x61, 0x74, 
	0x69, 0x6f, 0x6e, 0x2e, 0xd, 0xa, 0x20, 0x2a, 0x2f, 0xd, 
	0xa, 0xd, 0xa, 0x20, 0x62, 0x6f, 0x64, 0x79, 0x7b, 0xd, 
	0xa, 0x20, 0x20, 0x6d, 0x61, 0x72, 0x67, 0x69, 0x6e, 0x3a, 
	0x30, 0x3b, 0xd, 0xa, 0x20, 0x20, 0x6d, 0x69, 0x6e, 0x2d, 
	0x68, 0x65, 0x69, 0x67, 0x68, 0x74, 0x3a, 0x31, 0x30, 0x30, 
	0x76, 0x68, 0x3b, 0xd, 0xa, 0x20, 0x20, 0x63, 0x6f, 0x6c, 
	0x6f, 0x72, 0x3a, 0x76, 0x61, 0x72, 0x28, 0x2d, 0x2d, 0x74, 
	0x65, 0x78, 0x74, 0x29, 0x3b, 0xd, 0xa, 0xd, 0xa, 0x20, 
	0x20, 0x66, 0x6f, 0x6e, 0x74, 0x2d, 0x66, 0x61, 0x6d, 0x69, 
	0x6c, 0x79, 0x3a, 0x20, 0x75, 0x69, 0x2d, 0x73, 0x61, 0x6e, 
	0x73, 0x2d, 0x73, 0x65, 0x72, 0x69, 0x66, 0x2c, 0x20, 0x73, 
	0x79, 0x73, 0x74, 0x65, 0x6d, 0x2d, 0x75, 0x69, 0x2c, 0x20, 
	0x2d, 0x61, 0x70, 0x70, 0x6c, 0x65, 0x2d, 0x73, 0x79, 0x73, 
	0x74, 0x65, 0x6d, 0x2c, 0x20, 0x53, 0x65, 0x67, 0x6f, 0x65, 
	0x20, 0x55, 0x49, 0x2c, 0x20, 0x52, 0x6f, 0x62, 0x6f, 0x74, 
	0x6f, 0x2c, 0x20, 0x41, 0x72, 0x69, 0x61, 0x6c, 0x3b, 0xd, 
	0xa, 0xd, 0xa, 0x20, 0x20, 0x62, 0x61, 0x63, 0x6b, 0x67, 
	0x72, 0x6f, 0x75, 0x6e, 0x64, 0x3a, 0xd, 0xa, 0x20, 0x20, 
	0x20, 0x20, 0x72, 0x61, 0x64, 0x69, 0x61, 0x6c, 0x2d, 0x67, 
	0x72, 0x61, 0x64, 0x69, 0x65, 0x6e, 0x74, 0x28, 0x31, 0x32, 
	0x30, 0x30, 0x70, 0x78, 0x20, 0x36, 0x30, 0x30, 0x70, 0x78, 
	0x20, 0x61, 0x74, 0x20, 0x32, 0x30, 0x25, 0x20, 0x31, 0x30, 
	0x25, 0x2c, 0x20, 0x23, 0x32, 0x33, 0x33, 0x30, 0x36, 0x62, 
	0x34, 0x34, 0x2c, 0x20, 0x74, 0x72, 0x61, 0x6e, 0x73, 0x70, 
	0x61, 0x72, 0x65, 0x6e, 0x74, 0x20, 0x36, 0x30, 0x25, 0x29, 
	0x2c, 0xd, 0xa, 0x20, 0x20, 0x20, 0x20, 0x72, 0x61, 0x64, 
	0x69, 0x61, 0x6c, 0x2d, 0x67, 0x72, 0x61, 0x64, 0x69, 0x65, 
	0x6e, 0x74, 0x28, 0x31, 0x30, 0x30, 0x30, 0x70, 0x78, 0x20, 
	0x35, 0x30, 0x30, 0x70, 0x78, 0x20, 0x61, 0x74, 0x20, 0x39, 
	0x30, 0x25, 0x20, 0x32, 0x30, 0x25, 0x2c, 0x20, 0x23, 0x31, 
	0x63, 0x38, 0x61, 0x61, 0x35, 0x34, 0x34, 0x2c, 0x20, 0x74, 
	0x72, 0x61, 0x6e, 0x73, 0x70, 0x61, 0x72, 0x65, 0x6e, 0x74, 
	0x20, 0x36, 0x30, 0x25, 0x29, 0x2c, 0xd, 0xa, 0x20, 0x20, 
	0x20, 0x20, 0x6c, 0x69, 0x6e, 0x65, 0x61, 0x72, 0x2d, 0x67, 
	0x72, 0x61, 0x64, 0x69, 0x65, 0x6e, 0x74, 0x28, 0x31, 0x38, 
	0x30, 0x64, 0x65, 0x67, 0x2c, 0x20, 0x76, 0x61, 0x72, 0x28, 
	0x2d, 0x2d, 0x62, 0x67, 0x31, 0x29, 0x2c, 0x20, 0x76, 0x61, 
	0x72, 0x28, 0x2d, 0x2d, 0x62, 0x67, 0x32, 0x29, 0x29, 0x3b, 
	0xd, 0xa, 0xd, 0xa, 0x20, 0x20, 0x64, 0x69, 0x73, 0x70, 
	0x6c, 0x61, 0x79, 0x3a, 0x66, 0x6c, 0x65, 0x78, 0x3b, 0xd, 
	0xa, 0x20, 0x20, 0x61, 0x6c, 0x69, 0x67, 0x6e, 0x2d, 0x69, 
	0x74, 0x65, 0x6d, 0x73, 0x3a, 0x63, 0x65, 0x6e, 0x74, 0x65, 
	0x72, 0x3b, 0xd, 0xa, 0x20, 0x20, 0x6a, 0x75, 0x73, 0x74, 
	0x69, 0x66, 0x79, 0x2d, 0x63, 0x6f, 0x6e, 0x74, 0x65, 0x6e, 
	0x74, 0x3a, 0x63, 0x65, 0x6e, 0x74, 0x65, 0x72, 0x3b, 0xd, 
	0xa, 0xd, 0xa, 0x20, 0x20, 0x70, 0x61, 0x64, 0x64, 0x69, 
	0x6e, 0x67, 0x3a, 0x32, 0x34, 0x70, 0x78, 0x3b, 0x20, 0x20, 
	0x20, 0x2f, 0x2a, 0x20, 0x74, 0x79, 0x6c, 0x6b, 0x6f, 0x20, 
	0x6e, 0x6f, 0x72, 0x6d, 0x61, 0x6c, 0x6e, 0x79, 0x20, 0x70, 
	0x61, 0x64, 0x64, 0x69, 0x6e, 0x67, 0x20, 0x2a, 0x2f, 0xd, 
	0xa, 0x7d, 0xd, 0xa, 0xd, 0xa, 0x2f, 0x2a, 0x20, 0x3d, 
	0x3d, 0x3d, 0x3d, 0x3d, 0x3d, 0x3d, 0x3d, 0x3d, 0x3d, 0x3d, 
	0x3d, 0x3d, 0x3d, 0x3d, 0x3d, 0x3d, 0x3d, 0x3d, 0x3d, 0x3d, 
	0x3d, 0x3d, 0x3d, 0x3d, 0x3d, 0x3d, 0x3d, 0x3d, 0x3d, 0x3d, 
	0x3d, 0x3d, 0x3d, 0x3d, 0x3d, 0x3d, 0x3d, 0x3d, 0x3d, 0x3d, 
	0x3d, 0x3d, 0x3d, 0x3d, 0x3d, 0x3d, 0x3d, 0x3d, 0x3d, 0x3d, 
	0x3d, 0x3d, 0x3d, 0x3d, 0x3d, 0x3d, 0xd, 0xa, 0x20, 0x20, 
	0x20, 0x4c, 0x6f, 0x67, 0x69, 0x6e, 0x20, 0x50, 0x61, 0x67, 
	0x65, 0x20, 0x4c, 0x61, 0x79, 0x6f, 0x75, 0x74, 0xd, 0xa, 
	0x20, 0x20, 0x20, 0x3d, 0x3d, 0x3d, 0x3d, 0x3d, 0x3d, 0x3d, 
	0x3d, 0x3d, 0x3d, 0x3d, 0x3d, 0x3d, 0x3d, 0x3d, 0x3d, 0x3d, 
	0x3d, 0x3d, 0x3d, 0x3d, 0x3d, 0x3d, 0x3d, 0x3d, 0x3d, 0x3d, 
	0x3d, 0x3d, 0x3d, 0x3d, 0x3d, 0x3d, 0x3d, 0x3d, 0x3d, 0x3d, 
	0x3d, 0x3d, 0x3d, 0x3d, 0x3d, 0x3d, 0x3d, 0x3d, 0x3d, 0x3d, 
	0x3d, 0x3d, 0x3d, 0x3d, 0x3d, 0x3d, 0x3d, 0x3d, 0x3d, 0x3d, 
	0x20, 0x2a, 0x2f, 0xd, 0xa, 0xd, 0xa, 0x2f, 0x2a, 0x20, 
	0xd, 0xa, 0x20, 0x20, 0x20, 0x46, 0x75, 0x6c, 0x6c, 0x20, 
	0x70, 0x61, 0x67, 0x65, 0x20, 0x63, 0x6f, 0x6e, 0x74, 0x61, 
	0x69, 0x6e, 0x65, 0x72, 0x20, 0x75, 0x73, 0x65, 0x64, 0x20, 
	0x74, 0x6f, 0x20, 0x63, 0x65, 0x6e, 0x74, 0x65, 0x72, 0x20, 
	0x74, 0x68, 0x65, 0x20, 0x6c, 0x6f, 0x67, 0x69, 0x6e, 0x20, 
	0x63, 0x61, 0x72, 0x64, 0xd, 0xa, 0x20, 0x20, 0x20, 0x62, 
	0x6f, 0x74, 0x68, 0x20, 0x76, 0x65, 0x72, 0x74, 0x69, 0x63, 
	0x61, 0x6c, 0x6c, 0x79, 0x20, 0x61, 0x6e, 0x64, 0x20, 0x68, 
	0x6f, 0x72, 0x69, 0x7a, 0x6f, 0x6e, 0x74, 0x61, 0x6c, 0x6c, 
	0x79, 0x2e, 0xd, 0xa, 0x2a, 0x2f, 0xd, 0xa, 0x2e, 0x6c, 
	0x6f, 0x67, 0x69, 0x6e, 0x2d, 0x70, 0x61, 0x67, 0x65, 0x2d, 
	0x62, 0x67, 0x20, 0x7b, 0xd, 0xa, 0x20, 0x20, 0x68, 0x65, 
	0x69, 0x67, 0x68, 0x74, 0x3a, 0x20, 0x38, 0x30, 0x76, 0x68, 
	0x3b, 0xd, 0xa, 0x20, 0x20, 0x64, 0x69, 0x73, 0x70, 0x6c, 
	0x61, 0x79, 0x3a, 0x20, 0x66, 0x6c, 0x65, 0x78, 0x3b, 0xd, 
	0xa, 0x20, 0x20, 0x61, 0x6c, 0x69, 0x67, 0x6e, 0x2d, 0x69, 
	0x74, 0x65, 0x6d, 0x73, 0x3a, 0x20, 0x63, 0x65, 0x6e, 0x74, 
	0x65, 0x72, 0x3b, 0xd, 0xa, 0x20, 0x20, 0x6a, 0x75, 0x73, 
	0x74, 0x69, 0x66, 0x79, 0x2d, 0x63, 0x6f, 0x6e, 0x74, 0x65, 
	0x6e, 0x74, 0x3a, 0x20, 0x63, 0x65, 0x6e, 0x74, 0x65, 0x72, 
	0x3b, 0xd, 0xa, 0x7d, 0xd, 0xa, 0xd, 0xa, 0xd, 0xa, 
	0x2f, 0x2a, 0x20, 0x3d, 0x3d, 0x3d, 0x3d, 0x3d, 0x3d, 0x3d, 
	0x3d, 0x3d, 0x3d, 0x3d, 0x3d, 0x3d, 0x3d, 0x3d, 0x3d, 0x3d, 
	0x3d, 0x3d, 0x3d, 0x3d, 0x3d, 0x3d, 0x3d, 0x3d, 0x3d, 0x3d, 
	0x3d, 0x3d, 0x3d, 0x3d, 0x3d, 0x3d, 0x3d, 0x3d, 0x3d, 0x3d, 
	0x3d, 0x3d, 0x3d, 0x3d, 0x3d, 0x3d, 0x3d, 0x3d, 0x3d, 0x3d, 
	0x3d, 0x3d, 0x3d, 0x3d, 0x3d, 0x3d, 0x3d, 0x3d, 0x3d, 0x3d, 
	0xd, 0xa, 0x20, 0x20, 0x20, 0x4c, 0x6f, 0x67, 0x69, 0x6e, 
	0x20, 0x43, 0x61, 0x72, 0x64, 0xd, 0xa, 0x20, 0x20, 0x20, 
	0x3d, 0x3d, 0x3d, 0x3d, 0x3d, 0x3d, 0x3d, 0x3d, 0x3d, 0x3d, 
	0x3d, 0x3d, 0x3d, 0x3d, 0x3d, 0x3d, 0x3d, 0x3d, 0x3d, 0x3d, 
	0x3d, 0x3d, 0x3d, 0x3d, 0x3d, 0x3d, 0x3d, 0x3d, 0x3d, 0x3d, 
	0x3d, 0x3d, 0x3d, 0x3d, 0x3d, 0x3d, 0x3d, 0x3d, 0x3d, 0x3d, 
	0x3d, 0x3d, 0x3d, 0x3d, 0x3d, 0x3d, 0x3d, 0x3d, 0x3d, 0x3d, 
	0x3d, 0x3d, 0x3d, 0x3d, 0x3d, 0x3d, 0x3d, 0x20, 0x2a, 0x2f, 
	0xd, 0xa, 0xd, 0xa, 0x2f, 0x2a, 0xd, 0xa, 0x20, 0x20, 
	0x20, 0x4d, 0x61, 0x69, 0x6e, 0x20, 0x63, 0x6f, 0x6e, 0x74, 
	0x61, 0x69, 0x6e, 0x65, 0x72, 0x20, 0x66, 0x6f, 0x72, 0x20, 
	0x74, 0x68, 0x65, 0x20, 0x6c, 0x6f, 0x67, 0x69, 0x6e, 0x20, 
	0x66, 0x6f, 0x72, 0x6d, 0x2e, 0xd, 0xa, 0x20, 0x20, 0x20, 
	0x50, 0x72, 0x6f, 0x76, 0x69, 0x64, 0x65, 0x73, 0x20, 0x74, 
	0x68, 0x65, 0x20, 0x76, 0x69, 0x73, 0x75, 0x61, 0x6c, 0x20, 
	0x22, 0x63, 0x61, 0x72, 0x64, 0x22, 0x20, 0x73, 0x74, 0x79, 
	0x6c, 0x65, 0x2e, 0xd, 0xa, 0x2a, 0x2f, 0xd, 0xa, 0x2e, 
	0x6c, 0x6f, 0x67, 0x69, 0x6e, 0x2d, 0x62, 0x67, 0x20, 0x7b, 
	0xd, 0xa, 0x20, 0x20, 0x64, 0x69, 0x73, 0x70, 0x6c, 0x61, 
	0x79, 0x3a, 0x20, 0x66, 0x6c, 0x65, 0x78, 0x3b, 0xd, 0xa, 
	0x20, 0x20, 0x6a, 0x75, 0x73, 0x74, 0x69, 0x66, 0x79, 0x2d, 
	0x63, 0x6f, 0x6e, 0x74, 0x65, 0x6e, 0x74, 0x3a, 0x20, 0x63, 
	0x65, 0x6e, 0x74, 0x65, 0x72, 0x3b, 0xd, 0xa, 0x20, 0x20, 
	0x66, 0x6c, 0x65, 0x78, 0x2d, 0x64, 0x69, 0x72, 0x65, 0x63, 
	0x74, 0x69, 0x6f, 0x6e, 0x3a, 0x20, 0x63, 0x6f, 0x6c, 0x75, 
	0x6d, 0x6e, 0x3b, 0xd, 0xa, 0x20, 0x20, 0x70, 0x6f, 0x73, 
	0x69, 0x74, 0x69, 0x6f, 0x6e, 0x3a, 0x20, 0x72, 0x65, 0x6c, 
	0x61, 0x74, 0x69, 0x76, 0x65, 0x3b, 0xd, 0xa, 0xd, 0xa, 
	0x20, 0x20, 0x77, 0x69, 0x64, 0x74, 0x68, 0x3a, 0x20, 0x35, 
	0x30, 0x30, 0x70, 0x78, 0x3b, 0xd, 0xa, 0x20, 0x20, 0x68, 
	0x65, 0x69, 0x67, 0x68, 0x74, 0x3a, 0x20, 0x35, 0x38, 0x30, 
	0x70, 0x78, 0x3b, 0xd, 0xa, 0xd, 0xa, 0x20, 0x20, 0x62, 
	0x6f, 0x72, 0x64, 0x65, 0x72, 0x2d, 0x72, 0x61, 0x64, 0x69, 
	0x75, 0x73, 0x3a, 0x20, 0x33, 0x30, 0x70, 0x78, 0x3b, 0xd, 
	0xa, 0xd, 0xa, 0x20, 0x20, 0x62, 0x61, 0x63, 0x6b, 0x67, 
	0x72, 0x6f, 0x75, 0x6e, 0x64, 0x3a, 0x20, 0x23, 0x31, 0x34, 
	0x31, 0x63, 0x33, 0x37, 0x3b, 0xd, 0xa, 0x20, 0x20, 0x62, 
	0x6f, 0x72, 0x64, 0x65, 0x72, 0x3a, 0x20, 0x31, 0x70, 0x78, 
	0x20, 0x73, 0x6f, 0x6c, 0x69, 0x64, 0x20, 0x23, 0x32, 0x61, 
	0x33, 0x35, 0x35, 0x66, 0x3b, 0xd, 0xa, 0x20, 0x20, 0x62, 
	0x6f, 0x78, 0x2d, 0x73, 0x68, 0x61, 0x64, 0x6f, 0x77, 0x3a, 
	0x20, 0x30, 0x20, 0x33, 0x30, 0x70, 0x78, 0x20, 0x38, 0x30, 
	0x70, 0x78, 0x20, 0x72, 0x67, 0x62, 0x61, 0x28, 0x30, 0x2c, 
	0x20, 0x30, 0x2c, 0x20, 0x30, 0x2c, 0x20, 0x30, 0x2e, 0x37, 
	0x29, 0x3b, 0xd, 0xa, 0x7d, 0xd, 0xa, 0xd, 0xa, 0xd, 
	0xa, 0x2f, 0x2a, 0x20, 0x3d, 0x3d, 0x3d, 0x3d, 0x3d, 0x3d, 
	0x3d, 0x3d, 0x3d, 0x3d, 0x3d, 0x3d, 0x3d, 0x3d, 0x3d, 0x3d, 
	0x3d, 0x3d, 0x3d, 0x3d, 0x3d, 0x3d, 0x3d, 0x3d, 0x3d, 0x3d, 
	0x3d, 0x3d, 0x3d, 0x3d, 0x3d, 0x3d, 0x3d, 0x3d, 0x3d, 0x3d, 
	0x3d, 0x3d, 0x3d, 0x3d, 0x3d, 0x3d, 0x3d, 0x3d, 0x3d, 0x3d, 
	0x3d, 0x3d, 0x3d, 0x3d, 0x3d, 0x3d, 0x3d, 0x3d, 0x3d, 0x3d, 
	0x3d, 0xd, 0xa, 0x20, 0x20, 0x20, 0x49, 0x6e, 0x6e, 0x65, 
	0x72, 0x20, 0x46, 0x6f, 0x72, 0x6d, 0x20, 0x43, 0x6f, 0x6e, 
	0x74, 0x61, 0x69, 0x6e, 0x65, 0x72, 0xd, 0xa, 0x20, 0x20, 
	0x20, 0x3d, 0x3d, 0x3d, 0x3d, 0x3d, 0x3d, 0x3d, 0x3d, 0x3d, 
	0x3d, 0x3d, 0x3d, 0x3d, 0x3d, 0x3d, 0x3d, 0x3d, 0x3d, 0x3d, 
	0x3d, 0x3d, 0x3d, 0x3d, 0x3d, 0x3d, 0x3d, 0x3d, 0x3d, 0x3d, 
	0x3d, 0x3d, 0x3d, 0x3d, 0x3d, 0x3d, 0x3d, 0x3d, 0x3d, 0x3d, 
	0x3d, 0x3d, 0x3d, 0x3d, 0x3d, 0x3d, 0x3d, 0x3d, 0x3d, 0x3d, 
	0x3d, 0x3d, 0x3d, 0x3d, 0x3d, 0x3d, 0x3d, 0x3d, 0x20, 0x2a, 
	0x2f, 0xd, 0xa, 0xd, 0xa, 0x2f, 0x2a, 0xd, 0xa, 0x20, 
	0x20, 0x20, 0x50, 0x6f, 0x73, 0x69, 0x74, 0x69, 0x6f, 0x6e, 
	0x73, 0x20, 0x74, 0x68, 0x65, 0x20, 0x66, 0x6f, 0x72, 0x6d, 
	0x20, 0x69, 0x6e, 0x73, 0x69, 0x64, 0x65, 0x20, 0x74, 0x68, 
	0x65, 0x20, 0x63, 0x61, 0x72, 0x64, 0x20, 0x61, 0x6e, 0x64, 
	0x20, 0x6b, 0x65, 0x65, 0x70, 0x73, 0x20, 0x69, 0x74, 0x20, 
	0x63, 0x65, 0x6e, 0x74, 0x65, 0x72, 0x65, 0x64, 0x2e, 0xd, 
	0xa, 0x2a, 0x2f, 0xd, 0xa, 0x2e, 0x6c, 0x6f, 0x67, 0x69, 
	0x6e, 0x2d, 0x62, 0x6f, 0x78, 0x20, 0x7b, 0xd, 0xa, 0x20, 
	0x20, 0x70, 0x6f, 0x73, 0x69, 0x74, 0x69, 0x6f, 0x6e, 0x3a, 
	0x20, 0x61, 0x62, 0x73, 0x6f, 0x6c, 0x75, 0x74, 0x65, 0x3b, 
	0xd, 0xa, 0x20, 0x20, 0x77, 0x69, 0x64, 0x74, 0x68, 0x3a, 
	0x20, 0x34, 0x34, 0x30, 0x70, 0x78, 0x3b, 0xd, 0xa, 0xd, 
	0xa, 0x20, 0x20, 0x74, 0x6f, 0x70, 0x3a, 0x20, 0x35, 0x30, 
	0x25, 0x3b, 0xd, 0xa, 0x20, 0x20, 0x6c, 0x65, 0x66, 0x74, 
	0x3a, 0x20, 0x35, 0x30, 0x25, 0x3b, 0xd, 0xa, 0x20, 0x20, 
	0x6d, 0x61, 0x72, 0x67, 0x69, 0x6e, 0x2d, 0x72, 0x69, 0x67, 
	0x68, 0x74, 0x3a, 0x20, 0x2d, 0x35, 0x30, 0x25, 0x3b, 0xd, 
	0xa, 0xd, 0xa, 0x20, 0x20, 0x74, 0x72, 0x61, 0x6e, 0x73, 
	0x66, 0x6f, 0x72, 0x6d, 0x3a, 0x20, 0x74, 0x72, 0x61, 0x6e, 
	0x73, 0x6c, 0x61, 0x74, 0x65, 0x28, 0x2d, 0x35, 0x30, 0x25, 
	0x2c, 0x20, 0x2d, 0x35, 0x30, 0x25, 0x29, 0x3b, 0xd, 0xa, 
	0x7d, 0xd, 0xa, 0xd, 0xa, 0xd, 0xa, 0x2f, 0x2a, 0x20, 
	0x3d, 0x3d, 0x3d, 0x3d, 0x3d, 0x3d, 0x3d, 0x3d, 0x3d, 0x3d, 
	0x3d, 0x3d, 0x3d, 0x3d, 0x3d, 0x3d, 0x3d, 0x3d, 0x3d, 0x3d, 
	0x3d, 0x3d, 0x3d, 0x3d, 0x3d, 0x3d, 0x3d, 0x3d, 0x3d, 0x3d, 
	0x3d, 0x3d, 0x3d, 0x3d, 0x3d, 0x3d, 0x3d, 0x3d, 0x3d, 0x3d, 
	0x3d, 0x3d, 0x3d, 0x3d, 0x3d, 0x3d, 0x3d, 0x3d, 0x3d, 0x3d, 
	0x3d, 0x3d, 0x3d, 0x3d, 0x3d, 0x3d, 0x3d, 0xd, 0xa, 0x20, 
	0x20, 0x20, 0x48, 0x65, 0x61, 0x64, 0x65, 0x72, 0xd, 0xa, 
	0x20, 0x20, 0x20, 0x3d, 0x3d, 0x3d, 0x3d, 0x3d, 0x3d, 0x3d, 
	0x3d, 0x3d, 0x3d, 0x3d, 0x3d, 0x3d, 0x3d, 0x3d, 0x3d, 0x3d, 
	0x3d, 0x3d, 0x3d, 0x3d, 0x3d, 0x3d, 0x3d, 0x3d, 0x3d, 0x3d, 
	0x3d, 0x3d, 0x3d, 0x3d, 0x3d, 0x3d, 0x3d, 0x3d, 0x3d, 0x3d, 
	0x3d, 0x3d, 0x3d, 0x3d, 0x3d, 0x3d, 0x3d, 0x3d, 0x3d, 0x3d, 
	0x3d, 0x3d, 0x3d, 0x3d, 0x3d, 0x3d, 0x3d, 0x3d, 0x3d, 0x3d, 
	0x20, 0x2a, 0x2f, 0xd, 0xa, 0xd, 0xa, 0x2f, 0x2a, 0xd, 
	0xa, 0x20, 0x20, 0x20, 0x4c, 0x6f, 0x67, 0x69, 0x6e, 0x20, 
	0x74, 0x69, 0x74, 0x6c, 0x65, 0x20, 0x63, 0x6f, 0x6e, 0x74, 
	0x61, 0x69, 0x6e, 0x65, 0x72, 0x2e, 0xd, 0xa, 0x2a, 0x2f, 
	0xd, 0xa, 0x2e, 0x6c, 0x6f, 0x67, 0x69, 0x6e, 0x2d, 0x68, 
	0x65, 0x61, 0x64, 0x65, 0x72, 0x20, 0x7b, 0xd, 0xa, 0x20, 
	0x20, 0x74, 0x65, 0x78, 0x74, 0x2d, 0x61, 0x6c, 0x69, 0x67, 
	0x6e, 0x3a, 0x20, 0x63, 0x65, 0x6e, 0x74, 0x65, 0x72, 0x3b, 
	0xd, 0xa, 0x20, 0x20, 0x6d, 0x61, 0x72, 0x67, 0x69, 0x6e, 
	0x3a, 0x20, 0x32, 0x30, 0x70, 0x78, 0x20, 0x30, 0x20, 0x34, 
	0x30, 0x70, 0x78, 0x20, 0x30, 0x3b, 0xd, 0xa, 0x7d, 0xd, 
	0xa, 0xd, 0xa, 0x2f, 0x2a, 0xd, 0xa, 0x20, 0x20, 0x20, 
	0x4c, 0x6f, 0x67, 0x69, 0x6e, 0x20, 0x74, 0x69, 0x74, 0x6c, 
	0x65, 0x20, 0x74, 0x65, 0x78, 0x74, 0x2e, 0xd, 0xa, 0x2a, 
	0x2f, 0xd, 0xa, 0x2e, 0x6c, 0x6f, 0x67, 0x69, 0x6e, 0x2d, 
	0x68, 0x65, 0x61, 0x64, 0x65, 0x72, 0x20, 0x68, 0x65, 0x61, 
	0x64, 0x65, 0x72, 0x20, 0x7b, 0xd, 0xa, 0x20, 0x20, 0x63, 
	0x6f, 0x6c, 0x6f, 0x72, 0x3a, 0x20, 0x23, 0x65, 0x38, 0x65, 
	0x63, 0x66, 0x66, 0x3b, 0xd, 0xa, 0x20, 0x20, 0x66, 0x6f, 
	0x6e, 0x74, 0x2d, 0x73, 0x69, 0x7a, 0x65, 0x3a, 0x20, 0x33, 
	0x30, 0x70, 0x78, 0x3b, 0xd, 0xa, 0x20, 0x20, 0x66, 0x6f, 
	0x6e, 0x74, 0x2d, 0x77, 0x65, 0x69, 0x67, 0x68, 0x74, 0x3a, 
	0x20, 0x36, 0x30, 0x30, 0x3b, 0xd, 0xa, 0x7d, 0xd, 0xa, 
	0xd, 0xa, 0xd, 0xa, 0x2f, 0x2a, 0x20, 0x3d, 0x3d, 0x3d, 
	0x3d, 0x3d, 0x3d, 0x3d, 0x3d, 0x3d, 0x3d, 0x3d, 0x3d, 0x3d, 
	0x3d, 0x3d, 0x3d, 0x3d, 0x3d, 0x3d, 0x3d, 0x3d, 0x3d, 0x3d, 
	0x3d, 0x3d, 0x3d, 0x3d, 0x3d, 0x3d, 0x3d, 0x3d, 0x3d, 0x3d, 
	0x3d, 0x3d, 0x3d, 0x3d, 0x3d, 0x3d, 0x3d, 0x3d, 0x3d, 0x3d, 
	0x3d, 0x3d, 0x3d, 0x3d, 0x3d, 0x3d, 0x3d, 0x3d, 0x3d, 0x3d, 
	0x3d, 0x3d, 0x3d, 0x3d, 0xd, 0xa, 0x20, 0x20, 0x20, 0x49, 
	0x6e, 0x70, 0x75, 0x74, 0x20, 0x46, 0x69, 0x65, 0x6c, 0x64, 
	0x73, 0xd, 0xa, 0x20, 0x20, 0x20, 0x3d, 0x3d, 0x3d, 0x3d, 
	0x3d, 0x3d, 0x3d, 0x3d, 0x3d, 0x3d, 0x3d, 0x3d, 0x3d, 0x3d, 
	0x3d, 0x3d, 0x3d, 0x3d, 0x3d, 0x3d, 0x3d, 0x3d, 0x3d, 0x3d, 
	0x3d, 0x3d, 0x3d, 0x3d, 0x3d, 0x3d, 0x3d, 0x3d, 0x3d, 0x3d, 
	0x3d, 0x3d, 0x3d, 0x3d, 0x3d, 0x3d, 0x3d, 0x3d, 0x3d, 0x3d, 
	0x3d, 0x3d, 0x3d, 0x3d, 0x3d, 0x3d, 0x3d, 0x3d, 0x3d, 0x3d, 
	0x3d, 0x3d, 0x3d, 0x20, 0x2a, 0x2f, 0xd, 0xa, 0xd, 0xa, 
	0x2f, 0x2a, 0xd, 0xa, 0x20, 0x20, 0x20, 0x42, 0x61, 0x73, 
	0x65, 0x20, 0x73, 0x74, 0x79, 0x6c, 0x69, 0x6e, 0x67, 0x20, 
	0x66, 0x6f, 0x72, 0x20, 0x75, 0x73, 0x65, 0x72, 0x6e, 0x61, 
	0x6d, 0x65, 0x20, 0x61, 0x6e, 0x64, 0x20, 0x70, 0x61, 0x73, 
	0x73, 0x77, 0x6f, 0x72, 0x64, 0x20, 0x66, 0x69, 0x65, 0x6c, 
	0x64, 0x73, 0x2e, 0xd, 0xa, 0x2a, 0x2f, 0xd, 0xa, 0x2e, 
	0x69, 0x6e, 0x70, 0x75, 0x74, 0x2d, 0x62, 0x6f, 0x78, 0x20, 
	0x2e, 0x69, 0x6e, 0x70, 0x75, 0x74, 0x2d, 0x66, 0x69, 0x65, 
	0x6c, 0x64, 0x20, 0x7b, 0xd, 0xa, 0x20, 0x20, 0x77, 0x69, 
	0x64, 0x74, 0x68, 0x3a, 0x20, 0x31, 0x30, 0x30, 0x25, 0x3b, 
	0xd, 0xa, 0x20, 0x20, 0x68, 0x65, 0x69, 0x67, 0x68, 0x74, 
	0x3a, 0x20, 0x36, 0x30, 0x70, 0x78, 0x3b, 0xd, 0xa, 0xd, 
	0xa, 0x20, 0x20, 0x66, 0x6f, 0x6e, 0x74, 0x2d, 0x73, 0x69, 
	0x7a, 0x65, 0x3a, 0x20, 0x31, 0x37, 0x70, 0x78, 0x3b, 0xd, 
	0xa, 0x20, 0x20, 0x70, 0x61, 0x64, 0x64, 0x69, 0x6e, 0x67, 
	0x3a, 0x20, 0x30, 0x20, 0x32, 0x35, 0x70, 0x78, 0x3b, 0xd, 
	0xa, 0x20, 0x20, 0x6d, 0x61, 0x72, 0x67, 0x69, 0x6e, 0x2d, 
	0x62, 0x6f, 0x74, 0x74, 0x6f, 0x6d, 0x3a, 0x20, 0x31, 0x35, 
	0x70, 0x78, 0x3b, 0xd, 0xa, 0xd, 0xa, 0x20, 0x20, 0x62, 
	0x6f, 0x72, 0x64, 0x65, 0x72, 0x2d, 0x72, 0x61, 0x64, 0x69, 
	0x75, 0x73, 0x3a, 0x20, 0x33, 0x30, 0x70, 0x78, 0x3b, 0xd, 
	0xa, 0x20, 0x20, 0x62, 0x6f, 0x72, 0x64, 0x65, 0x72, 0x3a, 
	0x20, 0x6e, 0x6f, 0x6e, 0x65, 0x3b, 0xd, 0xa, 0xd, 0xa, 
	0x20, 0x20, 0x62, 0x6f, 0x78, 0x2d, 0x73, 0x68, 0x61, 0x64, 
	0x6f, 0x77, 0x3a, 0x20, 0x30, 0x70, 0x78, 0x20, 0x35, 0x70, 
	0x78, 0x20, 0x31, 0x30, 0x70, 0x78, 0x20, 0x31, 0x70, 0x78, 
	0x20, 0x72, 0x67, 0x62, 0x61, 0x28, 0x30, 0x2c, 0x20, 0x30, 
	0x2c, 0x20, 0x30, 0x2c, 0x20, 0x30, 0x2e, 0x30, 0x35, 0x29, 
	0x3b, 0xd, 0xa, 0xd, 0xa, 0x20, 0x20, 0x6f, 0x75, 0x74, 
	0x6c, 0x69, 0x6e, 0x65, 0x3a, 0x20, 0x6e, 0x6f, 0x6e, 0x65, 
	0x3b, 0xd, 0xa, 0x20, 0x20, 0x74, 0x72, 0x61, 0x6e, 0x73, 
	0x69, 0x74, 0x69, 0x6f, 0x6e, 0x3a, 0x20, 0x2e, 0x33, 0x73, 
	0x3b, 0xd, 0xa, 0xd, 0xa, 0x20, 0x20, 0x62, 0x61, 0x63, 
	0x6b, 0x67, 0x72, 0x6f, 0x75, 0x6e, 0x64, 0x3a, 0x20, 0x23, 
	0x30, 0x66, 0x31, 0x37, 0x33, 0x32, 0x3b, 0xd, 0xa, 0x20, 
	0x20, 0x62, 0x6f, 0x72, 0x64, 0x65, 0x72, 0x3a, 0x20, 0x31, 
	0x70, 0x78, 0x20, 0x73, 0x6f, 0x6c, 0x69, 0x64, 0x20, 0x23, 
	0x32, 0x61, 0x33, 0x35, 0x35, 0x66, 0x3b, 0xd, 0xa, 0x20, 
	0x20, 0x63, 0x6f, 0x6c, 0x6f, 0x72, 0x3a, 0x20, 0x23, 0x65, 
	0x38, 0x65, 0x63, 0x66, 0x66, 0x3b, 0xd, 0xa, 0x7d, 0xd, 
	0xa, 0xd, 0xa, 0xd, 0xa, 0x2f, 0x2a, 0xd, 0xa, 0x20, 
	0x20, 0x20, 0x50, 0x6c, 0x61, 0x63, 0x65, 0x68, 0x6f, 0x6c, 
	0x64, 0x65, 0x72, 0x20, 0x74, 0x65, 0x78, 0x74, 0x20, 0x73, 
	0x74, 0x79, 0x6c, 0x65, 0x2e, 0xd, 0xa, 0x2a, 0x2f, 0xd, 
	0xa, 0x3a, 0x3a, 0x70, 0x6c, 0x61, 0x63, 0x65, 0x68, 0x6f, 
	0x6c, 0x64, 0x65, 0x72, 0x20, 0x7b, 0xd, 0xa, 0x20, 0x20, 
	0x66, 0x6f, 0x6e, 0x74, 0x2d, 0x77, 0x65, 0x69, 0x67, 0x68, 
	0x74, 0x3a, 0x20, 0x35, 0x30, 0x30, 0x3b, 0xd, 0xa, 0x20, 
	0x20, 0x63, 0x6f, 0x6c, 0x6f, 0x72, 0x3a, 0x20, 0x23, 0x39, 
	0x61, 0x61, 0x36, 0x64, 0x31, 0x3b, 0xd, 0xa, 0x7d, 0xd, 
	0xa, 0xd, 0xa, 0xd, 0xa, 0x2f, 0x2a, 0xd, 0xa, 0x20, 
	0x20, 0x20, 0x53, 0x6c, 0x69, 0x67, 0x68, 0x74, 0x20, 0x65, 
	0x78, 0x70, 0x61, 0x6e, 0x64, 0x20, 0x61, 0x6e, 0x69, 0x6d, 
	0x61, 0x74, 0x69, 0x6f, 0x6e, 0x20, 0x77, 0x68, 0x65, 0x6e, 
	0x20, 0x66, 0x69, 0x65, 0x6c, 0x64, 0x20, 0x69, 0x73, 0x20, 
	0x66, 0x6f, 0x63, 0x75, 0x73, 0x65, 0x64, 0x2e, 0xd, 0xa, 
	0x2a, 0x2f, 0xd, 0xa, 0x2e, 0x69, 0x6e, 0x70, 0x75, 0x74, 
	0x2d, 0x66, 0x69, 0x65, 0x6c, 0x64, 0x3a, 0x66, 0x6f, 0x63, 
	0x75, 0x73, 0x20, 0x7b, 0xd, 0xa, 0x20, 0x20, 0x77, 0x69, 
	0x64, 0x74, 0x68, 0x3a, 0x20, 0x31, 0x30, 0x35, 0x25, 0x3b, 
	0xd, 0xa, 0x7d, 0xd, 0xa, 0xd, 0xa, 0xd, 0xa, 0x2f, 
	0x2a, 0x20, 0x3d, 0x3d, 0x3d, 0x3d, 0x3d, 0x3d, 0x3d, 0x3d, 
	0x3d, 0x3d, 0x3d, 0x3d, 0x3d, 0x3d, 0x3d, 0x3d, 0x3d, 0x3d, 
	0x3d, 0x3d, 0x3d, 0x3d, 0x3d, 0x3d, 0x3d, 0x3d, 0x3d, 0x3d, 
	0x3d, 0x3d, 0x3d, 0x3d, 0x3d, 0x3d, 0x3d, 0x3d, 0x3d, 0x3d, 
	0x3d, 0x3d, 0x3d, 0x3d, 0x3d, 0x3d, 0x3d, 0x3d, 0x3d, 0x3d, 
	0x3d, 0x3d, 0x3d, 0x3d, 0x3d, 0x3d, 0x3d, 0x3d, 0x3d, 0xd, 
	0xa, 0x20, 0x20, 0x20, 0x53, 0x75, 0x62, 0x6d, 0x69, 0x74, 
	0x20, 0x42, 0x75, 0x74, 0x74, 0x6f, 0x6e, 0xd, 0xa, 0x20, 
	0x20, 0x20, 0x3d, 0x3d, 0x3d, 0x3d, 0x3d, 0x3d, 0x3d, 0x3d, 
	0x3d, 0x3d, 0x3d, 0x3d, 0x3d, 0x3d, 0x3d, 0x3d, 0x3d, 0x3d, 
	0x3d, 0x3d, 0x3d, 0x3d, 0x3d, 0x3d, 0x3d, 0x3d, 0x3d, 0x3d, 
	0x3d, 0x3d, 0x3d, 0x3d, 0x3d, 0x3d, 0x3d, 0x3d, 0x3d, 0x3d, 
	0x3d, 0x3d, 0x3d, 0x3d, 0x3d, 0x3d, 0x3d, 0x3d, 0x3d, 0x3d, 
	0x3d, 0x3d, 0x3d, 0x3d, 0x3d, 0x3d, 0x3d, 0x3d, 0x3d, 0x20, 
	0x2a, 0x2f, 0xd, 0xa, 0xd, 0xa, 0x2f, 0x2a, 0xd, 0xa, 
	0x20, 0x20, 0x20, 0x43, 0x6f, 0x6e, 0x74, 0x61, 0x69, 0x6e, 
	0x65, 0x72, 0x20, 0x66, 0x6f, 0x72, 0x20, 0x6c, 0x6f, 0x67, 
	0x69, 0x6e, 0x20, 0x62, 0x75, 0x74, 0x74, 0x6f, 0x6e, 0x2e, 
	0xd, 0xa, 0x2a, 0x2f, 0xd, 0xa, 0x2e, 0x69, 0x6e, 0x70, 
	0x75, 0x74, 0x2d, 0x73, 0x75, 0x62, 0x6d, 0x69, 0x74, 0x20, 
	0x7b, 0xd, 0xa, 0x20, 0x20, 0x70, 0x6f, 0x73, 0x69, 0x74, 
	0x69, 0x6f, 0x6e, 0x3a, 0x20, 0x72, 0x65, 0x6c, 0x61, 0x74, 
	0x69, 0x76, 0x65, 0x3b, 0xd, 0xa, 0x20, 0x20, 0x6d, 0x61, 
	0x72, 0x67, 0x69, 0x6e, 0x2d, 0x74, 0x6f, 0x70, 0x3a, 0x20, 
	0x32, 0x30, 0x70, 0x78, 0x3b, 0xd, 0xa, 0x7d, 0xd, 0xa, 
	0xd, 0xa, 0xd, 0xa, 0x2f, 0x2a, 0xd, 0xa, 0x20, 0x20, 
	0x20, 0x4d, 0x61, 0x69, 0x6e, 0x20, 0x6c, 0x6f, 0x67, 0x69, 
	0x6e, 0x20, 0x62, 0x75, 0x74, 0x74, 0x6f, 0x6e, 0x20, 0x73, 
	0x74, 0x79, 0x6c, 0x65, 0x2e, 0xd, 0xa, 0x2a, 0x2f, 0xd, 
	0xa, 0x2e, 0x73, 0x75, 0x62, 0x6d, 0x69, 0x74, 0x2d, 0x62, 
	0x74, 0x6e, 0x20, 0x7b, 0xd, 0xa, 0x20, 0x20, 0x77, 0x69, 
	0x64, 0x74, 0x68, 0x3a, 0x20, 0x31, 0x30, 0x30, 0x25, 0x3b, 
	0xd, 0xa, 0x20, 0x20, 0x68, 0x65, 0x69, 0x67, 0x68, 0x74, 
	0x3a, 0x20, 0x36, 0x30, 0x70, 0x78, 0x3b, 0xd, 0xa, 0xd, 
	0xa, 0x20, 0x20, 0x62, 0x61, 0x63, 0x6b, 0x67, 0x72, 0x6f, 
	0x75, 0x6e, 0x64, 0x3a, 0x20, 0x6c, 0x69, 0x6e, 0x65, 0x61, 
	0x72, 0x2d, 0x67, 0x72, 0x61, 0x64, 0x69, 0x65, 0x6e, 0x74, 
	0x28, 0x31, 0x33, 0x35, 0x64, 0x65, 0x67, 0x2c, 0x20, 0x23, 
	0x33, 0x61, 0x36, 0x37, 0x66, 0x66, 0x2c, 0x20, 0x23, 0x31, 
	0x34, 0x66, 0x30, 0x66, 0x66, 0x29, 0x3b, 0xd, 0xa, 0xd, 
	0xa, 0x20, 0x20, 0x63, 0x6f, 0x6c, 0x6f, 0x72, 0x3a, 0x20, 
	0x77, 0x68, 0x69, 0x74, 0x65, 0x3b, 0xd, 0xa, 0x20, 0x20, 
	0x62, 0x6f, 0x72, 0x64, 0x65, 0x72, 0x3a, 0x20, 0x6e, 0x6f, 
	0x6e, 0x65, 0x3b, 0xd, 0xa, 0x20, 0x20, 0x62, 0x6f, 0x72, 
	0x64, 0x65, 0x72, 0x2d, 0x72, 0x61, 0x64, 0x69, 0x75, 0x73, 
	0x3a, 0x20, 0x33, 0x30, 0x70, 0x78, 0x3b, 0xd, 0xa, 0xd, 
	0xa, 0x20, 0x20, 0x63, 0x75, 0x72, 0x73, 0x6f, 0x72, 0x3a, 
	0x20, 0x70, 0x6f, 0x69, 0x6e, 0x74, 0x65, 0x72, 0x3b, 0xd, 
	0xa, 0x20, 0x20, 0x74, 0x72, 0x61, 0x6e, 0x73, 0x69, 0x74, 
	0x69, 0x6f, 0x6e, 0x3a, 0x20, 0x2e, 0x33, 0x73, 0x3b, 0xd, 
	0xa, 0xd, 0xa, 0x20, 0x20, 0x70, 0x6f, 0x73, 0x69, 0x74, 
	0x69, 0x6f, 0x6e, 0x3a, 0x20, 0x72, 0x65, 0x6c, 0x61, 0x74, 
	0x69, 0x76, 0x65, 0x3b, 0xd, 0xa, 0x20, 0x20, 0x7a, 0x2d, 
	0x69, 0x6e, 0x64, 0x65, 0x78, 0x3a, 0x20, 0x31, 0x3b, 0xd, 
	0xa, 0x7d, 0xd, 0xa, 0xd, 0xa, 0xd, 0xa, 0x2f, 0x2a, 
	0xd, 0xa, 0x20, 0x20, 0x20, 0x42, 0x75, 0x74, 0x74, 0x6f, 
	0x6e, 0x20, 0x68, 0x6f, 0x76, 0x65, 0x72, 0x20, 0x61, 0x6e, 
	0x69, 0x6d, 0x61, 0x74, 0x69, 0x6f, 0x6e, 0x2e, 0xd, 0xa, 
	0x2a, 0x2f, 0xd, 0xa, 0x2e, 0x69, 0x6e, 0x70, 0x75, 0x74, 
	0x2d, 0x73, 0x75, 0x62, 0x6d, 0x69, 0x74, 0x3a, 0x68, 0x6f, 
	0x76, 0x65, 0x72, 0x20, 0x2e, 0x73, 0x75, 0x62, 0x6d, 0x69, 
	0x74, 0x2d, 0x62, 0x74, 0x6e, 0x20, 0x7b, 0xd, 0xa, 0x20, 
	0x20, 0x62, 0x61, 0x63, 0x6b, 0x67, 0x72, 0x6f, 0x75, 0x6e, 
	0x64, 0x3a, 0x20, 0x6c, 0x69, 0x6e, 0x65, 0x61, 0x72, 0x2d, 
	0x67, 0x72, 0x61, 0x64, 0x69, 0x65, 0x6e, 0x74, 0x28, 0x31, 
	0x33, 0x35, 0x64, 0x65, 0x67, 0x2c, 0x20, 0x23, 0x34, 0x63, 
	0x37, 0x63, 0x66, 0x66, 0x2c, 0x20, 0x23, 0x32, 0x61, 0x66, 
	0x36, 0x66, 0x66, 0x29, 0x3b, 0xd, 0xa, 0x20, 0x20, 0x74, 
	0x72, 0x61, 0x6e, 0x73, 0x66, 0x6f, 0x72, 0x6d, 0x3a, 0x20, 
	0x73, 0x63, 0x61, 0x6c, 0x65, 0x28, 0x31, 0x2e, 0x30, 0x35, 
	0x2c, 0x20, 0x31, 0x29, 0x3b, 0xd, 0xa, 0x7d, 0xd, 0xa, 
	0xd, 0xa, 0xd, 0xa, 0x2f, 0x2a, 0x20, 0x3d, 0x3d, 0x3d, 
	0x3d, 0x3d, 0x3d, 0x3d, 0x3d, 0x3d, 0x3d, 0x3d, 0x3d, 0x3d, 
	0x3d, 0x3d, 0x3d, 0x3d, 0x3d, 0x3d, 0x3d, 0x3d, 0x3d, 0x3d, 
	0x3d, 0x3d, 0x3d, 0x3d, 0x3d, 0x3d, 0x3d, 0x3d, 0x3d, 0x3d, 
	0x3d, 0x3d, 0x3d, 0x3d, 0x3d, 0x3d, 0x3d, 0x3d, 0x3d, 0x3d, 
	0x3d, 0x3d, 0x3d, 0x3d, 0x3d, 0x3d, 0x3d, 0x3d, 0x3d, 0x3d, 
	0x3d, 0x3d, 0x3d, 0x3d, 0xd, 0xa, 0x20, 0x20, 0x20, 0x45, 
	0x72, 0x72, 0x6f, 0x72, 0x20, 0x4d, 0x65, 0x73, 0x73, 0x61, 
	0x67, 0x65, 0xd, 0xa, 0x20, 0x20, 0x20, 0x3d, 0x3d, 0x3d, 
	0x3d, 0x3d, 0x3d, 0x3d, 0x3d, 0x3d, 0x3d, 0x3d, 0x3d, 0x3d, 
	0x3d, 0x3d, 0x3d, 0x3d, 0x3d, 0x3d, 0x3d, 0x3d, 0x3d, 0x3d, 
	0x3d, 0x3d, 0x3d, 0x3d, 0x3d, 0x3d, 0x3d, 0x3d, 0x3d, 0x3d, 
	0x3d, 0x3d, 0x3d, 0x3d, 0x3d, 0x3d, 0x3d, 0x3d, 0x3d, 0x3d, 
	0x3d, 0x3d, 0x3d, 0x3d, 0x3d, 0x3d, 0x3d, 0x3d, 0x3d, 0x3d, 
	0x3d, 0x3d, 0x3d, 0x3d, 0x20, 0x2a, 0x2f, 0xd, 0xa, 0xd, 
	0xa, 0x2f, 0x2a, 0xd, 0xa, 0x20, 0x20, 0x20, 0x56, 0x69, 
	0x73, 0x69, 0x62, 0x6c, 0x65, 0x20, 0x6c, 0x6f, 0x67, 0x69, 
	0x6e, 0x20, 0x65, 0x72, 0x72, 0x6f, 0x72, 0x20, 0x6d, 0x65, 
	0x73, 0x73, 0x61, 0x67, 0x65, 0xd, 0xa, 0x20, 0x20, 0x20, 
	0x28, 0x65, 0x2e, 0x67, 0x2e, 0x20, 0x69, 0x6e, 0x76, 0x61, 
	0x6c, 0x69, 0x64, 0x20, 0x63, 0x72, 0x65, 0x64, 0x65, 0x6e, 
	0x74, 0x69, 0x61, 0x6c, 0x73, 0x29, 0x2e, 0xd, 0xa, 0x2a, 
	0x2f, 0xd, 0xa, 0x2e, 0x6c, 0x6f, 0x67, 0x69, 0x6e, 0x2d, 
	0x65, 0x72, 0x72, 0x20, 0x7b, 0xd, 0xa, 0x20, 0x20, 0x66, 
	0x6f, 0x6e, 0x74, 0x2d, 0x73, 0x69, 0x7a, 0x65, 0x3a, 0x20, 
	0x6d, 0x65, 0x64, 0x69, 0x75, 0x6d, 0x3b, 0xd, 0xa, 0x20, 
	0x20, 0x63, 0x6f, 0x6c, 0x6f, 0x72, 0x3a, 0x20, 0x23, 0x46, 
	0x30, 0x30, 0x3b, 0xd, 0xa, 0x20, 0x20, 0x74, 0x65, 0x78, 
	0x74, 0x2d, 0x61, 0x6c, 0x69, 0x67, 0x6e, 0x3a, 0x20, 0x63, 
	0x65, 0x6e, 0x74, 0x65, 0x72, 0x3b, 0xd, 0xa, 0x20, 0x20, 
	0x70, 0x61, 0x64, 0x64, 0x69, 0x6e, 0x67, 0x2d, 0x62, 0x6f, 
	0x74, 0x74, 0x6f, 0x6d, 0x3a, 0x20, 0x33, 0x30, 0x70, 0x78, 
	0x3b, 0xd, 0xa, 0x7d, 0xd, 0xa, 0xd, 0xa, 0xd, 0xa, 
	0x2f, 0x2a, 0xd, 0xa, 0x20, 0x20, 0x20, 0x55, 0x74, 0x69, 
	0x6c, 0x69, 0x74, 0x79, 0x20, 0x63, 0x6c, 0x61, 0x73, 0x73, 
	0x20, 0x75, 0x73, 0x65, 0x64, 0x20, 0x74, 0x6f, 0x20, 0x68, 
	0x69, 0x64, 0x65, 0x20, 0x74, 0x68, 0x65, 0x20, 0x65, 0x72, 
	0x72, 0x6f, 0x72, 0x20, 0x6d, 0x65, 0x73, 0x73, 0x61, 0x67, 
	0x65, 0x2e, 0xd, 0xa, 0x2a, 0x2f, 0xd, 0xa, 0x2e, 0x65, 
	0x72, 0x72, 0x2d, 0x68, 0x69, 0x64, 0x64, 0x65, 0x6e, 0x20, 
	0x7b, 0xd, 0xa, 0x20, 0x20, 0x64, 0x69, 0x73, 0x70, 0x6c, 
	0x61, 0x79, 0x3a, 0x20, 0x6e, 0x6f, 0x6e, 0x65, 0x3b, 0xd, 
	0xa, 0x7d, };

static const unsigned char data_style_navbar_css[] = {
	/* /style_navbar.css */
	0x2f, 0x73, 0x74, 0x79, 0x6c, 0x65, 0x5f, 0x6e, 0x61, 0x76, 0x62, 0x61, 0x72, 0x2e, 0x63, 0x73, 0x73, 0,
	0x48, 0x54, 0x54, 0x50, 0x2f, 0x31, 0x2e, 0x30, 0x20, 0x32, 
	0x30, 0x30, 0x20, 0x4f, 0x4b, 0xd, 0xa, 0x53, 0x65, 0x72, 
	0x76, 0x65, 0x72, 0x3a, 0x20, 0x6c, 0x77, 0x49, 0x50, 0x2f, 
	0x70, 0x72, 0x65, 0x2d, 0x30, 0x2e, 0x36, 0x20, 0x28, 0x68, 
	0x74, 0x74, 0x70, 0x3a, 0x2f, 0x2f, 0x77, 0x77, 0x77, 0x2e, 
	0x73, 0x69, 0x63, 0x73, 0x2e, 0x73, 0x65, 0x2f, 0x7e, 0x61, 
	0x64, 0x61, 0x6d, 0x2f, 0x6c, 0x77, 0x69, 0x70, 0x2f, 0x29, 
	0xd, 0xa, 0x43, 0x6f, 0x6e, 0x74, 0x65, 0x6e, 0x74, 0x2d, 
	0x74, 0x79, 0x70, 0x65, 0x3a, 0x20, 0x74, 0x65, 0x78, 0x74, 
	0x2f, 0x63, 0x73, 0x73, 0xd, 0xa, 0xd, 0xa, 0x2f, 0x2a, 
	0x2a, 0xd, 0xa, 0x20, 0x2a, 0x20, 0x73, 0x74, 0x79, 0x6c, 
	0x65, 0x5f, 0x6e, 0x61, 0x76, 0x62, 0x61, 0x72, 0x2e, 0x63, 
	0x73, 0x73, 0xd, 0xa, 0x20, 0x2a, 0x20, 0x46, 0x69, 0x78, 
	0x65, 0x64, 0x2c, 0x20, 0x67, 0x6c, 0x61, 0x73, 0x73, 0x2d, 
	0x6c, 0x69, 0x6b, 0x65, 0x20, 0x6e, 0x61, 0x76, 0x69, 0x67, 
	0x61, 0x74, 0x69, 0x6f, 0x6e, 0x20, 0x62, 0x61, 0x72, 0x20, 
	0x66, 0x6f, 0x72, 0x20, 0x74, 0x68, 0x65, 0x20, 0x65, 0x6d, 
	0x62, 0x65, 0x64, 0x64, 0x65, 0x64, 0x20, 0x77, 0x65, 0x62, 
	0x20, 0x55, 0x49, 0x2e, 0xd, 0xa, 0x20, 0x2a, 0xd, 0xa, 
	0x20, 0x2a, 0x20, 0x44, 0x65, 0x70, 0x65, 0x6e, 0x64, 0x73, 
	0x20, 0x6f, 0x6e, 0x20, 0x67, 0x6c, 0x6f, 0x62, 0x61, 0x6c, 
	0x20, 0x76, 0x61, 0x72, 0x69, 0x61, 0x62, 0x6c, 0x65, 0x73, 
	0x20, 0x66, 0x72, 0x6f, 0x6d, 0x20, 0x73, 0x74, 0x79, 0x6c, 
	0x65, 0x2e, 0x63, 0x73, 0x73, 0x3a, 0xd, 0xa, 0x20, 0x2a, 
	0x20, 0x2d, 0x20, 0x2d, 0x2d, 0x70, 0x61, 0x67, 0x65, 0x2d, 
	0x6d, 0x61, 0x78, 0x2c, 0x20, 0x2d, 0x2d, 0x74, 0x65, 0x78, 
	0x74, 0x2c, 0x20, 0x2d, 0x2d, 0x6d, 0x75, 0x74, 0x65, 0x64, 
	0xd, 0xa, 0x20, 0x2a, 0x2f, 0xd, 0xa, 0xd, 0xa, 0x3a, 
	0x72, 0x6f, 0x6f, 0x74, 0x7b, 0xd, 0xa, 0x20, 0x20, 0x2f, 
	0x2a, 0x20, 0x4e, 0x61, 0x76, 0x62, 0x61, 0x72, 0x2d, 0x6f, 
	0x6e, 0x6c, 0x79, 0x20, 0x74, 0x6f, 0x6b, 0x65, 0x6e, 0x73, 
	0x20, 0x2a, 0x2f, 0xd, 0xa, 0x20, 0x20, 0x2d, 0x2d, 0x6e, 
	0x61, 0x76, 0x2d, 0x62, 0x67, 0x3a, 0x20, 0x72, 0x67, 0x62, 
	0x61, 0x28, 0x31, 0x32, 0x2c, 0x20, 0x31, 0x38, 0x2c, 0x20, 
	0x33, 0x38, 0x2c, 0x20, 0x30, 0x2e, 0x35, 0x35, 0x29, 0x3b, 
	0xd, 0xa, 0x20, 0x20, 0x2d, 0x2d, 0x6e, 0x61, 0x76, 0x2d, 
	0x62, 0x6f, 0x72, 0x64, 0x65, 0x72, 0x3a, 0x20, 0x72, 0x67, 
	0x62, 0x61, 0x28, 0x32, 0x35, 0x35, 0x2c, 0x20, 0x32, 0x35, 
	0x35, 0x2c, 0x20, 0x32, 0x35, 0x35, 0x2c, 0x20, 0x30, 0x2e, 
	0x30, 0x38, 0x29, 0x3b, 0xd, 0xa, 0x20, 0x20, 0x2d, 0x2d, 
	0x6e, 0x61, 0x76, 0x2d, 0x73, 0x68, 0x61, 0x64, 0x6f, 0x77, 
	0x3a, 0x20, 0x30, 0x20, 0x31, 0x38, 0x70, 0x78, 0x20, 0x35, 
	0x30, 0x70, 0x78, 0x20, 0x72, 0x67, 0x62, 0x61, 0x28, 0x30, 
	0x2c, 0x20, 0x30, 0x2c, 0x20, 0x30, 0x2c, 0x20, 0x30, 0x2e, 
	0x35, 0x35, 0x29, 0x3b, 0xd, 0xa, 0xd, 0xa, 0x20, 0x20, 
	0x2d, 0x2d, 0x63, 0x68, 0x69, 0x70, 0x2d, 0x62, 0x67, 0x3a, 
	0x20, 0x72, 0x67, 0x62, 0x61, 0x28, 0x32, 0x35, 0x35, 0x2c, 
	0x20, 0x32, 0x35, 0x35, 0x2c, 0x20, 0x32, 0x35, 0x35, 0x2c, 
	0x20, 0x30, 0x2e, 0x30, 0x36, 0x29, 0x3b, 0xd, 0xa, 0x20, 
	0x20, 0x2d, 0x2d, 0x63, 0x68, 0x69, 0x70, 0x2d, 0x62, 0x6f, 
	0x72, 0x64, 0x65, 0x72, 0x3a, 0x20, 0x72, 0x67, 0x62, 0x61, 
	0x28, 0x32, 0x35, 0x35, 0x2c, 0x20, 0x32, 0x35, 0x35, 0x2c, 
	0x20, 0x32, 0x35, 0x35, 0x2c, 0x20, 0x30, 0x2e, 0x31, 0x30, 
	0x29, 0x3b, 0xd, 0xa, 0xd, 0xa, 0x20, 0x20, 0x2d, 0x2d, 
	0x64, 0x61, 0x6e, 0x67, 0x65, 0x72, 0x3a, 0x20, 0x23, 0x66, 
	0x66, 0x35, 0x63, 0x37, 0x61, 0x3b, 0xd, 0xa, 0x7d, 0xd, 
	0xa, 0xd, 0xa, 0x2f, 0x2a, 0x20, 0x3d, 0x3d, 0x3d, 0x3d, 
	0x3d, 0x20, 0x4e, 0x41, 0x56, 0x42, 0x41, 0x52, 0x20, 0x43, 
	0x4f, 0x4e, 0x54, 0x41, 0x49, 0x4e, 0x45, 0x52, 0x20, 0x3d, 
	0x3d, 0x3d, 0x3d, 0x3d, 0x20, 0x2a, 0x2f, 0xd, 0xa, 0x2e, 
	0x6e, 0x61, 0x76, 0x62, 0x61, 0x72, 0x7b, 0xd, 0xa, 0x20, 
	0x20, 0x70, 0x6f, 0x73, 0x69, 0x74, 0x69, 0x6f, 0x6e, 0x3a, 
	0x20, 0x66, 0x69, 0x78, 0x65, 0x64, 0x3b, 0xd, 0xa, 0x20, 
	0x20, 0x6c, 0x65, 0x66, 0x74, 0x3a, 0x20, 0x35, 0x30, 0x25, 
	0x3b, 0xd, 0xa, 0x20, 0x20, 0x74, 0x6f, 0x70, 0x3a, 0x20, 
	0x31, 0x38, 0x70, 0x78, 0x3b, 0xd, 0xa, 0x20, 0x20, 0x74, 
	0x72, 0x61, 0x6e, 0x73, 0x66, 0x6f, 0x72, 0x6d, 0x3a, 0x20, 
	0x74, 0x72, 0x61, 0x6e, 0x73, 0x6c, 0x61, 0x74, 0x65, 0x58, 
	0x28, 0x2d, 0x35, 0x30, 0x25, 0x29, 0x3b, 0xd, 0xa, 0x20, 
	0x20, 0x77, 0x69, 0x64, 0x74, 0x68, 0x3a, 0x20, 0x6d, 0x69, 
	0x6e, 0x28, 0x76, 0x61, 0x72, 0x28, 0x2d, 0x2d, 0x70, 0x61, 
	0x67, 0x65, 0x2d, 0x6d, 0x61, 0x78, 0x29, 0x2c, 0x20, 0x63, 
	0x61, 0x6c, 0x63, 0x28, 0x31, 0x30, 0x30, 0x25, 0x20, 0x2d, 
	0x20, 0x32, 0x34, 0x70, 0x78, 0x29, 0x29, 0x3b, 0xd, 0xa, 
	0x20, 0x20, 0x7a, 0x2d, 0x69, 0x6e, 0x64, 0x65, 0x78, 0x3a, 
	0x20, 0x31, 0x30, 0x3b, 0xd, 0xa, 0xd, 0xa, 0x20, 0x20, 
	0x62, 0x61, 0x63, 0x6b, 0x67, 0x72, 0x6f, 0x75, 0x6e, 0x64, 
	0x3a, 0x20, 0x76, 0x61, 0x72, 0x28, 0x2d, 0x2d, 0x6e, 0x61, 
	0x76, 0x2d, 0x62, 0x67, 0x29, 0x3b, 0xd, 0xa, 0x20, 0x20, 
	0x62, 0x6f, 0x72, 0x64, 0x65, 0x72, 0x3a, 0x20, 0x31, 0x70, 
	0x78, 0x20, 0x73, 0x6f, 0x6c, 0x69, 0x64, 0x20, 0x76, 0x61, 
	0x72, 0x28, 0x2d, 0x2d, 0x6e, 0x61, 0x76, 0x2d, 0x62, 0x6f, 
	0x72, 0x64, 0x65, 0x72, 0x29, 0x3b, 0xd, 0xa, 0x20, 0x20, 
	0x62, 0x6f, 0x72, 0x64, 0x65, 0x72, 0x2d, 0x72, 0x61, 0x64, 
	0x69, 0x75, 0x73, 0x3a, 0x20, 0x31, 0x38, 0x70, 0x78, 0x3b, 
	0xd, 0xa, 0xd, 0xa, 0x20, 0x20, 0x62, 0x6f, 0x78, 0x2d, 
	0x73, 0x68, 0x61, 0x64, 0x6f, 0x77, 0x3a, 0x20, 0x76, 0x61, 
	0x72, 0x28, 0x2d, 0x2d, 0x6e, 0x61, 0x76, 0x2d, 0x73, 0x68, 
	0x61, 0x64, 0x6f, 0x77, 0x29, 0x3b, 0xd, 0xa, 0x20, 0x20, 
	0x70, 0x61, 0x64, 0x64, 0x69, 0x6e, 0x67, 0x3a, 0x20, 0x31, 
	0x30, 0x70, 0x78, 0x20, 0x31, 0x32, 0x70, 0x78, 0x3b, 0xd, 
	0xa, 0x7d, 0xd, 0xa, 0xd, 0xa, 0x2f, 0x2a, 0x20, 0x47, 
	0x6c, 0x61, 0x73, 0x73, 0x20, 0x65, 0x66, 0x66, 0x65, 0x63, 
	0x74, 0x20, 0x2a, 0x2f, 0xd, 0xa, 0x40, 0x73, 0x75, 0x70, 
	0x70, 0x6f, 0x72, 0x74, 0x73, 0x20, 0x28, 0x28, 0x2d, 0x77, 
	0x65, 0x62, 0x6b, 0x69, 0x74, 0x2d, 0x62, 0x61, 0x63, 0x6b, 
	0x64, 0x72, 0x6f, 0x70, 0x2d, 0x66, 0x69, 0x6c, 0x74, 0x65, 
	0x72, 0x3a, 0x20, 0x62, 0x6c, 0x75, 0x72, 0x28, 0x31, 0x36, 
	0x70, 0x78, 0x29, 0x29, 0x20, 0x6f, 0x72, 0x20, 0x28, 0x62, 
	0x61, 0x63, 0x6b, 0x64, 0x72, 0x6f, 0x70, 0x2d, 0x66, 0x69, 
	0x6c, 0x74, 0x65, 0x72, 0x3a, 0x20, 0x62, 0x6c, 0x75, 0x72, 
	0x28, 0x31, 0x36, 0x70, 0x78, 0x29, 0x29, 0x29, 0x7b, 0xd, 
	0xa, 0x20, 0x20, 0x2e, 0x6e, 0x61, 0x76, 0x62, 0x61, 0x72, 
	0x7b, 0xd, 0xa, 0x20, 0x20, 0x20, 0x20, 0x2d, 0x77, 0x65, 
	0x62, 0x6b, 0x69, 0x74, 0x2d, 0x62, 0x61, 0x63, 0x6b, 0x64, 
	0x72, 0x6f, 0x70, 0x2d, 0x66, 0x69, 0x6c, 0x74, 0x65, 0x72, 
	0x3a, 0x20, 0x62, 0x6c, 0x75, 0x72, 0x28, 0x31, 0x36, 0x70, 
	0x78, 0x29, 0x3b, 0xd, 0xa, 0x20, 0x20, 0x20, 0x20, 0x62, 
	0x61, 0x63, 0x6b, 0x64, 0x72, 0x6f, 0x70, 0x2d, 0x66, 0x69, 
	0x6c, 0x74, 0x65, 0x72, 0x3a, 0x20, 0x62, 0x6c, 0x75, 0x72, 
	0x28, 0x31, 0x36, 0x70, 0x78, 0x29, 0x3b, 0xd, 0xa, 0x20, 
	0x20, 0x7d, 0xd, 0xa, 0x7d, 0xd, 0xa, 0xd, 0xa, 0x2f, 
	0x2a, 0x20, 0x3d, 0x3d, 0x3d, 0x3d, 0x3d, 0x20, 0x4c, 0x49, 
	0x53, 0x54, 0x20, 0x4c, 0x41, 0x59, 0x4f, 0x55, 0x54, 0x20, 
	0x3d, 0x3d, 0x3d, 0x3d, 0x3d, 0x20, 0x2a, 0x2f, 0xd, 0xa, 
	0x2e, 0x6e, 0x61, 0x76, 0x2d, 0x6c, 0x69, 0x73, 0x74, 0x7b, 
	0xd, 0xa, 0x20, 0x20, 0x6c, 0x69, 0x73, 0x74, 0x2d, 0x73, 
	0x74, 0x79, 0x6c, 0x65, 0x3a, 0x20, 0x6e, 0x6f, 0x6e, 0x65, 
	0x3b, 0xd, 0xa, 0x20, 0x20, 0x64, 0x69, 0x73, 0x70, 0x6c, 
	0x61, 0x79, 0x3a, 0x20, 0x66, 0x6c, 0x65, 0x78, 0x3b, 0xd, 
	0xa, 0x20, 0x20, 0x6a, 0x75, 0x73, 0x74, 0x69, 0x66, 0x79, 
	0x2d, 0x63, 0x6f, 0x6e, 0x74, 0x65, 0x6e, 0x74, 0x3a, 0x20, 
	0x66, 0x6c, 0x65, 0x78, 0x2d, 0x65, 0x6e, 0x64, 0x3b, 0xd, 
	0xa, 0x20, 0x20, 0x61, 0x6c, 0x69, 0x67, 0x6e, 0x2d, 0x69, 
	0x74, 0x65, 0x6d, 0x73, 0x3a, 0x20, 0x63, 0x65, 0x6e, 0x74, 
	0x65, 0x72, 0x3b, 0xd, 0xa, 0x20, 0x20, 0x67, 0x61, 0x70, 
	0x3a, 0x20, 0x31, 0x30, 0x70, 0x78, 0x3b, 0xd, 0xa, 0xd, 
	0xa, 0x20, 0x20, 0x6d, 0x61, 0x72, 0x67, 0x69, 0x6e, 0x3a, 
	0x20, 0x30, 0x3b, 0xd, 0xa, 0x20, 0x20, 0x70, 0x61, 0x64, 
	0x64, 0x69, 0x6e, 0x67, 0x3a, 0x20, 0x30, 0x3b, 0xd, 0xa, 
	0x7d, 0xd, 0xa, 0xd, 0xa, 0x2f, 0x2a, 0x20, 0x3d, 0x3d, 
	0x3d, 0x3d, 0x3d, 0x20, 0x49, 0x54, 0x45, 0x4d, 0x53, 0x20, 
	0x3d, 0x3d, 0x3d, 0x3d, 0x3d, 0x20, 0x2a, 0x2f, 0xd, 0xa, 
	0x2e, 0x6e, 0x61, 0x76, 0x2d, 0x69, 0x74, 0x65, 0x6d, 0x7b, 
	0x20, 0x6d, 0x61, 0x72, 0x67, 0x69, 0x6e, 0x3a, 0x20, 0x30, 
	0x3b, 0x20, 0x70, 0x61, 0x64, 0x64, 0x69, 0x6e, 0x67, 0x3a, 
	0x20, 0x30, 0x3b, 0x20, 0x7d, 0xd, 0xa, 0xd, 0xa, 0x2e, 
	0x6e, 0x61, 0x76, 0x2d, 0x69, 0x74, 0x65, 0x6d, 0x20, 0x61, 
	0x7b, 0xd, 0xa, 0x20, 0x20, 0x64, 0x69, 0x73, 0x70, 0x6c, 
	0x61, 0x79, 0x3a, 0x20, 0x69, 0x6e, 0x6c, 0x69, 0x6e, 0x65, 
	0x2d, 0x66, 0x6c, 0x65, 0x78, 0x3b, 0xd, 0xa, 0x20, 0x20, 
	0x61, 0x6c, 0x69, 0x67, 0x6e, 0x2d, 0x69, 0x74, 0x65, 0x6d, 
	0x73, 0x3a, 0x20, 0x63, 0x65, 0x6e, 0x74, 0x65, 0x72, 0x3b, 
	0xd, 0xa, 0x20, 0x20, 0x6a, 0x75, 0x73, 0x74, 0x69, 0x66, 
	0x79, 0x2d, 0x63, 0x6f, 0x6e, 0x74, 0x65, 0x6e, 0x74, 0x3a, 
	0x20, 0x63, 0x65, 0x6e, 0x74, 0x65, 0x72, 0x3b, 0xd, 0xa, 
	0xd, 0xa, 0x20, 0x20, 0x68, 0x65, 0x69, 0x67, 0x68, 0x74, 
	0x3a, 0x20, 0x34, 0x30, 0x70, 0x78, 0x3b, 0xd, 0xa, 0x20, 
	0x20, 0x70, 0x61, 0x64, 0x64, 0x69, 0x6e, 0x67, 0x3a, 0x20, 
	0x30, 0x20, 0x31, 0x36, 0x70, 0x78, 0x3b, 0xd, 0xa, 0xd, 
	0xa, 0x20, 0x20, 0x63, 0x6f, 0x6c, 0x6f, 0x72, 0x3a, 0x20, 
	0x76, 0x61, 0x72, 0x28, 0x2d, 0x2d, 0x74, 0x65, 0x78, 0x74, 
	0x29, 0x3b, 0xd, 0xa, 0x20, 0x20, 0x74, 0x65, 0x78, 0x74, 
	0x2d, 0x64, 0x65, 0x63, 0x6f, 0x72, 0x61, 0x74, 0x69, 0x6f, 
	0x6e, 0x3a, 0x20, 0x6e, 0x6f, 0x6e, 0x65, 0x3b, 0xd, 0xa, 
	0x20, 0x20, 0x66, 0x6f, 0x6e, 0x74, 0x2d, 0x73, 0x69, 0x7a, 
	0x65, 0x3a, 0x20, 0x31, 0x34, 0x70, 0x78, 0x3b, 0xd, 0xa, 
	0x20, 0x20, 0x66, 0x6f, 0x6e, 0x74, 0x2d, 0x77, 0x65, 0x69, 
	0x67, 0x68, 0x74, 0x3a, 0x20, 0x36, 0x30, 0x30, 0x3b, 0xd, 
	0xa, 0x20, 0x20, 0x6c, 0x65, 0x74, 0x74, 0x65, 0x72, 0x2d, 
	0x73, 0x70, 0x61, 0x63, 0x69, 0x6e, 0x67, 0x3a, 0x20, 0x2e, 
	0x32, 0x70, 0x78, 0x3b, 0xd, 0xa, 0xd, 0xa, 0x20, 0x20, 
	0x62, 0x61, 0x63, 0x6b, 0x67, 0x72, 0x6f, 0x75, 0x6e, 0x64, 
	0x3a, 0x20, 0x72, 0x67, 0x62, 0x61, 0x28, 0x32, 0x35, 0x35, 
	0x2c, 0x20, 0x32, 0x35, 0x35, 0x2c, 0x20, 0x32, 0x35, 0x35, 
	0x2c, 0x20, 0x30, 0x2e, 0x30, 0x32, 0x29, 0x3b, 0xd, 0xa, 
	0x20, 0x20, 0x62, 0x6f, 0x72, 0x64, 0x65, 0x72, 0x3a, 0x20, 
	0x31, 0x70, 0x78, 0x20, 0x73, 0x6f, 0x6c, 0x69, 0x64, 0x20, 
	0x74, 0x72, 0x61, 0x6e, 0x73, 0x70, 0x61, 0x72, 0x65, 0x6e, 
	0x74, 0x3b, 0xd, 0xa, 0x20, 0x20, 0x62, 0x6f, 0x72, 0x64, 
	0x65, 0x72, 0x2d, 0x72, 0x61, 0x64, 0x69, 0x75, 0x73, 0x3a, 
	0x20, 0x39, 0x39, 0x39, 0x70, 0x78, 0x3b, 0xd, 0xa, 0xd, 
	0xa, 0x20, 0x20, 0x74, 0x72, 0x61, 0x6e, 0x73, 0x69, 0x74, 
	0x69, 0x6f, 0x6e, 0x3a, 0xd, 0xa, 0x20, 0x20, 0x20, 0x20, 
	0x74, 0x72, 0x61, 0x6e, 0x73, 0x66, 0x6f, 0x72, 0x6d, 0x20, 
	0x2e, 0x31, 0x35, 0x73, 0x20, 0x65, 0x61, 0x73, 0x65, 0x2c, 
	0xd, 0xa, 0x20, 0x20, 0x20, 0x20, 0x62, 0x61, 0x63, 0x6b, 
	0x67, 0x72, 0x6f, 0x75, 0x6e, 0x64, 0x20, 0x2e, 0x32, 0x73, 
	0x20, 0x65, 0x61, 0x73, 0x65, 0x2c, 0xd, 0xa, 0x20, 0x20, 
	0x20, 0x20, 0x62, 0x6f, 0x72, 0x64, 0x65, 0x72, 0x2d, 0x63, 
	0x6f, 0x6c, 0x6f, 0x72, 0x20, 0x2e, 0x32, 0x73, 0x20, 0x65, 
	0x61, 0x73, 0x65, 0x2c, 0xd, 0xa, 0x20, 0x20, 0x20, 0x20, 
	0x62, 0x6f, 0x78, 0x2d, 0x73, 0x68, 0x61, 0x64, 0x6f, 0x77, 
	0x20, 0x2e, 0x32, 0x73, 0x20, 0x65, 0x61, 0x73, 0x65, 0x3b, 
	0xd, 0xa, 0x7d, 0xd, 0xa, 0xd, 0xa, 0x2e, 0x6e, 0x61, 
	0x76, 0x2d, 0x69, 0x74, 0x65, 0x6d, 0x20, 0x61, 0x3a, 0x68, 
	0x6f, 0x76, 0x65, 0x72, 0x7b, 0xd, 0xa, 0x20, 0x20, 0x62, 
	0x61, 0x63, 0x6b, 0x67, 0x72, 0x6f, 0x75, 0x6e, 0x64, 0x3a, 
	0x20, 0x76, 0x61, 0x72, 0x28, 0x2d, 0x2d, 0x63, 0x68, 0x69, 
	0x70, 0x2d, 0x62, 0x67, 0x29, 0x3b, 0xd, 0xa, 0x20, 0x20, 
	0x62, 0x6f, 0x72, 0x64, 0x65, 0x72, 0x2d, 0x63, 0x6f, 0x6c, 
	0x6f, 0x72, 0x3a, 0x20, 0x76, 0x61, 0x72, 0x28, 0x2d, 0x2d, 
	0x63, 0x68, 0x69, 0x70, 0x2d, 0x62, 0x6f, 0x72, 0x64, 0x65, 
	0x72, 0x29, 0x3b, 0xd, 0xa, 0x20, 0x20, 0x62, 0x6f, 0x78, 
	0x2d, 0x73, 0x68, 0x61, 0x64, 0x6f, 0x77, 0x3a, 0x20, 0x30, 
	0x20, 0x31, 0x30, 0x70, 0x78, 0x20, 0x33, 0x30, 0x70, 0x78, 
	0x20, 0x72, 0x67, 0x62, 0x61, 0x28, 0x30, 0x2c, 0x20, 0x30, 
	0x2c, 0x20, 0x30, 0x2c, 0x20, 0x30, 0x2e, 0x33, 0x35, 0x29, 
	0x3b, 0xd, 0xa, 0x20, 0x20, 0x74, 0x72, 0x61, 0x6e, 0x73, 
	0x66, 0x6f, 0x72, 0x6d, 0x3a, 0x20, 0x74, 0x72, 0x61, 0x6e, 
	0x73, 0x6c, 0x61, 0x74, 0x65, 0x59, 0x28, 0x2d, 0x31, 0x70, 
	0x78, 0x29, 0x3b, 0xd, 0xa, 0x7d, 0xd, 0xa, 0xd, 0xa, 
	0x2f, 0x2a, 0x20, 0x3d, 0x3d, 0x3d, 0x3d, 0x3d, 0x20, 0x41, 
	0x43, 0x54, 0x49, 0x56, 0x45, 0x20, 0x54, 0x41, 0x42, 0x20, 
	0x3d, 0x3d, 0x3d, 0x3d, 0x3d, 0x20, 0x2a, 0x2f, 0xd, 0xa, 
	0x2e, 0x6e, 0x61, 0x76, 0x2d, 0x69, 0x74, 0x65, 0x6d, 0x2d, 
	0x61, 0x63, 0x74, 0x69, 0x76, 0x65, 0x20, 0x61, 0x7b, 0xd, 
	0xa, 0x20, 0x20, 0x63, 0x75, 0x72, 0x73, 0x6f, 0x72, 0x3a, 
	0x20, 0x64, 0x65, 0x66, 0x61, 0x75, 0x6c, 0x74, 0x3b, 0xd, 
	0xa, 0x20, 0x20, 0x62, 0x61, 0x63, 0x6b, 0x67, 0x72, 0x6f, 
	0x75, 0x6e, 0x64, 0x3a, 0x20, 0x6c, 0x69, 0x6e, 0x65, 0x61, 
	0x72, 0x2d, 0x67, 0x72, 0x61, 0x64, 0x69, 0x65, 0x6e, 0x74, 
	0x28, 0xd, 0xa, 0x20, 0x20, 0x20, 0x20, 0x31, 0x33, 0x35, 
	0x64, 0x65, 0x67, 0x2c, 0xd, 0xa, 0x20, 0x20, 0x20, 0x20, 
	0x72, 0x67, 0x62, 0x61, 0x28, 0x35, 0x38, 0x2c, 0x20, 0x31, 
	0x30, 0x33, 0x2c, 0x20, 0x32, 0x35, 0x35, 0x2c, 0x20, 0x30, 
	0x2e, 0x33, 0x35, 0x29, 0x2c, 0xd, 0xa, 0x20, 0x20, 0x20, 
	0x20, 0x72, 0x67, 0x62, 0x61, 0x28, 0x32, 0x30, 0x2c, 0x20, 
	0x32, 0x34, 0x30, 0x2c, 0x20, 0x32, 0x35, 0x35, 0x2c, 0x20, 
	0x30, 0x2e, 0x32, 0x30, 0x29, 0xd, 0xa, 0x20, 0x20, 0x29, 
	0x3b, 0xd, 0xa, 0x20, 0x20, 0x62, 0x6f, 0x72, 0x64, 0x65, 
	0x72, 0x2d, 0x63, 0x6f, 0x6c, 0x6f, 0x72, 0x3a, 0x20, 0x72, 
	0x67, 0x62, 0x61, 0x28, 0x32, 0x35, 0x35, 0x2c, 0x20, 0x32, 
	0x35, 0x35, 0x2c, 0x20, 0x32, 0x35, 0x35, 0x2c, 0x20, 0x30, 
	0x2e, 0x31, 0x34, 0x29, 0x3b, 0xd, 0xa, 0x20, 0x20, 0x62, 
	0x6f, 0x78, 0x2d, 0x73, 0x68, 0x61, 0x64, 0x6f, 0x77, 0x3a, 
	0xd, 0xa, 0x20, 0x20, 0x20, 0x20, 0x30, 0x20, 0x30, 0x20, 
	0x30, 0x20, 0x32, 0x70, 0x78, 0x20, 0x72, 0x67, 0x62, 0x61, 
	0x28, 0x35, 0x38, 0x2c, 0x20, 0x31, 0x30, 0x33, 0x2c, 0x20, 
	0x32, 0x35, 0x35, 0x2c, 0x20, 0x30, 0x2e, 0x31, 0x38, 0x29, 
	0x2c, 0xd, 0xa, 0x20, 0x20, 0x20, 0x20, 0x30, 0x20, 0x31, 
	0x36, 0x70, 0x78, 0x20, 0x34, 0x30, 0x70, 0x78, 0x20, 0x72, 
	0x67, 0x62, 0x61, 0x28, 0x30, 0x2c, 0x20, 0x30, 0x2c, 0x20, 
	0x30, 0x2c, 0x20, 0x30, 0x2e, 0x34, 0x35, 0x29, 0x3b, 0xd, 
	0xa, 0x7d, 0xd, 0xa, 0xd, 0xa, 0x2e, 0x6e, 0x61, 0x76, 
	0x2d, 0x69, 0x74, 0x65, 0x6d, 0x2d, 0x61, 0x63, 0x74, 0x69, 
	0x76, 0x65, 0x20, 0x61, 0x3a, 0x68, 0x6f, 0x76, 0x65, 0x72, 
	0x7b, 0xd, 0xa, 0x20, 0x20, 0x74, 0x72, 0x61, 0x6e, 0x73, 
	0x66, 0x6f, 0x72, 0x6d, 0x3a, 0x20, 0x6e, 0x6f, 0x6e, 0x65, 
	0x3b, 0x20, 0x2f, 0x2a, 0x20, 0x61, 0x63, 0x74, 0x69, 0x76, 
	0x65, 0x20, 0x74, 0x61, 0x62, 0x20, 0x64, 0x6f, 0x65, 0x73, 
	0x6e, 0x27, 0x74, 0x20, 0x22, 0x62, 0x6f, 0x75, 0x6e, 0x63, 
	0x65, 0x22, 0x20, 0x2a, 0x2f, 0xd, 0xa, 0x7d, 0xd, 0xa, 
	0xd, 0xa, 0x2f, 0x2a, 0x20, 0x3d, 0x3d, 0x3d, 0x3d, 0x3d, 
	0x20, 0x4c, 0x4f, 0x47, 0x4f, 0x55, 0x54, 0x20, 0x28, 0x73, 
	0x75, 0x62, 0x74, 0x6c, 0x65, 0x20, 0x64, 0x61, 0x6e, 0x67, 
	0x65, 0x72, 0x29, 0x20, 0x3d, 0x3d, 0x3d, 0x3d, 0x3d, 0x20, 
	0x2a, 0x2f, 0xd, 0xa, 0x2e, 0x6e, 0x61, 0x76, 0x2d, 0x69, 
	0x74, 0x65, 0x6d, 0x2d, 0x6c, 0x6f, 0x67, 0x6f, 0x75, 0x74, 
	0x20, 0x61, 0x7b, 0xd, 0xa, 0x20, 0x20, 0x62, 0x61, 0x63, 
	0x6b, 0x67, 0x72, 0x6f, 0x75, 0x6e, 0x64, 0x3a, 0x20, 0x72, 
	0x67, 0x62, 0x61, 0x28, 0x32, 0x35, 0x35, 0x2c, 0x20, 0x39, 
	0x32, 0x2c, 0x20, 0x31, 0x32, 0x32, 0x2c, 0x20, 0x30, 0x2e, 
	0x31, 0x30, 0x29, 0x3b, 0xd, 0xa, 0x20, 0x20, 0x62, 0x6f, 
	0x72, 0x64, 0x65, 0x72, 0x2d, 0x63, 0x6f, 0x6c, 0x6f, 0x72, 
	0x3a, 0x20, 0x72, 0x67, 0x62, 0x61, 0x28, 0x32, 0x35, 0x35, 
	0x2c, 0x20, 0x39, 0x32, 0x2c, 0x20, 0x31, 0x32, 0x32, 0x2c, 
	0x20, 0x30, 0x2e, 0x31, 0x38, 0x29, 0x3b, 0xd, 0xa, 0x7d, 
	0xd, 0xa, 0xd, 0xa, 0x2e, 0x6e, 0x61, 0x76, 0x2d, 0x69, 
	0x74, 0x65, 0x6d, 0x2d, 0x6c, 0x6f, 0x67, 0x6f, 0x75, 0x74, 
	0x20, 0x61, 0x3a, 0x68, 0x6f, 0x76, 0x65, 0x72, 0x7b, 0xd, 
	0xa, 0x20, 0x20, 0x62, 0x61, 0x63, 0x6b, 0x67, 0x72, 0x6f, 
	0x75, 0x6e, 0x64, 0x3a, 0x20, 0x72, 0x67, 0x62, 0x61, 0x28, 
	0x32, 0x35, 0x35, 0x2c, 0x20, 0x39, 0x32, 0x2c, 0x20, 0x31, 
	0x32, 0x32, 0x2c, 0x20, 0x30, 0x2e, 0x31, 0x36, 0x29, 0x3b, 
	0xd, 0xa, 0x20, 0x20, 0x62, 0x6f, 0x72, 0x64, 0x65, 0x72, 
	0x2d, 0x63, 0x6f, 0x6c, 0x6f, 0x72, 0x3a, 0x20, 0x72, 0x67, 
	0x62, 0x61, 0x28, 0x32, 0x35, 0x35, 0x2c, 0x20, 0x39, 0x32, 
	0x2c, 0x20, 0x31, 0x32, 0x32, 0x2c, 0x20, 0x30, 0x2e, 0x32, 
	0x38, 0x29, 0x3b, 0xd, 0xa, 0x7d, 0xd, 0xa, 0xd, 0xa, 
	0x2f, 0x2a, 0x20, 0x3d, 0x3d, 0x3d, 0x3d, 0x3d, 0x20, 0x4d, 
	0x4f, 0x42, 0x49, 0x4c, 0x45, 0x20, 0x3d, 0x3d, 0x3d, 0x3d, 
	0x3d, 0x20, 0x2a, 0x2f, 0xd, 0xa, 0x40, 0x6d, 0x65, 0x64, 
	0x69, 0x61, 0x20, 0x28, 0x6d, 0x61, 0x78, 0x2d, 0x77, 0x69, 
	0x64, 0x74, 0x68, 0x3a, 0x20, 0x35, 0x32, 0x30, 0x70, 0x78, 
	0x29, 0x7b, 0xd, 0xa, 0x20, 0x20, 0x2e, 0x6e, 0x61, 0x76, 
	0x62, 0x61, 0x72, 0x7b, 0xd, 0xa, 0x20, 0x20, 0x20, 0x20, 
	0x74, 0x6f, 0x70, 0x3a, 0x20, 0x31, 0x30, 0x70, 0x78, 0x3b, 
	0xd, 0xa, 0x20, 0x20, 0x20, 0x20, 0x62, 0x6f, 0x72, 0x64, 
	0x65, 0x72, 0x2d, 0x72, 0x61, 0x64, 0x69, 0x75, 0x73, 0x3a, 
	0x20, 0x31, 0x36, 0x70, 0x78, 0x3b, 0xd, 0xa, 0x20, 0x20, 
	0x20, 0x20, 0x70, 0x61, 0x64, 0x64, 0x69, 0x6e, 0x67, 0x3a, 
	0x20, 0x38, 0x70, 0x78, 0x20, 0x31, 0x30, 0x70, 0x78, 0x3b, 
	0xd, 0xa, 0x20, 0x20, 0x7d, 0xd, 0xa, 0xd, 0xa, 0x20, 
	0x20, 0x2e, 0x6e, 0x61, 0x76, 0x2d, 0x69, 0x74, 0x65, 0x6d, 
	0x20, 0x61, 0x7b, 0xd, 0xa, 0x20, 0x20, 0x20, 0x20, 0x68, 
	0x65, 0x69, 0x67, 0x68, 0x74, 0x3a, 0x20, 0x33, 0x38, 0x70, 
	0x78, 0x3b, 0xd, 0xa, 0x20, 0x20, 0x20, 0x20, 0x70, 0x61, 
	0x64, 0x64, 0x69, 0x6e, 0x67, 0x3a, 0x20, 0x30, 0x20, 0x31, 
	0x32, 0x70, 0x78, 0x3b, 0xd, 0xa, 0x20, 0x20, 0x20, 0x20, 
	0x66, 0x6f, 0x6e, 0x74, 0x2d, 0x73, 0x69, 0x7a, 0x65, 0x3a, 
	0x20, 0x31, 0x33, 0x70, 0x78, 0x3b, 0xd, 0xa, 0x20, 0x20, 
	0x7d, 0xd, 0xa, 0x7d, };

static const unsigned char data_style_settings_css[] = {
	/* /style_settings.css */
	0x2f, 0x73, 0x74, 0x79, 0x6c, 0x65, 0x5f, 0x73, 0x65, 0x74, 0x74, 0x69, 0x6e, 0x67, 0x73, 0x2e, 0x63, 0x73, 0x73, 0,
	0x48, 0x54, 0x54, 0x50, 0x2f, 0x31, 0x2e, 0x30, 0x20, 0x32, 
	0x30, 0x30, 0x20, 0x4f, 0x4b, 0xd, 0xa, 0x53, 0x65, 0x72, 
	0x76, 0x65, 0x72, 0x3a, 0x20, 0x6c, 0x77, 0x49, 0x50, 0x2f, 
	0x70, 0x72, 0x65, 0x2d, 0x30, 0x2e, 0x36, 0x20, 0x28, 0x68, 
	0x74, 0x74, 0x70, 0x3a, 0x2f, 0x2f, 0x77, 0x77, 0x77, 0x2e, 
	0x73, 0x69, 0x63, 0x73, 0x2e, 0x73, 0x65, 0x2f, 0x7e, 0x61, 
	0x64, 0x61, 0x6d, 0x2f, 0x6c, 0x77, 0x69, 0x70, 0x2f, 0x29, 
	0xd, 0xa, 0x43, 0x6f, 0x6e, 0x74, 0x65, 0x6e, 0x74, 0x2d, 
	0x74, 0x79, 0x70, 0x65, 0x3a, 0x20, 0x74, 0x65, 0x78, 0x74, 
	0x2f, 0x63, 0x73, 0x73, 0xd, 0xa, 0xd, 0xa, 0x2f, 0x2a, 
	0x2a, 0xd, 0xa, 0x20, 0x2a, 0x20, 0x73, 0x74, 0x79, 0x6c, 
	0x65, 0x5f, 0x73, 0x65, 0x74, 0x74, 0x69, 0x6e, 0x67, 0x73, 
	0x2e, 0x63, 0x73, 0x73, 0xd, 0xa, 0x20, 0x2a, 0x20, 0x53, 
	0x65, 0x74, 0x74, 0x69, 0x6e, 0x67, 0x73, 0x20, 0x70, 0x61, 
	0x67, 0x65, 0x20, 0x6c, 0x61, 0x79, 0x6f, 0x75, 0x74, 0x20, 
	0x2b, 0x20, 0x66, 0x6f, 0x72, 0x6d, 0x20, 0x63, 0x6f, 0x6d, 
	0x70, 0x6f, 0x6e, 0x65, 0x6e, 0x74, 0x73, 0x2e, 0xd, 0xa, 
	0x20, 0x2a, 0xd, 0xa, 0x20, 0x2a, 0x20, 0x4e, 0x6f, 0x74, 
	0x65, 0x73, 0x3a, 0xd, 0xa, 0x20, 0x2a, 0x20, 0x2d, 0x20, 
	0x54, 0x68, 0x69, 0x73, 0x20, 0x66, 0x69, 0x6c, 0x65, 0x20, 
	0x6f, 0x6e, 0x6c, 0x79, 0x20, 0x63, 0x6f, 0x6e, 0x74, 0x61, 
	0x69, 0x6e, 0x73, 0x20, 0x72, 0x75, 0x6c, 0x65, 0x73, 0x20, 
	0x75, 0x73, 0x65, 0x64, 0x20, 0x62, 0x79, 0x20, 0x73, 0x65, 
	0x74, 0x74, 0x69, 0x6e, 0x67, 0x73, 0x2e, 0x73, 0x68, 0x74, 
	0x6d, 0x6c, 0x2e, 0xd, 0xa, 0x20, 0x2a, 0x20, 0x2d, 0x20, 
	0x56, 0x69, 0x73, 0x75, 0x61, 0x6c, 0x20, 0x74, 0x6f, 0x6b, 
	0x65, 0x6e, 0x73, 0x20, 0x28, 0x63, 0x6f, 0x6c, 0x6f, 0x72, 
	0x73, 0x2c, 0x20, 0x74, 0x79, 0x70, 0x6f, 0x67, 0x72, 0x61, 
	0x70, 0x68, 0x79, 0x2c, 0x20, 0x73, 0x68, 0x61, 0x64, 0x6f, 
	0x77, 0x73, 0x29, 0x20, 0x61, 0x72, 0x65, 0x20, 0x65, 0x78, 
	0x70, 0x65, 0x63, 0x74, 0x65, 0x64, 0x20, 0x74, 0x6f, 0x20, 
	0x63, 0x6f, 0x6d, 0x65, 0x20, 0x66, 0x72, 0x6f, 0x6d, 0x20, 
	0x73, 0x74, 0x79, 0x6c, 0x65, 0x2e, 0x63, 0x73, 0x73, 0x2e, 
	0xd, 0xa, 0x20, 0x2a, 0x20, 0x2d, 0x20, 0x41, 0x20, 0x73, 
	0x6d, 0x61, 0x6c, 0x6c, 0x20, 0x66, 0x61, 0x6c, 0x6c, 0x62, 
	0x61, 0x63, 0x6b, 0x20, 0x69, 0x73, 0x20, 0x70, 0x72, 0x6f, 
	0x76, 0x69, 0x64, 0x65, 0x64, 0x20, 0x66, 0x6f, 0x72, 0x20, 
	0x2d, 0x2d, 0x62, 0x6f, 0x72, 0x64, 0x65, 0x72, 0x20, 0x74, 
	0x6f, 0x20, 0x61, 0x76, 0x6f, 0x69, 0x64, 0x20, 0x62, 0x72, 
	0x6f, 0x6b, 0x65, 0x6e, 0x20, 0x72, 0x65, 0x6e, 0x64, 0x65, 
	0x72, 0x69, 0x6e, 0x67, 0xd, 0xa, 0x20, 0x2a, 0x20, 0x20, 
	0x20, 0x69, 0x66, 0x20, 0x74, 0x68, 0x65, 0x20, 0x67, 0x6c, 
	0x6f, 0x62, 0x61, 0x6c, 0x20, 0x74, 0x68, 0x65, 0x6d, 0x65, 
	0x20, 0x69, 0x73, 0x20, 0x6e, 0x6f, 0x74, 0x20, 0x6c, 0x6f, 
	0x61, 0x64, 0x65, 0x64, 0x2e, 0xd, 0xa, 0x20, 0x2a, 0x2f, 
	0xd, 0xa, 0xd, 0xa, 0x3a, 0x72, 0x6f, 0x6f, 0x74, 0x7b, 
	0xd, 0xa, 0x20, 0x20, 0x2f, 0x2a, 0x20, 0x46, 0x61, 0x6c, 
	0x6c, 0x62, 0x61, 0x63, 0x6b, 0x20, 0x74, 0x6f, 0x6b, 0x65, 
	0x6e, 0x20, 0x75, 0x73, 0x65, 0x64, 0x20, 0x62, 0x79, 0x20, 
	0x74, 0x68, 0x69, 0x73, 0x20, 0x70, 0x61, 0x67, 0x65, 0x20, 
	0x2a, 0x2f, 0xd, 0xa, 0x20, 0x20, 0x2d, 0x2d, 0x62, 0x6f, 
	0x72, 0x64, 0x65, 0x72, 0x3a, 0x20, 0x72, 0x67, 0x62, 0x61, 
	0x28, 0x32, 0x35, 0x35, 0x2c, 0x32, 0x35, 0x35, 0x2c, 0x32, 
	0x35, 0x35, 0x2c, 0x30, 0x2e, 0x31, 0x30, 0x29, 0x3b, 0xd, 
	0xa, 0x7d, 0xd, 0xa, 0xd, 0xa, 0xd, 0xa, 0x2f, 0x2a, 
	0x20, 0x3d, 0x3d, 0x3d, 0x3d, 0x3d, 0x3d, 0x3d, 0x3d, 0x3d, 
	0x3d, 0x3d, 0x3d, 0x3d, 0x3d, 0x3d, 0x3d, 0x3d, 0x3d, 0x3d, 
	0x3d, 0x3d, 0x3d, 0x3d, 0x3d, 0x3d, 0x3d, 0x3d, 0x3d, 0x3d, 
	0x3d, 0x3d, 0x3d, 0x3d, 0x3d, 0x3d, 0x3d, 0x3d, 0x3d, 0x3d, 
	0x3d, 0x3d, 0x3d, 0x3d, 0x3d, 0x3d, 0x3d, 0x3d, 0x3d, 0x3d, 
	0x3d, 0x3d, 0x3d, 0x3d, 0x3d, 0x3d, 0x3d, 0x3d, 0xd, 0xa, 
	0x20, 0x20, 0x20, 0x50, 0x61, 0x67, 0x65, 0x20, 0x63, 0x6f, 
	0x6e, 0x74, 0x61, 0x69, 0x6e, 0x65, 0x72, 0xd, 0xa, 0x20, 
	0x20, 0x20, 0x3d, 0x3d, 0x3d, 0x3d, 0x3d, 0x3d, 0x3d, 0x3d, 
	0x3d, 0x3d, 0x3d, 0x3d, 0x3d, 0x3d, 0x3d, 0x3d, 0x3d, 0x3d, 
	0x3d, 0x3d, 0x3d, 0x3d, 0x3d, 0x3d, 0x3d, 0x3d, 0x3d, 0x3d, 
	0x3d, 0x3d, 0x3d, 0x3d, 0x3d, 0x3d, 0x3d, 0x3d, 0x3d, 0x3d, 
	0x3d, 0x3d, 0x3d, 0x3d, 0x3d, 0x3d, 0x3d, 0x3d, 0x3d, 0x3d, 
	0x3d, 0x3d, 0x3d, 0x3d, 0x3d, 0x3d, 0x3d, 0x3d, 0x3d, 0x20, 
	0x2a, 0x2f, 0xd, 0xa, 0xd, 0xa, 0x2f, 0x2a, 0x2a, 0xd, 
	0xa, 0x20, 0x2a, 0x20, 0x4d, 0x61, 0x69, 0x6e, 0x20, 0x63, 
	0x6f, 0x6e, 0x74, 0x65, 0x6e, 0x74, 0x20, 0x77, 0x72, 0x61, 
	0x70, 0x70, 0x65, 0x72, 0x2e, 0xd, 0xa, 0x20, 0x2a, 0x20, 
	0x50, 0x61, 0x64, 0x64, 0x69, 0x6e, 0x67, 0x2d, 0x74, 0x6f, 
	0x70, 0x20, 0x70, 0x72, 0x6f, 0x76, 0x69, 0x64, 0x65, 0x73, 
	0x20, 0x63, 0x6c, 0x65, 0x61, 0x72, 0x61, 0x6e, 0x63, 0x65, 
	0x20, 0x66, 0x6f, 0x72, 0x20, 0x74, 0x68, 0x65, 0x20, 0x66, 
	0x69, 0x78, 0x65, 0x64, 0x20, 0x6e, 0x61, 0x76, 0x62, 0x61, 
	0x72, 0x2e, 0xd, 0xa, 0x20, 0x2a, 0x2f, 0xd, 0xa, 0x2e, 
	0x77, 0x72, 0x61, 0x70, 0x7b, 0xd, 0xa, 0x20, 0x20, 0x77, 
	0x69, 0x64, 0x74, 0x68, 0x3a, 0x20, 0x6d, 0x69, 0x6e, 0x28, 
	0x39, 0x38, 0x30, 0x70, 0x78, 0x2c, 0x20, 0x31, 0x30, 0x30, 
	0x25, 0x29, 0x3b, 0xd, 0xa, 0x20, 0x20, 0x70, 0x61, 0x64, 
	0x64, 0x69, 0x6e, 0x67, 0x2d, 0x74, 0x6f, 0x70, 0x3a, 0x20, 
	0x39, 0x32, 0x70, 0x78, 0x3b, 0xd, 0xa, 0x7d, 0xd, 0xa, 
	0xd, 0xa, 0xd, 0xa, 0x2f, 0x2a, 0x20, 0x3d, 0x3d, 0x3d, 
	0x3d, 0x3d, 0x3d, 0x3d, 0x3d, 0x3d, 0x3d, 0x3d, 0x3d, 0x3d, 
	0x3d, 0x3d, 0x3d, 0x3d, 0x3d, 0x3d, 0x3d, 0x3d, 0x3d, 0x3d, 
	0x3d, 0x3d, 0x3d, 0x3d, 0x3d, 0x3d, 0x3d, 0x3d, 0x3d, 0x3d, 
	0x3d, 0x3d, 0x3d, 0x3d, 0x3d, 0x3d, 0x3d, 0x3d, 0x3d, 0x3d, 
	0x3d, 0x3d, 0x3d, 0x3d, 0x3d, 0x3d, 0x3d, 0x3d, 0x3d, 0x3d, 
	0x3d, 0x3d, 0x3d, 0x3d, 0xd, 0xa, 0x20, 0x20, 0x20, 0x50, 
	0x61, 0x67, 0x65, 0x20, 0x68, 0x65, 0x61, 0x64, 0x65, 0x72, 
	0xd, 0xa, 0x20, 0x20, 0x20, 0x3d, 0x3d, 0x3d, 0x3d, 0x3d, 
	0x3d, 0x3d, 0x3d, 0x3d, 0x3d, 0x3d, 0x3d, 0x3d, 0x3d, 0x3d, 
	0x3d, 0x3d, 0x3d, 0x3d, 0x3d, 0x3d, 0x3d, 0x3d, 0x3d, 0x3d, 
	0x3d, 0x3d, 0x3d, 0x3d, 0x3d, 0x3d, 0x3d, 0x3d, 0x3d, 0x3d, 
	0x3d, 0x3d, 0x3d, 0x3d, 0x3d, 0x3d, 0x3d, 0x3d, 0x3d, 0x3d, 
	0x3d, 0x3d, 0x3d, 0x3d, 0x3d, 0x3d, 0x3d, 0x3d, 0x3d, 0x3d, 
	0x3d, 0x3d, 0x20, 0x2a, 0x2f, 0xd, 0xa, 0xd, 0xa, 0x2f, 
	0x2a, 0x2a, 0xd, 0xa, 0x20, 0x2a, 0x20, 0x48, 0x65, 0x61, 
	0x64, 0x65, 0x72, 0x20, 0x72, 0x6f, 0x77, 0x20, 0x63, 0x6f, 
	0x6e, 0x74, 0x61, 0x69, 0x6e, 0x69, 0x6e, 0x67, 0x20, 0x74, 
	0x68, 0x65, 0x20, 0x70, 0x61, 0x67, 0x65, 0x20, 0x74, 0x69, 
	0x74, 0x6c, 0x65, 0x20, 0x28, 0x61, 0x6e, 0x64, 0x20, 0x6f, 
	0x70, 0x74, 0x69, 0x6f, 0x6e, 0x61, 0x6c, 0x20, 0x66, 0x75, 
	0x74, 0x75, 0x72, 0x65, 0x20, 0x77, 0x69, 0x64, 0x67, 0x65, 
	0x74, 0x73, 0x29, 0x2e, 0xd, 0xa, 0x20, 0x2a, 0x20, 0x55, 
	0x73, 0x65, 0x73, 0x20, 0x66, 0x6c, 0x65, 0x78, 0x20, 0x73, 
	0x6f, 0x20, 0x61, 0x64, 0x64, 0x69, 0x74, 0x69, 0x6f, 0x6e, 
	0x61, 0x6c, 0x20, 0x65, 0x6c, 0x65, 0x6d, 0x65, 0x6e, 0x74, 
	0x73, 0x20, 0x63, 0x61, 0x6e, 0x20, 0x62, 0x65, 0x20, 0x70, 
	0x6c, 0x61, 0x63, 0x65, 0x64, 0x20, 0x6f, 0x6e, 0x20, 0x74, 
	0x68, 0x65, 0x20, 0x72, 0x69, 0x67, 0x68, 0x74, 0x20, 0x73, 
	0x69, 0x64, 0x65, 0x2e, 0xd, 0xa, 0x20, 0x2a, 0x2f, 0xd, 
	0xa, 0x2e, 0x70, 0x61, 0x67, 0x65, 0x2d, 0x68, 0x65, 0x61, 
	0x64, 0x7b, 0xd, 0xa, 0x20, 0x20, 0x64, 0x69, 0x73, 0x70, 
	0x6c, 0x61, 0x79, 0x3a, 0x20, 0x66, 0x6c, 0x65, 0x78, 0x3b, 
	0xd, 0xa, 0x20, 0x20, 0x61, 0x6c, 0x69, 0x67, 0x6e, 0x2d, 
	0x69, 0x74, 0x65, 0x6d, 0x73, 0x3a, 0x20, 0x66, 0x6c, 0x65, 
	0x78, 0x2d, 0x65, 0x6e, 0x64, 0x3b, 0xd, 0xa, 0x20, 0x20, 
	0x6a, 0x75, 0x73, 0x74, 0x69, 0x66, 0x79, 0x2d, 0x63, 0x6f, 
	0x6e, 0x74, 0x65, 0x6e, 0x74, 0x3a, 0x20, 0x73, 0x70, 0x61, 
	0x63, 0x65, 0x2d, 0x62, 0x65, 0x74, 0x77, 0x65, 0x65, 0x6e, 
	0x3b, 0xd, 0xa, 0x20, 0x20, 0x67, 0x61, 0x70, 0x3a, 0x20, 
	0x31, 0x34, 0x70, 0x78, 0x3b, 0xd, 0xa, 0x20, 0x20, 0x6d, 
	0x61, 0x72, 0x67, 0x69, 0x6e, 0x2d, 0x62, 0x6f, 0x74, 0x74, 
	0x6f, 0x6d, 0x3a, 0x20, 0x31, 0x38, 0x70, 0x78, 0x3b, 0xd, 
	0xa, 0x7d, 0xd, 0xa, 0xd, 0xa, 0xd, 0xa, 0x2f, 0x2a, 
	0x20, 0x3d, 0x3d, 0x3d, 0x3d, 0x3d, 0x3d, 0x3d, 0x3d, 0x3d, 
	0x3d, 0x3d, 0x3d, 0x3d, 0x3d, 0x3d, 0x3d, 0x3d, 0x3d, 0x3d, 
	0x3d, 0x3d, 0x3d, 0x3d, 0x3d, 0x3d, 0x3d, 0x3d, 0x3d, 0x3d, 
	0x3d, 0x3d, 0x3d, 0x3d, 0x3d, 0x3d, 0x3d, 0x3d, 0x3d, 0x3d, 
	0x3d, 0x3d, 0x3d, 0x3d, 0x3d, 0x3d, 0x3d, 0x3d, 0x3d, 0x3d, 
	0x3d, 0x3d, 0x3d, 0x3d, 0x3d, 0x3d, 0x3d, 0x3d, 0xd, 0xa, 
	0x20, 0x20, 0x20, 0x52, 0x65, 0x73, 0x70, 0x6f, 0x6e, 0x73, 
	0x69, 0x76, 0x65, 0x20, 0x67, 0x72, 0x69, 0x64, 0x20, 0x6c, 
	0x61, 0x79, 0x6f, 0x75, 0x74, 0xd, 0xa, 0x20, 0x20, 0x20, 
	0x3d, 0x3d, 0x3d, 0x3d, 0x3d, 0x3d, 0x3d, 0x3d, 0x3d, 0x3d, 
	0x3d, 0x3d, 0x3d, 0x3d, 0x3d, 0x3d, 0x3d, 0x3d, 0x3d, 0x3d, 
	0x3d, 0x3d, 0x3d, 0x3d, 0x3d, 0x3d, 0x3d, 0x3d, 0x3d, 0x3d, 
	0x3d, 0x3d, 0x3d, 0x3d, 0x3d, 0x3d, 0x3d, 0x3d, 0x3d, 0x3d, 
	0x3d, 0x3d, 0x3d, 0x3d, 0x3d, 0x3d, 0x3d, 0x3d, 0x3d, 0x3d, 
	0x3d, 0x3d, 0x3d, 0x3d, 0x3d, 0x3d, 0x3d, 0x20, 0x2a, 0x2f, 
	0xd, 0xa, 0xd, 0xa, 0x2f, 0x2a, 0x2a, 0xd, 0xa, 0x20, 
	0x2a, 0x20, 0x54, 0x77, 0x6f, 0x2d, 0x63, 0x6f, 0x6c, 0x75, 
	0x6d, 0x6e, 0x20, 0x6c, 0x61, 0x79, 0x6f, 0x75, 0x74, 0x20, 
	0x6f, 0x6e, 0x20, 0x64, 0x65, 0x73, 0x6b, 0x74, 0x6f, 0x70, 
	0x2c, 0xd, 0xa, 0x20, 0x2a, 0x20, 0x63, 0x6f, 0x6c, 0x6c, 
	0x61, 0x70, 0x73, 0x65, 0x73, 0x20, 0x74, 0x6f, 0x20, 0x61, 
	0x20, 0x73, 0x69, 0x6e, 0x67, 0x6c, 0x65, 0x20, 0x63, 0x6f, 
	0x6c, 0x75, 0x6d, 0x6e, 0x20, 0x6f, 0x6e, 0x20, 0x73, 0x6d, 
	0x61, 0x6c, 0x6c, 0x65, 0x72, 0x20, 0x73, 0x63, 0x72, 0x65, 
	0x65, 0x6e, 0x73, 0x2e, 0xd, 0xa, 0x20, 0x2a, 0x2f, 0xd, 
	0xa, 0x2e, 0x67, 0x72, 0x69, 0x64, 0x7b, 0xd, 0xa, 0x20, 
	0x20, 0x64, 0x69, 0x73, 0x70, 0x6c, 0x61, 0x79, 0x3a, 0x20, 
	0x67, 0x72, 0x69, 0x64, 0x3b, 0xd, 0xa, 0x20, 0x20, 0x67, 
	0x72, 0x69, 0x64, 0x2d, 0x74, 0x65, 0x6d, 0x70, 0x6c, 0x61, 
	0x74, 0x65, 0x2d, 0x63, 0x6f, 0x6c, 0x75, 0x6d, 0x6e, 0x73, 
	0x3a, 0x20, 0x72, 0x65, 0x70, 0x65, 0x61, 0x74, 0x28, 0x32, 
	0x2c, 0x20, 0x6d, 0x69, 0x6e, 0x6d, 0x61, 0x78, 0x28, 0x30, 
	0x2c, 0x20, 0x31, 0x66, 0x72, 0x29, 0x29, 0x3b, 0xd, 0xa, 
	0x20, 0x20, 0x67, 0x61, 0x70, 0x3a, 0x20, 0x31, 0x36, 0x70, 
	0x78, 0x3b, 0xd, 0xa, 0x7d, 0xd, 0xa, 0xd, 0xa, 0x40, 
	0x6d, 0x65, 0x64, 0x69, 0x61, 0x20, 0x28, 0x6d, 0x61, 0x78, 
	0x2d, 0x77, 0x69, 0x64, 0x74, 0x68, 0x3a, 0x20, 0x38, 0x34, 
	0x30, 0x70, 0x78, 0x29, 0x7b, 0xd, 0xa, 0x20, 0x20, 0x2e, 
	0x67, 0x72, 0x69, 0x64, 0x7b, 0xd, 0xa, 0x20, 0x20, 0x20, 
	0x20, 0x67, 0x72, 0x69, 0x64, 0x2d, 0x74, 0x65, 0x6d, 0x70, 
	0x6c, 0x61, 0x74, 0x65, 0x2d, 0x63, 0x6f, 0x6c, 0x75, 0x6d, 
	0x6e, 0x73, 0x3a, 0x20, 0x31, 0x66, 0x72, 0x3b, 0xd, 0xa, 
	0x20, 0x20, 0x7d, 0xd, 0xa, 0x7d, 0xd, 0xa, 0xd, 0xa, 
	0xd, 0xa, 0x2f, 0x2a, 0x20, 0x3d, 0x3d, 0x3d, 0x3d, 0x3d, 
	0x3d, 0x3d, 0x3d, 0x3d, 0x3d, 0x3d, 0x3d, 0x3d, 0x3d, 0x3d, 
	0x3d, 0x3d, 0x3d, 0x3d, 0x3d, 0x3d, 0x3d, 0x3d, 0x3d, 0x3d, 
	0x3d, 0x3d, 0x3d, 0x3d, 0x3d, 0x3d, 0x3d, 0x3d, 0x3d, 0x3d, 
	0x3d, 0x3d, 0x3d, 0x3d, 0x3d, 0x3d, 0x3d, 0x3d, 0x3d, 0x3d, 
	0x3d, 0x3d, 0x3d, 0x3d, 0x3d, 0x3d, 0x3d, 0x3d, 0x3d, 0x3d, 
	0x3d, 0x3d, 0xd, 0xa, 0x20, 0x20, 0x20, 0x43, 0x61, 0x72, 
	0x64, 0x20, 0x63, 0x6f, 0x6d, 0x70, 0x6f, 0x6e, 0x65, 0x6e, 
	0x74, 0xd, 0xa, 0x20, 0x20, 0x20, 0x3d, 0x3d, 0x3d, 0x3d, 
	0x3d, 0x3d, 0x3d, 0x3d, 0x3d, 0x3d, 0x3d, 0x3d, 0x3d, 0x3d, 
	0x3d, 0x3d, 0x3d, 0x3d, 0x3d, 0x3d, 0x3d, 0x3d, 0x3d, 0x3d, 
	0x3d, 0x3d, 0x3d, 0x3d, 0x3d, 0x3d, 0x3d, 0x3d, 0x3d, 0x3d, 
	0x3d, 0x3d, 0x3d, 0x3d, 0x3d, 0x3d, 0x3d, 0x3d, 0x3d, 0x3d, 
	0x3d, 0x3d, 0x3d, 0x3d, 0x3d, 0x3d, 0x3d, 0x3d, 0x3d, 0x3d, 
	0x3d, 0x3d, 0x3d, 0x20, 0x2a, 0x2f, 0xd, 0xa, 0xd, 0xa, 
	0x2f, 0x2a, 0x2a, 0xd, 0xa, 0x20, 0x2a, 0x20, 0x43, 0x61, 
	0x72, 0x64, 0x20, 0x63, 0x6f, 0x6e, 0x74, 0x61, 0x69, 0x6e, 
	0x65, 0x72, 0x20, 0x66, 0x6f, 0x72, 0x20, 0x65, 0x61, 0x63, 
	0x68, 0x20, 0x73, 0x65, 0x74, 0x74, 0x69, 0x6e, 0x67, 0x73, 
	0x20, 0x73, 0x65, 0x63, 0x74, 0x69, 0x6f, 0x6e, 0x2e, 0xd, 
	0xa, 0x20, 0x2a, 0x20, 0x55, 0x73, 0x65, 0x73, 0x20, 0x74, 
	0x68, 0x65, 0x6d, 0x65, 0x20, 0x74, 0x6f, 0x6b, 0x65, 0x6e, 
	0x73, 0x20, 0x66, 0x6f, 0x72, 0x20, 0x63, 0x6f, 0x6e, 0x73, 
	0x69, 0x73, 0x74, 0x65, 0x6e, 0x74, 0x20, 0x6c, 0x6f, 0x6f, 
	0x6b, 0x20, 0x61, 0x63, 0x72, 0x6f, 0x73, 0x73, 0x20, 0x70, 
	0x61, 0x67, 0x65, 0x73, 0x2e, 0xd, 0xa, 0x20, 0x2a, 0x2f, 
	0xd, 0xa, 0x2e, 0x63, 0x61, 0x72, 0x64, 0x7b, 0xd, 0xa, 
	0x20, 0x20, 0x62, 0x61, 0x63, 0x6b, 0x67, 0x72, 0x6f, 0x75, 
	0x6e, 0x64, 0x3a, 0x20, 0x76, 0x61, 0x72, 0x28, 0x2d, 0x2d, 
	0x63, 0x61, 0x72, 0x64, 0x29, 0x3b, 0xd, 0xa, 0x20, 0x20, 
	0x62, 0x6f, 0x72, 0x64, 0x65, 0x72, 0x3a, 0x20, 0x31, 0x70, 
	0x78, 0x20, 0x73, 0x6f, 0x6c, 0x69, 0x64, 0x20, 0x76, 0x61, 
	0x72, 0x28, 0x2d, 0x2d, 0x62, 0x6f, 0x72, 0x64, 0x65, 0x72, 
	0x29, 0x3b, 0xd, 0xa, 0x20, 0x20, 0x62, 0x6f, 0x72, 0x64, 
	0x65, 0x72, 0x2d, 0x72, 0x61, 0x64, 0x69, 0x75, 0x73, 0x3a, 
	0x20, 0x32, 0x32, 0x70, 0x78, 0x3b, 0xd, 0xa, 0x20, 0x20, 
	0x62, 0x6f, 0x78, 0x2d, 0x73, 0x68, 0x61, 0x64, 0x6f, 0x77, 
	0x3a, 0x20, 0x76, 0x61, 0x72, 0x28, 0x2d, 0x2d, 0x73, 0x68, 
	0x61, 0x64, 0x6f, 0x77, 0x29, 0x3b, 0xd, 0xa, 0xd, 0xa, 
	0x20, 0x20, 0x70, 0x61, 0x64, 0x64, 0x69, 0x6e, 0x67, 0x3a, 
	0x20, 0x31, 0x38, 0x70, 0x78, 0x3b, 0xd, 0xa, 0x20, 0x20, 
	0x70, 0x6f, 0x73, 0x69, 0x74, 0x69, 0x6f, 0x6e, 0x3a, 0x20, 
	0x72, 0x65, 0x6c, 0x61, 0x74, 0x69, 0x76, 0x65, 0x3b, 0xd, 
	0xa, 0x20, 0x20, 0x6f, 0x76, 0x65, 0x72, 0x66, 0x6c, 0x6f, 
	0x77, 0x3a, 0x20, 0x68, 0x69, 0x64, 0x64, 0x65, 0x6e, 0x3b, 
	0x20, 0x2f, 0x2a, 0x20, 0x6b, 0x65, 0x65, 0x70, 0x73, 0x20, 
	0x64, 0x65, 0x63, 0x6f, 0x72, 0x61, 0x74, 0x69, 0x76, 0x65, 
	0x20, 0x67, 0x6c, 0x6f, 0x77, 0x20, 0x69, 0x6e, 0x73, 0x69, 
	0x64, 0x65, 0x20, 0x72, 0x6f, 0x75, 0x6e, 0x64, 0x65, 0x64, 
	0x20, 0x63, 0x6f, 0x72, 0x6e, 0x65, 0x72, 0x73, 0x20, 0x2a, 
	0x2f, 0xd, 0xa, 0x7d, 0xd, 0xa, 0xd, 0xa, 0x2f, 0x2a, 
	0x2a, 0xd, 0xa, 0x20, 0x2a, 0x20, 0x44, 0x65, 0x63, 0x6f, 
	0x72, 0x61, 0x74, 0x69, 0x76, 0x65, 0x20, 0x67, 0x6c, 0x6f, 
	0x77, 0x20, 0x6c, 0x61, 0x79, 0x65, 0x72, 0x2e, 0xd, 0xa, 
	0x20, 0x2a, 0x20, 0x50, 0x6f, 0x69, 0x6e, 0x74, 0x65, 0x72, 
	0x20, 0x65, 0x76, 0x65, 0x6e, 0x74, 0x73, 0x20, 0x64, 0x69, 
	0x73, 0x61, 0x62, 0x6c, 0x65, 0x64, 0x20, 0x74, 0x6f, 0x20, 
	0x70, 0x72, 0x65, 0x76, 0x65, 0x6e, 0x74, 0x20, 0x69, 0x6e, 
	0x74, 0x65, 0x72, 0x66, 0x65, 0x72, 0x69, 0x6e, 0x67, 0x20, 
	0x77, 0x69, 0x74, 0x68, 0x20, 0x69, 0x6e, 0x70, 0x75, 0x74, 
	0x73, 0x2f, 0x62, 0x75, 0x74, 0x74, 0x6f, 0x6e, 0x73, 0x2e, 
	0xd, 0xa, 0x20, 0x2a, 0x2f, 0xd, 0xa, 0x2e, 0x63, 0x61, 
	0x72, 0x64, 0x3a, 0x3a, 0x62, 0x65, 0x66, 0x6f, 0x72, 0x65, 
	0x7b, 0xd, 0xa, 0x20, 0x20, 0x63, 0x6f, 0x6e, 0x74, 0x65, 
	0x6e, 0x74, 0x3a, 0x22, 0x22, 0x3b, 0xd, 0xa, 0x20, 0x20, 
	0x70, 0x6f, 0x73, 0x69, 0x74, 0x69, 0x6f, 0x6e, 0x3a, 0x20, 
	0x61, 0x62, 0x73, 0x6f, 0x6c, 0x75, 0x74, 0x65, 0x3b, 0xd, 
	0xa, 0x20, 0x20, 0x69, 0x6e, 0x73, 0x65, 0x74, 0x3a, 0x20, 
	0x2d, 0x32, 0x70, 0x78, 0x3b, 0xd, 0xa, 0x20, 0x20, 0x62, 
	0x61, 0x63, 0x6b, 0x67, 0x72, 0x6f, 0x75, 0x6e, 0x64, 0x3a, 
	0xd, 0xa, 0x20, 0x20, 0x20, 0x20, 0x72, 0x61, 0x64, 0x69, 
	0x61, 0x6c, 0x2d, 0x67, 0x72, 0x61, 0x64, 0x69, 0x65, 0x6e, 
	0x74, 0x28, 0x35, 0x30, 0x30, 0x70, 0x78, 0x20, 0x32, 0x30, 
	0x30, 0x70, 0x78, 0x20, 0x61, 0x74, 0x20, 0x33, 0x30, 0x25, 
	0x20, 0x30, 0x25, 0x2c, 0x20, 0x72, 0x67, 0x62, 0x61, 0x28, 
	0x35, 0x38, 0x2c, 0x31, 0x30, 0x33, 0x2c, 0x32, 0x35, 0x35, 
	0x2c, 0x30, 0x2e, 0x32, 0x30, 0x29, 0x2c, 0x20, 0x74, 0x72, 
	0x61, 0x6e, 0x73, 0x70, 0x61, 0x72, 0x65, 0x6e, 0x74, 0x20, 
	0x36, 0x30, 0x25, 0x29, 0x2c, 0xd, 0xa, 0x20, 0x20, 0x20, 
	0x20, 0x72, 0x61, 0x64, 0x69, 0x61, 0x6c, 0x2d, 0x67, 0x72, 
	0x61, 0x64, 0x69, 0x65, 0x6e, 0x74, 0x28, 0x34, 0x30, 0x30, 
	0x70, 0x78, 0x20, 0x31, 0x38, 0x30, 0x70, 0x78, 0x20, 0x61, 
	0x74, 0x20, 0x38, 0x30, 0x25, 0x20, 0x31, 0x30, 0x25, 0x2c, 
	0x20, 0x72, 0x67, 0x62, 0x61, 0x28, 0x32, 0x30, 0x2c, 0x32, 
	0x34, 0x30, 0x2c, 0x32, 0x35, 0x35, 0x2c, 0x30, 0x2e, 0x31, 
	0x36, 0x29, 0x2c, 0x20, 0x74, 0x72, 0x61, 0x6e, 0x73, 0x70, 
	0x61, 0x72, 0x65, 0x6e, 0x74, 0x20, 0x35, 0x35, 0x25, 0x29, 
	0x3b, 0xd, 0xa, 0x20, 0x20, 0x70, 0x6f, 0x69, 0x6e, 0x74, 
	0x65, 0x72, 0x2d, 0x65, 0x76, 0x65, 0x6e, 0x74, 0x73, 0x3a, 
	0x20, 0x6e, 0x6f, 0x6e, 0x65, 0x3b, 0xd, 0xa, 0x7d, 0xd, 
	0xa, 0xd, 0xa, 0x2f, 0x2a, 0x2a, 0xd, 0xa, 0x20, 0x2a, 
	0x20, 0x45, 0x6e, 0x73, 0x75, 0x72, 0x65, 0x20, 0x63, 0x61, 
	0x72, 0x64, 0x20, 0x63, 0x6f, 0x6e, 0x74, 0x65, 0x6e, 0x74, 
	0x20, 0x73, 0x74, 0x61, 0x79, 0x73, 0x20, 0x61, 0x62, 0x6f, 
	0x76, 0x65, 0x20, 0x74, 0x68, 0x65, 0x20, 0x64, 0x65, 0x63, 
	0x6f, 0x72, 0x61, 0x74, 0x69, 0x76, 0x65, 0x20, 0x62, 0x61, 
	0x63, 0x6b, 0x67, 0x72, 0x6f, 0x75, 0x6e, 0x64, 0x2e, 0xd, 
	0xa, 0x20, 0x2a, 0x2f, 0xd, 0xa, 0x2e, 0x63, 0x61, 0x72, 
	0x64, 0x20, 0x3e, 0x20, 0x2a, 0x7b, 0xd, 0xa, 0x20, 0x20, 
	0x70, 0x6f, 0x73, 0x69, 0x74, 0x69, 0x6f, 0x6e, 0x3a, 0x20, 
	0x72, 0x65, 0x6c, 0x61, 0x74, 0x69, 0x76, 0x65, 0x3b, 0xd, 
	0xa, 0x20, 0x20, 0x7a, 0x2d, 0x69, 0x6e, 0x64, 0x65, 0x78, 
	0x3a, 0x20, 0x31, 0x3b, 0xd, 0xa, 0x7d, 0xd, 0xa, 0xd, 
	0xa, 0xd, 0xa, 0x2f, 0x2a, 0x20, 0x3d, 0x3d, 0x3d, 0x3d, 
	0x3d, 0x3d, 0x3d, 0x3d, 0x3d, 0x3d, 0x3d, 0x3d, 0x3d, 0x3d, 
	0x3d, 0x3d, 0x3d, 0x3d, 0x3d, 0x3d, 0x3d, 0x3d, 0x3d, 0x3d, 
	0x3d, 0x3d, 0x3d, 0x3d, 0x3d, 0x3d, 0x3d, 0x3d, 0x3d, 0x3d, 
	0x3d, 0x3d, 0x3d, 0x3d, 0x3d, 0x3d, 0x3d, 0x3d, 0x3d, 0x3d, 
	0x3d, 0x3d, 0x3d, 0x3d, 0x3d, 0x3d, 0x3d, 0x3d, 0x3d, 0x3d, 
	0x3d, 0x3d, 0x3d, 0xd, 0xa, 0x20, 0x20, 0x20, 0x43, 0x61, 
	0x72, 0x64, 0x20, 0x68, 0x65, 0x61, 0x64, 0x65, 0x72, 0xd, 
	0xa, 0x20, 0x20, 0x20, 0x3d, 0x3d, 0x3d, 0x3d, 0x3d, 0x3d, 
	0x3d, 0x3d, 0x3d, 0x3d, 0x3d, 0x3d, 0x3d, 0x3d, 0x3d, 0x3d, 
	0x3d, 0x3d, 0x3d, 0x3d, 0x3d, 0x3d, 0x3d, 0x3d, 0x3d, 0x3d, 
	0x3d, 0x3d, 0x3d, 0x3d, 0x3d, 0x3d, 0x3d, 0x3d, 0x3d, 0x3d, 
	0x3d, 0x3d, 0x3d, 0x3d, 0x3d, 0x3d, 0x3d, 0x3d, 0x3d, 0x3d, 
	0x3d, 0x3d, 0x3d, 0x3d, 0x3d, 0x3d, 0x3d, 0x3d, 0x3d, 0x3d, 
	0x3d, 0x20, 0x2a, 0x2f, 0xd, 0xa, 0xd, 0xa, 0x2e, 0x63, 
	0x61, 0x72, 0x64, 0x2d, 0x68, 0x65, 0x61, 0x64, 0x7b, 0xd, 
	0xa, 0x20, 0x20, 0x64, 0x69, 0x73, 0x70, 0x6c, 0x61, 0x79, 
	0x3a, 0x20, 0x66, 0x6c, 0x65, 0x78, 0x3b, 0xd, 0xa, 0x20, 
	0x20, 0x61, 0x6c, 0x69, 0x67, 0x6e, 0x2d, 0x69, 0x74, 0x65, 
	0x6d, 0x73, 0x3a, 0x20, 0x66, 0x6c, 0x65, 0x78, 0x2d, 0x73, 
	0x74, 0x61, 0x72, 0x74, 0x3b, 0xd, 0xa, 0x20, 0x20, 0x6a, 
	0x75, 0x73, 0x74, 0x69, 0x66, 0x79, 0x2d, 0x63, 0x6f, 0x6e, 
	0x74, 0x65, 0x6e, 0x74, 0x3a, 0x20, 0x73, 0x70, 0x61, 0x63, 
	0x65, 0x2d, 0x62, 0x65, 0x74, 0x77, 0x65, 0x65, 0x6e, 0x3b, 
	0xd, 0xa, 0x20, 0x20, 0x67, 0x61, 0x70, 0x3a, 0x20, 0x31, 
	0x32, 0x70, 0x78, 0x3b, 0xd, 0xa, 0x20, 0x20, 0x6d, 0x61, 
	0x72, 0x67, 0x69, 0x6e, 0x2d, 0x62, 0x6f, 0x74, 0x74, 0x6f, 
	0x6d, 0x3a, 0x20, 0x31, 0x34, 0x70, 0x78, 0x3b, 0xd, 0xa, 
	0x7d, 0xd, 0xa, 0xd, 0xa, 0x2f, 0x2a, 0x20, 0x53, 0x65, 
	0x63, 0x74, 0x69, 0x6f, 0x6e, 0x20, 0x74, 0x69, 0x74, 0x6c, 
	0x65, 0x20, 0x74, 0x79, 0x70, 0x6f, 0x67, 0x72, 0x61, 0x70, 
	0x68, 0x79, 0x20, 0x2a, 0x2f, 0xd, 0xa, 0x2e, 0x74, 0x69, 
	0x74, 0x6c, 0x65, 0x7b, 0xd, 0xa, 0x20, 0x20, 0x66, 0x6f, 
	0x6e, 0x74, 0x2d, 0x77, 0x65, 0x69, 0x67, 0x68, 0x74, 0x3a, 
	0x20, 0x37, 0x35, 0x30, 0x3b, 0xd, 0xa, 0x20, 0x20, 0x6c, 
	0x65, 0x74, 0x74, 0x65, 0x72, 0x2d, 0x73, 0x70, 0x61, 0x63, 
	0x69, 0x6e, 0x67, 0x3a, 0x20, 0x2e, 0x32, 0x70, 0x78, 0x3b, 
	0xd, 0xa, 0x7d, 0xd, 0xa, 0xd, 0xa, 0x2e, 0x73, 0x75, 
	0x62, 0x74, 0x69, 0x74, 0x6c, 0x65, 0x7b, 0xd, 0xa, 0x20, 
	0x20, 0x63, 0x6f, 0x6c, 0x6f, 0x72, 0x3a, 0x20, 0x76, 0x61, 
	0x72, 0x28, 0x2d, 0x2d, 0x6d, 0x75, 0x74, 0x65, 0x64, 0x29, 
	0x3b, 0xd, 0xa, 0x20, 0x20, 0x66, 0x6f, 0x6e, 0x74, 0x2d, 
	0x73, 0x69, 0x7a, 0x65, 0x3a, 0x20, 0x31, 0x33, 0x70, 0x78, 
	0x3b, 0xd, 0xa, 0x20, 0x20, 0x6d, 0x61, 0x72, 0x67, 0x69, 
	0x6e, 0x2d, 0x74, 0x6f, 0x70, 0x3a, 0x20, 0x34, 0x70, 0x78, 
	0x3b, 0xd, 0xa, 0x7d, 0xd, 0xa, 0xd, 0xa, 0xd, 0xa, 
	0x2f, 0x2a, 0x20, 0x3d, 0x3d, 0x3d, 0x3d, 0x3d, 0x3d, 0x3d, 
	0x3d, 0x3d, 0x3d, 0x3d, 0x3d, 0x3d, 0x3d, 0x3d, 0x3d, 0x3d, 
	0x3d, 0x3d, 0x3d, 0x3d, 0x3d, 0x3d, 0x3d, 0x3d, 0x3d, 0x3d, 
	0x3d, 0x3d, 0x3d, 0x3d, 0x3d, 0x3d, 0x3d, 0x3d, 0x3d, 0x3d, 
	0x3d, 0x3d, 0x3d, 0x3d, 0x3d, 0x3d, 0x3d, 0x3d, 0x3d, 0x3d, 
	0x3d, 0x3d, 0x3d, 0x3d, 0x3d, 0x3d, 0x3d, 0x3d, 0x3d, 0x3d, 
	0xd, 0xa, 0x20, 0x20, 0x20, 0x41, 0x50, 0x49, 0x20, 0x65, 
	0x6e, 0x64, 0x70, 0x6f, 0x69, 0x6e, 0x74, 0x20, 0x62, 0x61, 
	0x64, 0x67, 0x65, 0x20, 0x28, 0x76, 0x69, 0x73, 0x75, 0x61, 
	0x6c, 0x20, 0x68, 0x69, 0x6e, 0x74, 0x20, 0x66, 0x6f, 0x72, 
	0x20, 0x52, 0x45, 0x53, 0x54, 0x20, 0x65, 0x6e, 0x64, 0x70, 
	0x6f, 0x69, 0x6e, 0x74, 0x73, 0x29, 0xd, 0xa, 0x20, 0x20, 
	0x20, 0x3d, 0x3d, 0x3d, 0x3d, 0x3d, 0x3d, 0x3d, 0x3d, 0x3d, 
	0x3d, 0x3d, 0x3d, 0x3d, 0x3d, 0x3d, 0x3d, 0x3d, 0x3d, 0x3d, 
	0x3d, 0x3d, 0x3d, 0x3d, 0x3d, 0x3d, 0x3d, 0x3d, 0x3d, 0x3d, 
	0x3d, 0x3d, 0x3d, 0x3d, 0x3d, 0x3d, 0x3d, 0x3d, 0x3d, 0x3d, 
	0x3d, 0x3d, 0x3d, 0x3d, 0x3d, 0x3d, 0x3d, 0x3d, 0x3d, 0x3d, 
	0x3d, 0x3d, 0x3d, 0x3d, 0x3d, 0x3d, 0x3d, 0x3d, 0x20, 0x2a, 
	0x2f, 0xd, 0xa, 0xd, 0xa, 0x2e, 0x62, 0x61, 0x64, 0x67, 
	0x65, 0x7b, 0xd, 0xa, 0x20, 0x20, 0x66, 0x6f, 0x6e, 0x74, 
	0x2d, 0x73, 0x69, 0x7a, 0x65, 0x3a, 0x20, 0x31, 0x32, 0x70, 
	0x78, 0x3b, 0xd, 0xa, 0x20, 0x20, 0x63, 0x6f, 0x6c, 0x6f, 
	0x72, 0x3a, 0x20, 0x76, 0x61, 0x72, 0x28, 0x2d, 0x2d, 0x6d, 
	0x75, 0x74, 0x65, 0x64, 0x29, 0x3b, 0xd, 0xa, 0xd, 0xa, 
	0x20, 0x20, 0x62, 0x6f, 0x72, 0x64, 0x65, 0x72, 0x3a, 0x20, 
	0x31, 0x70, 0x78, 0x20, 0x73, 0x6f, 0x6c, 0x69, 0x64, 0x20, 
	0x72, 0x67, 0x62, 0x61, 0x28, 0x32, 0x35, 0x35, 0x2c, 0x32, 
	0x35, 0x35, 0x2c, 0x32, 0x35, 0x35, 0x2c, 0x30, 0x2e, 0x31, 
	0x30, 0x29, 0x3b, 0xd, 0xa, 0x20, 0x20, 0x62, 0x61, 0x63, 
	0x6b, 0x67, 0x72, 0x6f, 0x75, 0x6e, 0x64, 0x3a, 0x20, 0x72, 
	0x67, 0x62, 0x61, 0x28, 0x31, 0x35, 0x2c, 0x20, 0x32, 0x33, 
	0x2c, 0x20, 0x35, 0x30, 0x2c, 0x20, 0x30, 0x2e, 0x35, 0x35, 
	0x29, 0x3b, 0xd, 0xa, 0xd, 0xa, 0x20, 0x20, 0x62, 0x6f, 
	0x72, 0x64, 0x65, 0x72, 0x2d, 0x72, 0x61, 0x64, 0x69, 0x75, 
	0x73, 0x3a, 0x20, 0x39, 0x39, 0x39, 0x70, 0x78, 0x3b, 0xd, 
	0xa, 0x20, 0x20, 0x70, 0x61, 0x64, 0x64, 0x69, 0x6e, 0x67, 
	0x3a, 0x20, 0x36, 0x70, 0x78, 0x20, 0x31, 0x30, 0x70, 0x78, 
	0x3b, 0xd, 0xa, 0x7d, 0xd, 0xa, 0xd, 0xa, 0xd, 0xa, 
	0x2f, 0x2a, 0x20, 0x3d, 0x3d, 0x3d, 0x3d, 0x3d, 0x3d, 0x3d, 
	0x3d, 0x3d, 0x3d, 0x3d, 0x3d, 0x3d, 0x3d, 0x3d, 0x3d, 0x3d, 
	0x3d, 0x3d, 0x3d, 0x3d, 0x3d, 0x3d, 0x3d, 0x3d, 0x3d, 0x3d, 
	0x3d, 0x3d, 0x3d, 0x3d, 0x3d, 0x3d, 0x3d, 0x3d, 0x3d, 0x3d, 
	0x3d, 0x3d, 0x3d, 0x3d, 0x3d, 0x3d, 0x3d, 0x3d, 0x3d, 0x3d, 
	0x3d, 0x3d, 0x3d, 0x3d, 0x3d, 0x3d, 0x3d, 0x3d, 0x3d, 0x3d, 
	0xd, 0xa, 0x20, 0x20, 0x20, 0x46, 0x6f, 0x72, 0x6d, 0x20, 
	0x6c, 0x61, 0x79, 0x6f, 0x75, 0x74, 0xd, 0xa, 0x20, 0x20, 
	0x20, 0x3d, 0x3d, 0x3d, 0x3d, 0x3d, 0x3d, 0x3d, 0x3d, 0x3d, 
	0x3d, 0x3d, 0x3d, 0x3d, 0x3d, 0x3d, 0x3d, 0x3d, 0x3d, 0x3d, 
	0x3d, 0x3d, 0x3d, 0x3d, 0x3d, 0x3d, 0x3d, 0x3d, 0x3d, 0x3d, 
	0x3d, 0x3d, 0x3d, 0x3d, 0x3d, 0x3d, 0x3d, 0x3d, 0x3d, 0x3d, 
	0x3d, 0x3d, 0x3d, 0x3d, 0x3d, 0x3d, 0x3d, 0x3d, 0x3d, 0x3d, 
	0x3d, 0x3d, 0x3d, 0x3d, 0x3d, 0x3d, 0x3d, 0x3d, 0x20, 0x2a, 
	0x2f, 0xd, 0xa, 0xd, 0xa, 0x2f, 0x2a, 0x2a, 0xd, 0xa, 
	0x20, 0x2a, 0x20, 0x53, 0x74, 0x61, 0x63, 0x6b, 0x65, 0x64, 
	0x20, 0x66, 0x6f, 0x72, 0x6d, 0x20, 0x6c, 0x61, 0x79, 0x6f, 
	0x75, 0x74, 0x20, 0x77, 0x69, 0x74, 0x68, 0x20, 0x63, 0x6f, 
	0x6e, 0x73, 0x69, 0x73, 0x74, 0x65, 0x6e, 0x74, 0x20, 0x76, 
	0x65, 0x72, 0x74, 0x69, 0x63, 0x61, 0x6c, 0x20, 0x73, 0x70, 
	0x61, 0x63, 0x69, 0x6e, 0x67, 0x2e, 0xd, 0xa, 0x20, 0x2a, 
	0x2f, 0xd, 0xa, 0x2e, 0x66, 0x6f, 0x72, 0x6d, 0x7b, 0xd, 
	0xa, 0x20, 0x20, 0x64, 0x69, 0x73, 0x70, 0x6c, 0x61, 0x79, 
	0x3a, 0x20, 0x66, 0x6c, 0x65, 0x78, 0x3b, 0xd, 0xa, 0x20, 
	0x20, 0x66, 0x6c, 0x65, 0x78, 0x2d, 0x64, 0x69, 0x72, 0x65, 
	0x63, 0x74, 0x69, 0x6f, 0x6e, 0x3a, 0x20, 0x63, 0x6f, 0x6c, 
	0x75, 0x6d, 0x6e, 0x3b, 0xd, 0xa, 0x20, 0x20, 0x67, 0x61, 
	0x70, 0x3a, 0x20, 0x31, 0x32, 0x70, 0x78, 0x3b, 0xd, 0xa, 
	0x7d, 0xd, 0xa, 0xd, 0xa, 0x2f, 0x2a, 0x2a, 0xd, 0xa, 
	0x20, 0x2a, 0x20, 0x46, 0x69, 0x65, 0x6c, 0x64, 0x20, 0x77, 
	0x72, 0x61, 0x70, 0x70, 0x65, 0x72, 0x3a, 0x20, 0x6c, 0x61, 
	0x62, 0x65, 0x6c, 0x20, 0x74, 0x65, 0x78, 0x74, 0x20, 0x2b, 
	0x20, 0x69, 0x6e, 0x70, 0x75, 0x74, 0x2e, 0xd, 0xa, 0x20, 
	0x2a, 0x2f, 0xd, 0xa, 0x2e, 0x66, 0x69, 0x65, 0x6c, 0x64, 
	0x7b, 0xd, 0xa, 0x20, 0x20, 0x64, 0x69, 0x73, 0x70, 0x6c, 
	0x61, 0x79, 0x3a, 0x20, 0x66, 0x6c, 0x65, 0x78, 0x3b, 0xd, 
	0xa, 0x20, 0x20, 0x66, 0x6c, 0x65, 0x78, 0x2d, 0x64, 0x69, 
	0x72, 0x65, 0x63, 0x74, 0x69, 0x6f, 0x6e, 0x3a, 0x20, 0x63, 
	0x6f, 0x6c, 0x75, 0x6d, 0x6e, 0x3b, 0xd, 0xa, 0x20, 0x20, 
	0x67, 0x61, 0x70, 0x3a, 0x20, 0x36, 0x70, 0x78, 0x3b, 0xd, 
	0xa, 0x7d, 0xd, 0xa, 0xd, 0xa, 0x2e, 0x66, 0x69, 0x65, 
	0x6c, 0x64, 0x20, 0x73, 0x70, 0x61, 0x6e, 0x7b, 0xd, 0xa, 
	0x20, 0x20, 0x63, 0x6f, 0x6c, 0x6f, 0x72, 0x3a, 0x20, 0x76, 
	0x61, 0x72, 0x28, 0x2d, 0x2d, 0x6d, 0x75, 0x74, 0x65, 0x64, 
	0x29, 0x3b, 0xd, 0xa, 0x20, 0x20, 0x66, 0x6f, 0x6e, 0x74, 
	0x2d, 0x73, 0x69, 0x7a, 0x65, 0x3a, 0x20, 0x31, 0x33, 0x70, 
	0x78, 0x3b, 0xd, 0xa, 0x7d, 0xd, 0xa, 0xd, 0xa, 0x2f, 
	0x2a, 0x2a, 0xd, 0xa, 0x20, 0x2a, 0x20, 0x49, 0x6e, 0x70, 
	0x75, 0x74, 0x20, 0x73, 0x74, 0x79, 0x6c, 0x69, 0x6e, 0x67, 
	0x20, 0x77, 0x69, 0x74, 0x68, 0x20, 0x73, 0x75, 0x62, 0x74, 
	0x6c, 0x65, 0x20, 0x66, 0x6f, 0x63, 0x75, 0x73, 0x20, 0x72, 
	0x69, 0x6e, 0x67, 0x2e, 0xd, 0xa, 0x20, 0x2a, 0x20, 0x54, 
	0x72, 0x61, 0x6e, 0x73, 0x69, 0x74, 0x69, 0x6f, 0x6e, 0x20, 
	0x6b, 0x65, 0x70, 0x74, 0x20, 0x6c, 0x69, 0x67, 0x68, 0x74, 
	0x77, 0x65, 0x69, 0x67, 0x68, 0x74, 0x20, 0x66, 0x6f, 0x72, 
	0x20, 0x65, 0x6d, 0x62, 0x65, 0x64, 0x64, 0x65, 0x64, 0x2d, 
	0x64, 0x65, 0x76, 0x69, 0x63, 0x65, 0x20, 0x55, 0x49, 0x73, 
	0x2e, 0xd, 0xa, 0x20, 0x2a, 0x2f, 0xd, 0xa, 0x2e, 0x69, 
	0x6e, 0x70, 0x75, 0x74, 0x7b, 0xd, 0xa, 0x20, 0x20, 0x77, 
	0x69, 0x64, 0x74, 0x68, 0x3a, 0x20, 0x31, 0x30, 0x30, 0x25, 
	0x3b, 0xd, 0xa, 0x20, 0x20, 0x70, 0x61, 0x64, 0x64, 0x69, 
	0x6e, 0x67, 0x3a, 0x20, 0x31, 0x32, 0x70, 0x78, 0x20, 0x31, 
	0x34, 0x70, 0x78, 0x3b, 0xd, 0xa, 0xd, 0xa, 0x20, 0x20, 
	0x62, 0x6f, 0x72, 0x64, 0x65, 0x72, 0x2d, 0x72, 0x61, 0x64, 
	0x69, 0x75, 0x73, 0x3a, 0x20, 0x31, 0x34, 0x70, 0x78, 0x3b, 
	0xd, 0xa, 0x20, 0x20, 0x62, 0x6f, 0x72, 0x64, 0x65, 0x72, 
	0x3a, 0x20, 0x31, 0x70, 0x78, 0x20, 0x73, 0x6f, 0x6c, 0x69, 
	0x64, 0x20, 0x72, 0x67, 0x62, 0x61, 0x28, 0x32, 0x35, 0x35, 
	0x2c, 0x32, 0x35, 0x35, 0x2c, 0x32, 0x35, 0x35, 0x2c, 0x30, 
	0x2e, 0x31, 0x30, 0x29, 0x3b, 0xd, 0xa, 0x20, 0x20, 0x62, 
	0x61, 0x63, 0x6b, 0x67, 0x72, 0x6f, 0x75, 0x6e, 0x64, 0x3a, 
	0x20, 0x72, 0x67, 0x62, 0x61, 0x28, 0x31, 0x35, 0x2c, 0x20, 
	0x32, 0x33, 0x2c, 0x20, 0x35, 0x30, 0x2c, 0x20, 0x30, 0x2e, 
	0x35, 0x35, 0x29, 0x3b, 0xd, 0xa, 0x20, 0x20, 0x63, 0x6f, 
	0x6c, 0x6f, 0x72, 0x3a, 0x20, 0x76, 0x61, 0x72, 0x28, 0x2d, 
	0x2d, 0x74, 0x65, 0x78, 0x74, 0x29, 0x3b, 0xd, 0xa, 0xd, 
	0xa, 0x20, 0x20, 0x6f, 0x75, 0x74, 0x6c, 0x69, 0x6e, 0x65, 
	0x3a, 0x20, 0x6e, 0x6f, 0x6e, 0x65, 0x3b, 0xd, 0xa, 0x20, 
	0x20, 0x74, 0x72, 0x61, 0x6e, 0x73, 0x69, 0x74, 0x69, 0x6f, 
	0x6e, 0x3a, 0x20, 0x62, 0x6f, 0x72, 0x64, 0x65, 0x72, 0x2d, 
	0x63, 0x6f, 0x6c, 0x6f, 0x72, 0x20, 0x2e, 0x32, 0x73, 0x20, 
	0x65, 0x61, 0x73, 0x65, 0x2c, 0x20, 0x62, 0x6f, 0x78, 0x2d, 
	0x73, 0x68, 0x61, 0x64, 0x6f, 0x77, 0x20, 0x2e, 0x32, 0x73, 
	0x20, 0x65, 0x61, 0x73, 0x65, 0x3b, 0xd, 0xa, 0x7d, 0xd, 
	0xa, 0xd, 0xa, 0x2e, 0x69, 0x6e, 0x70, 0x75, 0x74, 0x3a, 
	0x3a, 0x70, 0x6c, 0x61, 0x63, 0x65, 0x68, 0x6f, 0x6c, 0x64, 
	0x65, 0x72, 0x7b, 0xd, 0xa, 0x20, 0x20, 0x63, 0x6f, 0x6c, 
	0x6f, 0x72, 0x3a, 0x20, 0x72, 0x67, 0x62, 0x61, 0x28, 0x31, 
	0x37, 0x34, 0x2c, 0x31, 0x38, 0x33, 0x2c, 0x32, 0x33, 0x30, 
	0x2c, 0x30, 0x2e, 0x36, 0x35, 0x29, 0x3b, 0xd, 0xa, 0x7d, 
	0xd, 0xa, 0xd, 0xa, 0x2e, 0x69, 0x6e, 0x70, 0x75, 0x74, 
	0x3a, 0x66, 0x6f, 0x63, 0x75, 0x73, 0x7b, 0xd, 0xa, 0x20, 
	0x20, 0x62, 0x6f, 0x72, 0x64, 0x65, 0x72, 0x2d, 0x63, 0x6f, 
	0x6c, 0x6f, 0x72, 0x3a, 0x20, 0x72, 0x67, 0x62, 0x61, 0x28, 
	0x35, 0x38, 0x2c, 0x31, 0x30, 0x33, 0x2c, 0x32, 0x35, 0x35, 
	0x2c, 0x30, 0x2e, 0x36, 0x35, 0x29, 0x3b, 0xd, 0xa, 0x20, 
	0x20, 0x62, 0x6f, 0x78, 0x2d, 0x73, 0x68, 0x61, 0x64, 0x6f, 
	0x77, 0x3a, 0x20, 0x30, 0x20, 0x30, 0x20, 0x30, 0x20, 0x32, 
	0x70, 0x78, 0x20, 0x72, 0x67, 0x62, 0x61, 0x28, 0x35, 0x38, 
	0x2c, 0x31, 0x30, 0x33, 0x2c, 0x32, 0x35, 0x35, 0x2c, 0x30, 
	0x2e, 0x31, 0x38, 0x29, 0x3b, 0xd, 0xa, 0x7d, 0xd, 0xa, 
	0xd, 0xa, 0xd, 0xa, 0x2f, 0x2a, 0x20, 0x3d, 0x3d, 0x3d, 
	0x3d, 0x3d, 0x3d, 0x3d, 0x3d, 0x3d, 0x3d, 0x3d, 0x3d, 0x3d, 
	0x3d, 0x3d, 0x3d, 0x3d, 0x3d, 0x3d, 0x3d, 0x3d, 0x3d, 0x3d, 
	0x3d, 0x3d, 0x3d, 0x3d, 0x3d, 0x3d, 0x3d, 0x3d, 0x3d, 0x3d, 
	0x3d, 0x3d, 0x3d, 0x3d, 0x3d, 0x3d, 0x3d, 0x3d, 0x3d, 0x3d, 
	0x3d, 0x3d, 0x3d, 0x3d, 0x3d, 0x3d, 0x3d, 0x3d, 0x3d, 0x3d, 
	0x3d, 0x3d, 0x3d, 0x3d, 0xd, 0xa, 0x20, 0x20, 0x20, 0x42, 
	0x75, 0x74, 0x74, 0x6f, 0x6e, 0x73, 0xd, 0xa, 0x20, 0x20, 
	0x20, 0x3d, 0x3d, 0x3d, 0x3d, 0x3d, 0x3d, 0x3d, 0x3d, 0x3d, 
	0x3d, 0x3d, 0x3d, 0x3d, 0x3d, 0x3d, 0x3d, 0x3d, 0x3d, 0x3d, 
	0x3d, 0x3d, 0x3d, 0x3d, 0x3d, 0x3d, 0x3d, 0x3d, 0x3d, 0x3d, 
	0x3d, 0x3d, 0x3d, 0x3d, 0x3d, 0x3d, 0x3d, 0x3d, 0x3d, 0x3d, 
	0x3d, 0x3d, 0x3d, 0x3d, 0x3d, 0x3d, 0x3d, 0x3d, 0x3d, 0x3d, 
	0x3d, 0x3d, 0x3d, 0x3d, 0x3d, 0x3d, 0x3d, 0x3d, 0x20, 0x2a, 
	0x2f, 0xd, 0xa, 0xd, 0xa, 0x2f, 0x2a, 0x2a, 0xd, 0xa, 
	0x20, 0x2a, 0x20, 0x52, 0x69, 0x67, 0x68, 0x74, 0x2d, 0x61, 
	0x6c, 0x69, 0x67, 0x6e, 0x65, 0x64, 0x20, 0x61, 0x63, 0x74, 
	0x69, 0x6f, 0x6e, 0x20, 0x72, 0x6f, 0x77, 0x20, 0x69, 0x6e, 
	0x73, 0x69, 0x64, 0x65, 0x20, 0x61, 0x20, 0x63, 0x61, 0x72, 
	0x64, 0x2e, 0xd, 0xa, 0x20, 0x2a, 0x2f, 0xd, 0xa, 0x2e, 
	0x61, 0x63, 0x74, 0x69, 0x6f, 0x6e, 0x73, 0x7b, 0xd, 0xa, 
	0x20, 0x20, 0x64, 0x69, 0x73, 0x70, 0x6c, 0x61, 0x79, 0x3a, 
	0x20, 0x66, 0x6c, 0x65, 0x78, 0x3b, 0xd, 0xa, 0x20, 0x20, 
	0x6a, 0x75, 0x73, 0x74, 0x69, 0x66, 0x79, 0x2d, 0x63, 0x6f, 
	0x6e, 0x74, 0x65, 0x6e, 0x74, 0x3a, 0x20, 0x66, 0x6c, 0x65, 
	0x78, 0x2d, 0x65, 0x6e, 0x64, 0x3b, 0xd, 0xa, 0x20, 0x20, 
	0x67, 0x61, 0x70, 0x3a, 0x20, 0x31, 0x30, 0x70, 0x78, 0x3b, 
	0xd, 0xa, 0x20, 0x20, 0x6d, 0x61, 0x72, 0x67, 0x69, 0x6e, 
	0x2d, 0x74, 0x6f, 0x70, 0x3a, 0x20, 0x36, 0x70, 0x78, 0x3b, 
	0xd, 0xa, 0x7d, 0xd, 0xa, 0xd, 0xa, 0x2f, 0x2a, 0x2a, 
	0xd, 0xa, 0x20, 0x2a, 0x20, 0x50, 0x72, 0x69, 0x6d, 0x61, 
	0x72, 0x79, 0x20, 0x62, 0x75, 0x74, 0x74, 0x6f, 0x6e, 0x2e, 
	0xd, 0xa, 0x20, 0x2a, 0x20, 0x47, 0x72, 0x61, 0x64, 0x69, 
	0x65, 0x6e, 0x74, 0x20, 0x65, 0x6d, 0x70, 0x68, 0x61, 0x73, 
	0x69, 0x7a, 0x65, 0x73, 0x20, 0x74, 0x68, 0x65, 0x20, 0x70, 
	0x72, 0x69, 0x6d, 0x61, 0x72, 0x79, 0x20, 0x61, 0x63, 0x74, 
	0x69, 0x6f, 0x6e, 0x20, 0x28, 0x22, 0x53, 0x61, 0x76, 0x65, 
	0x22, 0x29, 0x2e, 0xd, 0xa, 0x20, 0x2a, 0x2f, 0xd, 0xa, 
	0x2e, 0x62, 0x74, 0x6e, 0x7b, 0xd, 0xa, 0x20, 0x20, 0x68, 
	0x65, 0x69, 0x67, 0x68, 0x74, 0x3a, 0x20, 0x34, 0x30, 0x70, 
	0x78, 0x3b, 0xd, 0xa, 0x20, 0x20, 0x70, 0x61, 0x64, 0x64, 
	0x69, 0x6e, 0x67, 0x3a, 0x20, 0x30, 0x20, 0x31, 0x36, 0x70, 
	0x78, 0x3b, 0xd, 0xa, 0xd, 0xa, 0x20, 0x20, 0x62, 0x6f, 
	0x72, 0x64, 0x65, 0x72, 0x2d, 0x72, 0x61, 0x64, 0x69, 0x75, 
	0x73, 0x3a, 0x20, 0x39, 0x39, 0x39, 0x70, 0x78, 0x3b, 0xd, 
	0xa, 0x20, 0x20, 0x62, 0x6f, 0x72, 0x64, 0x65, 0x72, 0x3a, 
	0x20, 0x31, 0x70, 0x78, 0x20, 0x73, 0x6f, 0x6c, 0x69, 0x64, 
	0x20, 0x72, 0x67, 0x62, 0x61, 0x28, 0x32, 0x35, 0x35, 0x2c, 
	0x32, 0x35, 0x35, 0x2c, 0x32, 0x35, 0x35, 0x2c, 0x30, 0x2e, 
	0x31, 0x34, 0x29, 0x3b, 0xd, 0xa, 0xd, 0xa, 0x20, 0x20, 
	0x63, 0x6f, 0x6c, 0x6f, 0x72, 0x3a, 0x20, 0x23, 0x66, 0x66, 
	0x66, 0x3b, 0xd, 0xa, 0x20, 0x20, 0x62, 0x61, 0x63, 0x6b, 
	0x67, 0x72, 0x6f, 0x75, 0x6e, 0x64, 0x3a, 0x20, 0x6c, 0x69, 
	0x6e, 0x65, 0x61, 0x72, 0x2d, 0x67, 0x72, 0x61, 0x64, 0x69, 
	0x65, 0x6e, 0x74, 0x28, 0x31, 0x33, 0x35, 0x64, 0x65, 0x67, 
	0x2c, 0x20, 0x72, 0x67, 0x62, 0x61, 0x28, 0x35, 0x38, 0x2c, 
	0x31, 0x30, 0x33, 0x2c, 0x32, 0x35, 0x35, 0x2c, 0x30, 0x2e, 
	0x38, 0x35, 0x29, 0x2c, 0x20, 0x72, 0x67, 0x62, 0x61, 0x28, 
	0x32, 0x30, 0x2c, 0x32, 0x34, 0x30, 0x2c, 0x32, 0x35, 0x35, 
	0x2c, 0x30, 0x2e, 0x35, 0x35, 0x29, 0x29, 0x3b, 0xd, 0xa, 
	0xd, 0xa, 0x20, 0x20, 0x63, 0x75, 0x72, 0x73, 0x6f, 0x72, 
	0x3a, 0x20, 0x70, 0x6f, 0x69, 0x6e, 0x74, 0x65, 0x72, 0x3b, 
	0xd, 0xa, 0x20, 0x20, 0x66, 0x6f, 0x6e, 0x74, 0x2d, 0x77, 
	0x65, 0x69, 0x67, 0x68, 0x74, 0x3a, 0x20, 0x37, 0x35, 0x30, 
	0x3b, 0xd, 0xa, 0x20, 0x20, 0x6c, 0x65, 0x74, 0x74, 0x65, 
	0x72, 0x2d, 0x73, 0x70, 0x61, 0x63, 0x69, 0x6e, 0x67, 0x3a, 
	0x20, 0x2e, 0x32, 0x70, 0x78, 0x3b, 0xd, 0xa, 0xd, 0xa, 
	0x20, 0x20, 0x74, 0x72, 0x61, 0x6e, 0x73, 0x69, 0x74, 0x69, 
	0x6f, 0x6e, 0x3a, 0x20, 0x74, 0x72, 0x61, 0x6e, 0x73, 0x66, 
	0x6f, 0x72, 0x6d, 0x20, 0x2e, 0x31, 0x32, 0x73, 0x20, 0x65, 
	0x61, 0x73, 0x65, 0x2c, 0x20, 0x66, 0x69, 0x6c, 0x74, 0x65, 
	0x72, 0x20, 0x2e, 0x32, 0x73, 0x20, 0x65, 0x61, 0x73, 0x65, 
	0x2c, 0x20, 0x62, 0x6f, 0x78, 0x2d, 0x73, 0x68, 0x61, 0x64, 
	0x6f, 0x77, 0x20, 0x2e, 0x32, 0x73, 0x20, 0x65, 0x61, 0x73, 
	0x65, 0x3b, 0xd, 0xa, 0x7d, 0xd, 0xa, 0xd, 0xa, 0x2e, 
	0x62, 0x74, 0x6e, 0x3a, 0x68, 0x6f, 0x76, 0x65, 0x72, 0x7b, 
	0xd, 0xa, 0x20, 0x20, 0x66, 0x69, 0x6c, 0x74, 0x65, 0x72, 
	0x3a, 0x20, 0x62, 0x72, 0x69, 0x67, 0x68, 0x74, 0x6e, 0x65, 
	0x73, 0x73, 0x28, 0x31, 0x2e, 0x30, 0x38, 0x29, 0x3b, 0xd, 
	0xa, 0x20, 0x20, 0x62, 0x6f, 0x78, 0x2d, 0x73, 0x68, 0x61, 
	0x64, 0x6f, 0x77, 0x3a, 0x20, 0x30, 0x20, 0x31, 0x34, 0x70, 
	0x78, 0x20, 0x34, 0x30, 0x70, 0x78, 0x20, 0x72, 0x67, 0x62, 
	0x61, 0x28, 0x30, 0x2c, 0x30, 0x2c, 0x30, 0x2c, 0x30, 0x2e, 
	0x34, 0x35, 0x29, 0x3b, 0xd, 0xa, 0x20, 0x20, 0x74, 0x72, 
	0x61, 0x6e, 0x73, 0x66, 0x6f, 0x72, 0x6d, 0x3a, 0x20, 0x74, 
	0x72, 0x61, 0x6e, 0x73, 0x6c, 0x61, 0x74, 0x65, 0x59, 0x28, 
	0x2d, 0x31, 0x70, 0x78, 0x29, 0x3b, 0xd, 0xa, 0x7d, 0xd, 
	0xa, 0xd, 0xa, 0x2e, 0x62, 0x74, 0x6e, 0x3a, 0x61, 0x63, 
	0x74, 0x69, 0x76, 0x65, 0x7b, 0xd, 0xa, 0x20, 0x20, 0x74, 
	0x72, 0x61, 0x6e, 0x73, 0x66, 0x6f, 0x72, 0x6d, 0x3a, 0x20, 
	0x74, 0x72, 0x61, 0x6e, 0x73, 0x6c, 0x61, 0x74, 0x65, 0x59, 
	0x28, 0x30, 0x29, 0x3b, 0xd, 0xa, 0x7d, 0xd, 0xa, 0xd, 
	0xa, 0x2f, 0x2a, 0x2a, 0xd, 0xa, 0x20, 0x2a, 0x20, 0x53, 
	0x65, 0x63, 0x6f, 0x6e, 0x64, 0x61, 0x72, 0x79, 0x20, 0x22, 
	0x67, 0x68, 0x6f, 0x73, 0x74, 0x22, 0x20, 0x62, 0x75, 0x74, 
	0x74, 0x6f, 0x6e, 0x20, 0x75, 0x73, 0x65, 0x64, 0x20, 0x66, 
	0x6f, 0x72, 0x20, 0x22, 0x52, 0x65, 0x6c, 0x6f, 0x61, 0x64, 
	0x22, 0x2e, 0xd, 0xa, 0x20, 0x2a, 0x20, 0x53, 0x68, 0x61, 
	0x72, 0x65, 0x73, 0x20, 0x73, 0x69, 0x7a, 0x69, 0x6e, 0x67, 
	0x20, 0x77, 0x69, 0x74, 0x68, 0x20, 0x2e, 0x62, 0x74, 0x6e, 
	0x20, 0x62, 0x75, 0x74, 0x20, 0x72, 0x65, 0x64, 0x75, 0x63, 
	0x65, 0x73, 0x20, 0x76, 0x69, 0x73, 0x75, 0x61, 0x6c, 0x20, 
	0x70, 0x72, 0x69, 0x6f, 0x72, 0x69, 0x74, 0x79, 0x2e, 0xd, 
	0xa, 0x20, 0x2a, 0x2f, 0xd, 0xa, 0x2e, 0x62, 0x74, 0x6e, 
	0x2d, 0x67, 0x68, 0x6f, 0x73, 0x74, 0x7b, 0xd, 0xa, 0x20, 
	0x20, 0x62, 0x61, 0x63, 0x6b, 0x67, 0x72, 0x6f, 0x75, 0x6e, 
	0x64, 0x3a, 0x20, 0x72, 0x67, 0x62, 0x61, 0x28, 0x32, 0x35, 
	0x35, 0x2c, 0x32, 0x35, 0x35, 0x2c, 0x32, 0x35, 0x35, 0x2c, 
	0x30, 0x2e, 0x30, 0x34, 0x29, 0x3b, 0xd, 0xa, 0x20, 0x20, 
	0x62, 0x6f, 0x72, 0x64, 0x65, 0x72, 0x2d, 0x63, 0x6f, 0x6c, 
	0x6f, 0x72, 0x3a, 0x20, 0x72, 0x67, 0x62, 0x61, 0x28, 0x32, 
	0x35, 0x35, 0x2c, 0x32, 0x35, 0x35, 0x2c, 0x32, 0x35, 0x35, 
	0x2c, 0x30, 0x2e, 0x31, 0x32, 0x29, 0x3b, 0xd, 0xa, 0x20, 
	0x20, 0x63, 0x6f, 0x6c, 0x6f, 0x72, 0x3a, 0x20, 0x76, 0x61, 
	0x72, 0x28, 0x2d, 0x2d, 0x74, 0x65, 0x78, 0x74, 0x29, 0x3b, 
	0xd, 0xa, 0x7d, 0xd, 0xa, 0xd, 0xa, 0xd, 0xa, 0x2f, 
	0x2a, 0x20, 0x3d, 0x3d, 0x3d, 0x3d, 0x3d, 0x3d, 0x3d, 0x3d, 
	0x3d, 0x3d, 0x3d, 0x3d, 0x3d, 0x3d, 0x3d, 0x3d, 0x3d, 0x3d, 
	0x3d, 0x3d, 0x3d, 0x3d, 0x3d, 0x3d, 0x3d, 0x3d, 0x3d, 0x3d, 
	0x3d, 0x3d, 0x3d, 0x3d, 0x3d, 0x3d, 0x3d, 0x3d, 0x3d, 0x3d, 
	0x3d, 0x3d, 0x3d, 0x3d, 0x3d, 0x3d, 0x3d, 0x3d, 0x3d, 0x3d, 
	0x3d, 0x3d, 0x3d, 0x3d, 0x3d, 0x3d, 0x3d, 0x3d, 0x3d, 0xd, 
	0xa, 0x20, 0x20, 0x20, 0x49, 0x6e, 0x6c, 0x69, 0x6e, 0x65, 
	0x20, 0x73, 0x74, 0x61, 0x74, 0x75, 0x73, 0x20, 0x2f, 0x20, 
	0x66, 0x65, 0x65, 0x64, 0x62, 0x61, 0x63, 0x6b, 0x20, 0x74, 
	0x65, 0x78, 0x74, 0xd, 0xa, 0x20, 0x20, 0x20, 0x3d, 0x3d, 
	0x3d, 0x3d, 0x3d, 0x3d, 0x3d, 0x3d, 0x3d, 0x3d, 0x3d, 0x3d, 
	0x3d, 0x3d, 0x3d, 0x3d, 0x3d, 0x3d, 0x3d, 0x3d, 0x3d, 0x3d, 
	0x3d, 0x3d, 0x3d, 0x3d, 0x3d, 0x3d, 0x3d, 0x3d, 0x3d, 0x3d, 
	0x3d, 0x3d, 0x3d, 0x3d, 0x3d, 0x3d, 0x3d, 0x3d, 0x3d, 0x3d, 
	0x3d, 0x3d, 0x3d, 0x3d, 0x3d, 0x3d, 0x3d, 0x3d, 0x3d, 0x3d, 
	0x3d, 0x3d, 0x3d, 0x3d, 0x3d, 0x20, 0x2a, 0x2f, 0xd, 0xa, 
	0xd, 0xa, 0x2f, 0x2a, 0x2a, 0xd, 0xa, 0x20, 0x2a, 0x20, 
	0x48, 0x69, 0x6e, 0x74, 0x20, 0x61, 0x72, 0x65, 0x61, 0x20, 
	0x62, 0x65, 0x6c, 0x6f, 0x77, 0x20, 0x61, 0x63, 0x74, 0x69, 
	0x6f, 0x6e, 0x20, 0x62, 0x75, 0x74, 0x74, 0x6f, 0x6e, 0x73, 
	0x2e, 0xd, 0xa, 0x20, 0x2a, 0x20, 0x6d, 0x69, 0x6e, 0x2d, 
	0x68, 0x65, 0x69, 0x67, 0x68, 0x74, 0x20, 0x70, 0x72, 0x65, 
	0x76, 0x65, 0x6e, 0x74, 0x73, 0x20, 0x6c, 0x61, 0x79, 0x6f, 
	0x75, 0x74, 0x20, 0x6a, 0x75, 0x6d, 0x70, 0x20, 0x77, 0x68, 
	0x65, 0x6e, 0x20, 0x74, 0x65, 0x78, 0x74, 0x20, 0x61, 0x70, 
	0x70, 0x65, 0x61, 0x72, 0x73, 0x2f, 0x64, 0x69, 0x73, 0x61, 
	0x70, 0x70, 0x65, 0x61, 0x72, 0x73, 0x2e, 0xd, 0xa, 0x20, 
	0x2a, 0x2f, 0xd, 0xa, 0x2e, 0x68, 0x69, 0x6e, 0x74, 0x7b, 
	0xd, 0xa, 0x20, 0x20, 0x6d, 0x69, 0x6e, 0x2d, 0x68, 0x65, 
	0x69, 0x67, 0x68, 0x74, 0x3a, 0x20, 0x31, 0x38, 0x70, 0x78, 
	0x3b, 0xd, 0xa, 0x20, 0x20, 0x66, 0x6f, 0x6e, 0x74, 0x2d, 
	0x73, 0x69, 0x7a, 0x65, 0x3a, 0x20, 0x31, 0x32, 0x70, 0x78, 
	0x3b, 0xd, 0xa, 0x20, 0x20, 0x63, 0x6f, 0x6c, 0x6f, 0x72, 
	0x3a, 0x20, 0x76, 0x61, 0x72, 0x28, 0x2d, 0x2d, 0x6d, 0x75, 
	0x74, 0x65, 0x64, 0x29, 0x3b, 0xd, 0xa, 0x7d, };

const struct fsdata_file file__dashboard_js[] = {{NULL, data_dashboard_js, data_dashboard_js + 14, sizeof(data_dashboard_js) - 14, 1}};

const struct fsdata_file file__dashboard_shtml[] = {{file__dashboard_js, data_dashboard_shtml, data_dashboard_shtml + 17, sizeof(data_dashboard_shtml) - 17, 1}};

const struct fsdata_file file__login_js[] = {{file__dashboard_shtml, data_login_js, data_login_js + 10, sizeof(data_login_js) - 10, 1}};

const struct fsdata_file file__login_shtml[] = {{file__login_js, data_login_shtml, data_login_shtml + 13, sizeof(data_login_shtml) - 13, 1}};

const struct fsdata_file file__settings_js[] = {{file__login_shtml, data_settings_js, data_settings_js + 13, sizeof(data_settings_js) - 13, 1}};

const struct fsdata_file file__settings_shtml[] = {{file__settings_js, data_settings_shtml, data_settings_shtml + 16, sizeof(data_settings_shtml) - 16, 1}};

const struct fsdata_file file__style_css[] = {{file__settings_shtml, data_style_css, data_style_css + 11, sizeof(data_style_css) - 11, 1}};

const struct fsdata_file file__style_dashboard_css[] = {{file__style_css, data_style_dashboard_css, data_style_dashboard_css + 21, sizeof(data_style_dashboard_css) - 21, 1}};

const struct fsdata_file file__style_loginform_css[] = {{file__style_dashboard_css, data_style_loginform_css, data_style_loginform_css + 21, sizeof(data_style_loginform_css) - 21, 1}};

const struct fsdata_file file__style_navbar_css[] = {{file__style_loginform_css, data_style_navbar_css, data_style_navbar_css + 18, sizeof(data_style_navbar_css) - 18, 1}};

const struct fsdata_file file__style_settings_css[] = {{file__style_navbar_css, data_style_settings_css, data_style_settings_css + 20, sizeof(data_style_settings_css) - 20, 1}};

#define FS_ROOT file__style_settings_css

#define FS_NUMFILES 11
